{
"type": "FeatureCollection",
"name": "Heure_tranquille",
"crs": { "type": "name", "properties": { "name": "urn:ogc:def:crs:OGC:1.3:CRS84" } },
"features": [
{ "type": "Feature", "properties": { "id": "way/390130324", "@id": "way/390130324", "access": null, "addr:city": null, "addr:housenumber": null, "addr:postcode": null, "addr:street": null, "amenity": null, "atm": null, "backrest": null, "beauty": null, "bicycle_parking": null, "bicycle_rental": null, "brand": "Monoprix", "brand:email": null, "brand:facebook": null, "brand:instagram": null, "brand:website": null, "brand:wikidata": "Q3321241", "brand:wikipedia": null, "brewery": null, "building": null, "building:levels": null, "building:min_level": null, "capacity": null, "capacity:delivery": null, "capacity:disabled": null, "changing_table": null, "changing_table:location": null, "check_date": null, "check_date:capacity": null, "check_date:opening_hours": null, "check_date:panoramax": "2025-06-14", "clothes": null, "collection_times": null, "contact:city": "Tours", "contact:facebook": null, "contact:housenumber": "59", "contact:instagram": null, "contact:phone": null, "contact:postcode": "37200", "contact:street": "Marcel Mérieux", "contact:website": null, "covered": null, "cuisine": null, "currency:EUR": null, "delivery": null, "delivery:partner": null, "delivery_hours": null, "description": null, "diet:vegetarian": null, "disabled": null, "disused:shop": null, "drinking_water": null, "email": null, "entrance": null, "fee": null, "female": null, "fixme": null, "indoor": "room", "indoor_seating": null, "internet_access": null, "layer": null, "level": "0;1", "male": null, "maxheight": null, "microbrewery": null, "mobile": null, "name": "Monoprix", "network": null, "network:wikidata": null, "network:wikipedia": null, "not:brand:wikidata": null, "note": null, "old_name": null, "old_name:-2023": null, "old_name:-2025": null, "opening_hours": "Mo-Sa 09:00-20:00", "operator": null, "operator:type": null, "operator:wikidata": null, "operator:wikipedia": null, "orientation": null, "outdoor_seating": null, "panoramax": "ab16744a-e93e-47d2-affd-3b03d3f27895", "park_ride": null, "parking": null, "parking_space": null, "payment:coins": null, "payment:credit_cards": null, "phone": "+33 2 47 74 55 50", "post_box:type": null, "ref": "55", "ref:FR:SIRET": "55208329702693", "ref:UAI": null, "room": "shop", "shop": "supermarket", "short_name": null, "source": null, "source:opening_hours": "website", "start_date": null, "takeaway": null, "vending": null, "was:name": null, "website": "https://www.monoprix.fr/1363.html", "website:menu": null, "wheelchair": null, "wikidata": null }, "geometry": { "type": "Point", "coordinates": [ 0.676871857610378, 47.36660285 ] } },
{ "type": "Feature", "properties": { "id": "way/390130329", "@id": "way/390130329", "access": null, "addr:city": null, "addr:housenumber": null, "addr:postcode": null, "addr:street": null, "amenity": null, "atm": null, "backrest": null, "beauty": null, "bicycle_parking": null, "bicycle_rental": null, "brand": null, "brand:email": null, "brand:facebook": null, "brand:instagram": null, "brand:website": null, "brand:wikidata": null, "brand:wikipedia": null, "brewery": null, "building": null, "building:levels": null, "building:min_level": null, "capacity": null, "capacity:delivery": null, "capacity:disabled": null, "changing_table": null, "changing_table:location": null, "check_date": null, "check_date:capacity": null, "check_date:opening_hours": null, "check_date:panoramax": "2025-06-14", "clothes": null, "collection_times": null, "contact:city": "Tours", "contact:facebook": null, "contact:housenumber": "59", "contact:instagram": null, "contact:phone": null, "contact:postcode": "37200", "contact:street": "Marcel Mérieux", "contact:website": null, "covered": null, "cuisine": null, "currency:EUR": null, "delivery": null, "delivery:partner": null, "delivery_hours": null, "description": null, "diet:vegetarian": null, "disabled": null, "disused:shop": null, "drinking_water": null, "email": null, "entrance": null, "fee": null, "female": null, "fixme": null, "indoor": "room", "indoor_seating": null, "internet_access": null, "layer": null, "level": "0", "male": null, "maxheight": null, "microbrewery": null, "mobile": null, "name": "Lolly's", "network": null, "network:wikidata": null, "network:wikipedia": null, "not:brand:wikidata": null, "note": null, "old_name": null, "old_name:-2023": null, "old_name:-2025": null, "opening_hours": null, "operator": null, "operator:type": null, "operator:wikidata": null, "operator:wikipedia": null, "orientation": null, "outdoor_seating": null, "panoramax": "47857315-81ae-4aa3-86f8-d0466c1c1acf", "park_ride": null, "parking": null, "parking_space": null, "payment:coins": null, "payment:credit_cards": null, "phone": null, "post_box:type": null, "ref": "53", "ref:FR:SIRET": "82309718300094", "ref:UAI": null, "room": "shop", "shop": "confectionery", "short_name": null, "source": "INSEE - 2022-08", "source:opening_hours": null, "start_date": null, "takeaway": null, "vending": null, "was:name": null, "website": null, "website:menu": null, "wheelchair": null, "wikidata": null }, "geometry": { "type": "Point", "coordinates": [ 0.677135070583379, 47.36643795 ] } },
{ "type": "Feature", "properties": { "id": "way/390130330", "@id": "way/390130330", "access": null, "addr:city": null, "addr:housenumber": null, "addr:postcode": null, "addr:street": null, "amenity": "fast_food", "atm": null, "backrest": null, "beauty": null, "bicycle_parking": null, "bicycle_rental": null, "brand": null, "brand:email": null, "brand:facebook": null, "brand:instagram": null, "brand:website": null, "brand:wikidata": null, "brand:wikipedia": null, "brewery": null, "building": null, "building:levels": null, "building:min_level": null, "capacity": null, "capacity:delivery": null, "capacity:disabled": null, "changing_table": null, "changing_table:location": null, "check_date": null, "check_date:capacity": null, "check_date:opening_hours": null, "check_date:panoramax": "2025-06-14", "clothes": null, "collection_times": null, "contact:city": "Tours", "contact:facebook": null, "contact:housenumber": "59", "contact:instagram": null, "contact:phone": null, "contact:postcode": "37200", "contact:street": "Marcel Mérieux", "contact:website": null, "covered": null, "cuisine": null, "currency:EUR": null, "delivery": null, "delivery:partner": null, "delivery_hours": null, "description": null, "diet:vegetarian": null, "disabled": null, "disused:shop": null, "drinking_water": null, "email": null, "entrance": null, "fee": null, "female": null, "fixme": null, "indoor": "room", "indoor_seating": null, "internet_access": null, "layer": null, "level": "0", "male": null, "maxheight": null, "microbrewery": null, "mobile": null, "name": "La Fabrique à Cookies", "network": null, "network:wikidata": null, "network:wikipedia": null, "not:brand:wikidata": null, "note": null, "old_name": null, "old_name:-2023": null, "old_name:-2025": null, "opening_hours": "Mo-Sa 10:00-20:00", "operator": null, "operator:type": null, "operator:wikidata": null, "operator:wikipedia": null, "orientation": null, "outdoor_seating": null, "panoramax": "b365ea95-4e22-47e3-90a2-a36aaf584b2c", "park_ride": null, "parking": null, "parking_space": null, "payment:coins": null, "payment:credit_cards": null, "phone": null, "post_box:type": null, "ref": "40", "ref:FR:SIRET": "92981696500032", "ref:UAI": null, "room": "shop", "shop": null, "short_name": null, "source": null, "source:opening_hours": "website", "start_date": null, "takeaway": null, "vending": null, "was:name": null, "website": "https://lafabrique-cookies.fr/fr/magasins/37-tours-l-heure-tranquille", "website:menu": null, "wheelchair": null, "wikidata": null }, "geometry": { "type": "Point", "coordinates": [ 0.679257563534768, 47.36626505 ] } },
{ "type": "Feature", "properties": { "id": "way/390130333", "@id": "way/390130333", "access": null, "addr:city": null, "addr:housenumber": null, "addr:postcode": null, "addr:street": null, "amenity": null, "atm": null, "backrest": null, "beauty": null, "bicycle_parking": null, "bicycle_rental": null, "brand": null, "brand:email": null, "brand:facebook": null, "brand:instagram": null, "brand:website": null, "brand:wikidata": null, "brand:wikipedia": null, "brewery": null, "building": null, "building:levels": null, "building:min_level": null, "capacity": null, "capacity:delivery": null, "capacity:disabled": null, "changing_table": null, "changing_table:location": null, "check_date": null, "check_date:capacity": null, "check_date:opening_hours": null, "check_date:panoramax": "2025-06-14", "clothes": null, "collection_times": null, "contact:city": "Tours", "contact:facebook": null, "contact:housenumber": "59", "contact:instagram": null, "contact:phone": null, "contact:postcode": "37200", "contact:street": "Marcel Mérieux", "contact:website": null, "covered": null, "cuisine": null, "currency:EUR": null, "delivery": null, "delivery:partner": null, "delivery_hours": null, "description": null, "diet:vegetarian": null, "disabled": null, "disused:shop": null, "drinking_water": null, "email": "tours.centre@muymucho.fr", "entrance": null, "fee": null, "female": null, "fixme": null, "indoor": "room", "indoor_seating": null, "internet_access": null, "layer": null, "level": "0", "male": null, "maxheight": null, "microbrewery": null, "mobile": null, "name": "muy mucho", "network": null, "network:wikidata": null, "network:wikipedia": null, "not:brand:wikidata": null, "note": null, "old_name": null, "old_name:-2023": null, "old_name:-2025": null, "opening_hours": null, "operator": null, "operator:type": null, "operator:wikidata": null, "operator:wikipedia": null, "orientation": null, "outdoor_seating": null, "panoramax": "1f0471f1-38b4-4e36-becc-9a7c41edd35a", "park_ride": null, "parking": null, "parking_space": null, "payment:coins": null, "payment:credit_cards": null, "phone": "+33 2 47 49 75 94", "post_box:type": null, "ref": "6", "ref:FR:SIRET": "84084450000065", "ref:UAI": null, "room": "shop", "shop": "interior_decoration", "short_name": null, "source": null, "source:opening_hours": null, "start_date": null, "takeaway": null, "vending": null, "was:name": null, "website": "https://lheuretranquille.com/fr/boutiques/muy_mucho", "website:menu": null, "wheelchair": null, "wikidata": null }, "geometry": { "type": "Point", "coordinates": [ 0.677135882550829, 47.3661166 ] } },
{ "type": "Feature", "properties": { "id": "way/390130334", "@id": "way/390130334", "access": null, "addr:city": null, "addr:housenumber": null, "addr:postcode": null, "addr:street": null, "amenity": null, "atm": null, "backrest": null, "beauty": null, "bicycle_parking": null, "bicycle_rental": null, "brand": null, "brand:email": null, "brand:facebook": null, "brand:instagram": null, "brand:website": null, "brand:wikidata": null, "brand:wikipedia": null, "brewery": null, "building": null, "building:levels": null, "building:min_level": null, "capacity": null, "capacity:delivery": null, "capacity:disabled": null, "changing_table": null, "changing_table:location": null, "check_date": "2023-12-16", "check_date:capacity": null, "check_date:opening_hours": null, "check_date:panoramax": "2025-06-14", "clothes": null, "collection_times": null, "contact:city": "Tours", "contact:facebook": "https://www.facebook.com/Vapyoo37/", "contact:housenumber": "59", "contact:instagram": null, "contact:phone": null, "contact:postcode": "37200", "contact:street": "Marcel Mérieux", "contact:website": null, "covered": null, "cuisine": null, "currency:EUR": null, "delivery": null, "delivery:partner": null, "delivery_hours": null, "description": null, "diet:vegetarian": null, "disabled": null, "disused:shop": null, "drinking_water": null, "email": "vapyoostore@gmail.com", "entrance": null, "fee": null, "female": null, "fixme": null, "indoor": "room", "indoor_seating": null, "internet_access": null, "layer": null, "level": "0", "male": null, "maxheight": null, "microbrewery": null, "mobile": null, "name": "Vap'yoo", "network": null, "network:wikidata": null, "network:wikipedia": null, "not:brand:wikidata": null, "note": null, "old_name": null, "old_name:-2023": null, "old_name:-2025": null, "opening_hours": "Mo-Sa 10:00-20:00", "operator": null, "operator:type": null, "operator:wikidata": null, "operator:wikipedia": null, "orientation": null, "outdoor_seating": null, "panoramax": "55f92994-d87f-4e80-bb49-9847e57c4893", "park_ride": null, "parking": null, "parking_space": null, "payment:coins": null, "payment:credit_cards": null, "phone": "+33 2 47 34 11 28", "post_box:type": null, "ref": "24", "ref:FR:SIRET": "84974214300027", "ref:UAI": null, "room": "shop", "shop": "e-cigarette", "short_name": null, "source": null, "source:opening_hours": "contact:facebook", "start_date": null, "takeaway": null, "vending": null, "was:name": null, "website": null, "website:menu": null, "wheelchair": null, "wikidata": null }, "geometry": { "type": "Point", "coordinates": [ 0.679841687872236, 47.36614305 ] } },
{ "type": "Feature", "properties": { "id": "way/390130337", "@id": "way/390130337", "access": null, "addr:city": null, "addr:housenumber": null, "addr:postcode": null, "addr:street": null, "amenity": null, "atm": null, "backrest": null, "beauty": null, "bicycle_parking": null, "bicycle_rental": null, "brand": null, "brand:email": null, "brand:facebook": null, "brand:instagram": null, "brand:website": null, "brand:wikidata": null, "brand:wikipedia": null, "brewery": null, "building": null, "building:levels": null, "building:min_level": null, "capacity": null, "capacity:delivery": null, "capacity:disabled": null, "changing_table": null, "changing_table:location": null, "check_date": null, "check_date:capacity": null, "check_date:opening_hours": "2026-01-11", "check_date:panoramax": null, "clothes": null, "collection_times": null, "contact:city": null, "contact:facebook": null, "contact:housenumber": null, "contact:instagram": "https://www.instagram.com/gateauxlouisa/", "contact:phone": null, "contact:postcode": null, "contact:street": null, "contact:website": null, "covered": null, "cuisine": null, "currency:EUR": null, "delivery": null, "delivery:partner": null, "delivery_hours": null, "description": null, "diet:vegetarian": null, "disabled": null, "disused:shop": null, "drinking_water": null, "email": null, "entrance": null, "fee": null, "female": null, "fixme": null, "indoor": "room", "indoor_seating": null, "internet_access": null, "layer": null, "level": "0", "male": null, "maxheight": null, "microbrewery": null, "mobile": null, "name": "Gâteaux Louisa", "network": null, "network:wikidata": null, "network:wikipedia": null, "not:brand:wikidata": null, "note": null, "old_name": null, "old_name:-2023": null, "old_name:-2025": null, "opening_hours": "Tu-Sa 13:30-20:00", "operator": null, "operator:type": null, "operator:wikidata": null, "operator:wikipedia": null, "orientation": null, "outdoor_seating": null, "panoramax": null, "park_ride": null, "parking": null, "parking_space": null, "payment:coins": null, "payment:credit_cards": null, "phone": null, "post_box:type": null, "ref": "31", "ref:FR:SIRET": null, "ref:UAI": null, "room": null, "shop": "pastry", "short_name": null, "source": null, "source:opening_hours": "contact:instagram", "start_date": null, "takeaway": null, "vending": null, "was:name": "Burpees Studio", "website": null, "website:menu": null, "wheelchair": null, "wikidata": null }, "geometry": { "type": "Point", "coordinates": [ 0.680240567513475, 47.3664899 ] } },
{ "type": "Feature", "properties": { "id": "way/390130338", "@id": "way/390130338", "access": null, "addr:city": null, "addr:housenumber": null, "addr:postcode": null, "addr:street": null, "amenity": "fast_food", "atm": null, "backrest": null, "beauty": null, "bicycle_parking": null, "bicycle_rental": null, "brand": null, "brand:email": null, "brand:facebook": null, "brand:instagram": null, "brand:website": null, "brand:wikidata": null, "brand:wikipedia": null, "brewery": null, "building": null, "building:levels": null, "building:min_level": null, "capacity": null, "capacity:delivery": null, "capacity:disabled": null, "changing_table": null, "changing_table:location": null, "check_date": "2023-12-16", "check_date:capacity": null, "check_date:opening_hours": null, "check_date:panoramax": "2025-06-14", "clothes": null, "collection_times": null, "contact:city": "Tours", "contact:facebook": null, "contact:housenumber": "59", "contact:instagram": null, "contact:phone": null, "contact:postcode": "37200", "contact:street": "Marcel Mérieux", "contact:website": null, "covered": null, "cuisine": "sandwich", "currency:EUR": null, "delivery": null, "delivery:partner": null, "delivery_hours": null, "description": null, "diet:vegetarian": null, "disabled": null, "disused:shop": null, "drinking_water": null, "email": null, "entrance": null, "fee": null, "female": null, "fixme": null, "indoor": "room", "indoor_seating": null, "internet_access": null, "layer": null, "level": "0", "male": null, "maxheight": null, "microbrewery": null, "mobile": null, "name": "Saveurs & Gourmandises", "network": null, "network:wikidata": null, "network:wikipedia": null, "not:brand:wikidata": null, "note": null, "old_name": null, "old_name:-2023": null, "old_name:-2025": null, "opening_hours": "Mo-Fr 08:30-20:00, 09:00-18:00; Sa 10:00-20:00", "operator": null, "operator:type": null, "operator:wikidata": null, "operator:wikipedia": null, "orientation": null, "outdoor_seating": null, "panoramax": "8bd0eb39-2284-47bd-b2cb-3f3438608356", "park_ride": null, "parking": null, "parking_space": null, "payment:coins": null, "payment:credit_cards": null, "phone": "+33 2 47 28 04 70", "post_box:type": null, "ref": "25", "ref:FR:SIRET": "79787401300015", "ref:UAI": null, "room": "restaurant", "shop": null, "short_name": null, "source": null, "source:opening_hours": null, "start_date": null, "takeaway": "yes", "vending": null, "was:name": null, "website": null, "website:menu": null, "wheelchair": null, "wikidata": null }, "geometry": { "type": "Point", "coordinates": [ 0.679946523861169, 47.3661876 ] } },
{ "type": "Feature", "properties": { "id": "way/390130346", "@id": "way/390130346", "access": null, "addr:city": null, "addr:housenumber": null, "addr:postcode": null, "addr:street": null, "amenity": null, "atm": null, "backrest": null, "beauty": null, "bicycle_parking": null, "bicycle_rental": null, "brand": null, "brand:email": null, "brand:facebook": null, "brand:instagram": null, "brand:website": null, "brand:wikidata": null, "brand:wikipedia": null, "brewery": null, "building": null, "building:levels": null, "building:min_level": null, "capacity": null, "capacity:delivery": null, "capacity:disabled": null, "changing_table": null, "changing_table:location": null, "check_date": null, "check_date:capacity": null, "check_date:opening_hours": null, "check_date:panoramax": "2025-06-14", "clothes": null, "collection_times": null, "contact:city": "Tours", "contact:facebook": null, "contact:housenumber": "59", "contact:instagram": null, "contact:phone": "+33 2 47 37 16 01", "contact:postcode": "37200", "contact:street": "Marcel Mérieux", "contact:website": "https://www.arthur-aston.com/", "covered": null, "cuisine": null, "currency:EUR": null, "delivery": null, "delivery:partner": null, "delivery_hours": null, "description": null, "diet:vegetarian": null, "disabled": null, "disused:shop": null, "drinking_water": null, "email": null, "entrance": null, "fee": null, "female": null, "fixme": null, "indoor": "room", "indoor_seating": null, "internet_access": null, "layer": null, "level": "0", "male": null, "maxheight": null, "microbrewery": null, "mobile": null, "name": "Arthur & Aston", "network": null, "network:wikidata": null, "network:wikipedia": null, "not:brand:wikidata": "Q104196818", "note": null, "old_name": null, "old_name:-2023": null, "old_name:-2025": null, "opening_hours": "Mo-Sa 10:00-20:00", "operator": null, "operator:type": null, "operator:wikidata": null, "operator:wikipedia": null, "orientation": null, "outdoor_seating": null, "panoramax": "c8b52702-2bcb-4e65-983d-6a461577eedb", "park_ride": null, "parking": null, "parking_space": null, "payment:coins": null, "payment:credit_cards": null, "phone": null, "post_box:type": null, "ref": "3", "ref:FR:SIRET": "35356844700075", "ref:UAI": null, "room": "shop", "shop": "bag", "short_name": null, "source": "INSEE - 2022-08", "source:opening_hours": null, "start_date": null, "takeaway": null, "vending": null, "was:name": null, "website": null, "website:menu": null, "wheelchair": null, "wikidata": null }, "geometry": { "type": "Point", "coordinates": [ 0.676863433030443, 47.36616915 ] } },
{ "type": "Feature", "properties": { "id": "way/390130348", "@id": "way/390130348", "access": null, "addr:city": null, "addr:housenumber": null, "addr:postcode": null, "addr:street": null, "amenity": null, "atm": null, "backrest": null, "beauty": null, "bicycle_parking": null, "bicycle_rental": null, "brand": "Bouygues Telecom", "brand:email": null, "brand:facebook": null, "brand:instagram": null, "brand:website": null, "brand:wikidata": "Q581438", "brand:wikipedia": "fr:Bouygues Telecom", "brewery": null, "building": null, "building:levels": null, "building:min_level": null, "capacity": null, "capacity:delivery": null, "capacity:disabled": null, "changing_table": null, "changing_table:location": null, "check_date": "2023-12-16", "check_date:capacity": null, "check_date:opening_hours": null, "check_date:panoramax": "2025-06-14", "clothes": null, "collection_times": null, "contact:city": null, "contact:facebook": null, "contact:housenumber": null, "contact:instagram": null, "contact:phone": null, "contact:postcode": null, "contact:street": null, "contact:website": null, "covered": null, "cuisine": null, "currency:EUR": null, "delivery": null, "delivery:partner": null, "delivery_hours": null, "description": null, "diet:vegetarian": null, "disabled": null, "disused:shop": null, "drinking_water": null, "email": null, "entrance": null, "fee": null, "female": null, "fixme": null, "indoor": "room", "indoor_seating": null, "internet_access": null, "layer": null, "level": "0", "male": null, "maxheight": null, "microbrewery": null, "mobile": null, "name": "Bouygues Telecom", "network": null, "network:wikidata": null, "network:wikipedia": null, "not:brand:wikidata": null, "note": null, "old_name": null, "old_name:-2023": null, "old_name:-2025": null, "opening_hours": "Mo-Sa 10:00-20:00", "operator": null, "operator:type": null, "operator:wikidata": null, "operator:wikipedia": null, "orientation": null, "outdoor_seating": null, "panoramax": "34e81b59-f738-4aa1-a5ab-6005f673e827", "park_ride": null, "parking": null, "parking_space": null, "payment:coins": null, "payment:credit_cards": null, "phone": null, "post_box:type": null, "ref": "35", "ref:FR:SIRET": "41035886506119", "ref:UAI": null, "room": "shop", "shop": "mobile_phone", "short_name": null, "source": null, "source:opening_hours": null, "start_date": null, "takeaway": null, "vending": null, "was:name": null, "website": null, "website:menu": null, "wheelchair": null, "wikidata": null }, "geometry": { "type": "Point", "coordinates": [ 0.679840161361665, 47.36635375 ] } },
{ "type": "Feature", "properties": { "id": "way/390130349", "@id": "way/390130349", "access": null, "addr:city": null, "addr:housenumber": null, "addr:postcode": null, "addr:street": null, "amenity": null, "atm": null, "backrest": null, "beauty": null, "bicycle_parking": null, "bicycle_rental": null, "brand": null, "brand:email": null, "brand:facebook": null, "brand:instagram": null, "brand:website": null, "brand:wikidata": null, "brand:wikipedia": null, "brewery": null, "building": null, "building:levels": null, "building:min_level": null, "capacity": null, "capacity:delivery": null, "capacity:disabled": null, "changing_table": null, "changing_table:location": null, "check_date": "2023-12-16", "check_date:capacity": null, "check_date:opening_hours": null, "check_date:panoramax": "2025-06-14", "clothes": null, "collection_times": null, "contact:city": "Tours", "contact:facebook": null, "contact:housenumber": "59", "contact:instagram": null, "contact:phone": null, "contact:postcode": "37200", "contact:street": "Marcel Mérieux", "contact:website": null, "covered": null, "cuisine": null, "currency:EUR": null, "delivery": null, "delivery:partner": null, "delivery_hours": null, "description": null, "diet:vegetarian": null, "disabled": null, "disused:shop": null, "drinking_water": null, "email": "tours@bleulibellule.com", "entrance": null, "fee": null, "female": null, "fixme": null, "indoor": "room", "indoor_seating": null, "internet_access": null, "layer": null, "level": "0", "male": null, "maxheight": null, "microbrewery": null, "mobile": null, "name": "Bleu Libellule", "network": null, "network:wikidata": null, "network:wikipedia": null, "not:brand:wikidata": null, "note": null, "old_name": null, "old_name:-2023": null, "old_name:-2025": null, "opening_hours": "Mo-Sa 10:00-20:00", "operator": null, "operator:type": null, "operator:wikidata": null, "operator:wikipedia": null, "orientation": null, "outdoor_seating": null, "panoramax": "8fb5f460-e73c-4178-812f-c4afdcc3e5fd", "park_ride": null, "parking": null, "parking_space": null, "payment:coins": null, "payment:credit_cards": null, "phone": "+33 2 47 39 66 38", "post_box:type": null, "ref": "41", "ref:FR:SIRET": "52388562200648", "ref:UAI": null, "room": "shop", "shop": "cosmetics", "short_name": null, "source": null, "source:opening_hours": null, "start_date": null, "takeaway": null, "vending": null, "was:name": null, "website": "https://magasins.bleulibellule.com/centre-val-de-loire/indre-et-loire/tours/bleu-libellule-tours-196", "website:menu": null, "wheelchair": null, "wikidata": null }, "geometry": { "type": "Point", "coordinates": [ 0.679194878510101, 47.3662612 ] } },
{ "type": "Feature", "properties": { "id": "way/390130350", "@id": "way/390130350", "access": null, "addr:city": null, "addr:housenumber": null, "addr:postcode": null, "addr:street": null, "amenity": null, "atm": null, "backrest": null, "beauty": null, "bicycle_parking": null, "bicycle_rental": null, "brand": "claire's", "brand:email": null, "brand:facebook": null, "brand:instagram": null, "brand:website": null, "brand:wikidata": "Q2974996", "brand:wikipedia": "en:Claire's", "brewery": null, "building": null, "building:levels": null, "building:min_level": null, "capacity": null, "capacity:delivery": null, "capacity:disabled": null, "changing_table": null, "changing_table:location": null, "check_date": "2023-12-16", "check_date:capacity": null, "check_date:opening_hours": null, "check_date:panoramax": "2025-06-14", "clothes": null, "collection_times": null, "contact:city": null, "contact:facebook": null, "contact:housenumber": null, "contact:instagram": null, "contact:phone": null, "contact:postcode": null, "contact:street": null, "contact:website": null, "covered": null, "cuisine": null, "currency:EUR": null, "delivery": null, "delivery:partner": null, "delivery_hours": null, "description": null, "diet:vegetarian": null, "disabled": null, "disused:shop": null, "drinking_water": null, "email": null, "entrance": null, "fee": null, "female": null, "fixme": null, "indoor": "room", "indoor_seating": null, "internet_access": null, "layer": null, "level": "0", "male": null, "maxheight": null, "microbrewery": null, "mobile": null, "name": "claire's", "network": null, "network:wikidata": null, "network:wikipedia": null, "not:brand:wikidata": null, "note": null, "old_name": null, "old_name:-2023": null, "old_name:-2025": null, "opening_hours": "Mo-Sa 10:00-20:00", "operator": null, "operator:type": null, "operator:wikidata": null, "operator:wikipedia": null, "orientation": null, "outdoor_seating": null, "panoramax": "131e920c-e6cb-422b-9da5-dcb31c201834", "park_ride": null, "parking": null, "parking_space": null, "payment:coins": null, "payment:credit_cards": null, "phone": "+33 2 47 36 90 90", "post_box:type": null, "ref": "19", "ref:FR:SIRET": "34283741602512", "ref:UAI": null, "room": "shop", "shop": "fashion_accessories", "short_name": null, "source": null, "source:opening_hours": null, "start_date": null, "takeaway": null, "vending": null, "was:name": null, "website": "https://stores.claires.com/fr-f/tours/873.html", "website:menu": null, "wheelchair": null, "wikidata": null }, "geometry": { "type": "Point", "coordinates": [ 0.678983047495168, 47.3660225 ] } },
{ "type": "Feature", "properties": { "id": "way/390130351", "@id": "way/390130351", "access": null, "addr:city": null, "addr:housenumber": null, "addr:postcode": null, "addr:street": null, "amenity": null, "atm": null, "backrest": null, "beauty": null, "bicycle_parking": null, "bicycle_rental": null, "brand": "Normal", "brand:email": null, "brand:facebook": null, "brand:instagram": null, "brand:website": null, "brand:wikidata": "Q19562429", "brand:wikipedia": null, "brewery": null, "building": null, "building:levels": null, "building:min_level": null, "capacity": null, "capacity:delivery": null, "capacity:disabled": null, "changing_table": null, "changing_table:location": null, "check_date": null, "check_date:capacity": null, "check_date:opening_hours": null, "check_date:panoramax": "2025-06-14", "clothes": null, "collection_times": null, "contact:city": "Tours", "contact:facebook": null, "contact:housenumber": "59", "contact:instagram": null, "contact:phone": null, "contact:postcode": "37200", "contact:street": "Marcel Mérieux", "contact:website": null, "covered": null, "cuisine": null, "currency:EUR": null, "delivery": null, "delivery:partner": null, "delivery_hours": null, "description": null, "diet:vegetarian": null, "disabled": null, "disused:shop": null, "drinking_water": null, "email": "FR0249@normal.fr", "entrance": null, "fee": null, "female": null, "fixme": null, "indoor": "room", "indoor_seating": null, "internet_access": null, "layer": null, "level": "0", "male": null, "maxheight": null, "microbrewery": null, "mobile": "+33 6 10 18 96 37", "name": "Normal", "network": null, "network:wikidata": null, "network:wikipedia": null, "not:brand:wikidata": null, "note": null, "old_name": null, "old_name:-2023": null, "old_name:-2025": null, "opening_hours": "Mo-Sa 10:00-20:00", "operator": null, "operator:type": null, "operator:wikidata": null, "operator:wikipedia": null, "orientation": null, "outdoor_seating": null, "panoramax": "4f2a6b8a-50f8-4745-b5df-2ac74356ca32", "park_ride": null, "parking": null, "parking_space": null, "payment:coins": null, "payment:credit_cards": null, "phone": null, "post_box:type": null, "ref": "10", "ref:FR:SIRET": "84443148602205", "ref:UAI": null, "room": "shop", "shop": "chemist", "short_name": null, "source": null, "source:opening_hours": "website", "start_date": null, "takeaway": null, "vending": null, "was:name": null, "website": "https://www.normal.fr/trouver-un-magasin/", "website:menu": null, "wheelchair": null, "wikidata": null }, "geometry": { "type": "Point", "coordinates": [ 0.677766126693144, 47.3660524 ] } },
{ "type": "Feature", "properties": { "id": "way/390130352", "@id": "way/390130352", "access": null, "addr:city": null, "addr:housenumber": null, "addr:postcode": null, "addr:street": null, "amenity": null, "atm": null, "backrest": null, "beauty": null, "bicycle_parking": null, "bicycle_rental": null, "brand": "Histoire d'Or", "brand:email": null, "brand:facebook": null, "brand:instagram": null, "brand:website": null, "brand:wikidata": "Q62529245", "brand:wikipedia": null, "brewery": null, "building": null, "building:levels": null, "building:min_level": null, "capacity": null, "capacity:delivery": null, "capacity:disabled": null, "changing_table": null, "changing_table:location": null, "check_date": null, "check_date:capacity": null, "check_date:opening_hours": null, "check_date:panoramax": "2025-06-14", "clothes": null, "collection_times": null, "contact:city": "Tours", "contact:facebook": null, "contact:housenumber": "59", "contact:instagram": null, "contact:phone": "+33 2 46 99 14 01", "contact:postcode": "37200", "contact:street": "Marcel Mérieux", "contact:website": null, "covered": null, "cuisine": null, "currency:EUR": null, "delivery": null, "delivery:partner": null, "delivery_hours": null, "description": null, "diet:vegetarian": null, "disabled": null, "disused:shop": null, "drinking_water": null, "email": null, "entrance": null, "fee": null, "female": null, "fixme": null, "indoor": "room", "indoor_seating": null, "internet_access": null, "layer": null, "level": "0", "male": null, "maxheight": null, "microbrewery": null, "mobile": null, "name": "Histoire d'Or", "network": null, "network:wikidata": null, "network:wikipedia": null, "not:brand:wikidata": null, "note": null, "old_name": null, "old_name:-2023": null, "old_name:-2025": "Les Petites Bombes", "opening_hours": "Tu-Sa 10:00-20:00", "operator": null, "operator:type": null, "operator:wikidata": null, "operator:wikipedia": null, "orientation": null, "outdoor_seating": null, "panoramax": "fccef3a0-362a-4294-a8ee-14fcc4e8beb9", "park_ride": null, "parking": null, "parking_space": null, "payment:coins": null, "payment:credit_cards": null, "phone": null, "post_box:type": null, "ref": "5", "ref:FR:SIRET": null, "ref:UAI": null, "room": "shop", "shop": "jewelry", "short_name": null, "source": "panoramax", "source:opening_hours": "website", "start_date": null, "takeaway": null, "vending": null, "was:name": null, "website": "https://www.histoiredor.com/fr_FR/details/magasin/?storeID=H475", "website:menu": null, "wheelchair": null, "wikidata": "Q62529245" }, "geometry": { "type": "Point", "coordinates": [ 0.677040754072857, 47.3661279 ] } },
{ "type": "Feature", "properties": { "id": "way/390130353", "@id": "way/390130353", "access": null, "addr:city": null, "addr:housenumber": null, "addr:postcode": null, "addr:street": null, "amenity": null, "atm": null, "backrest": null, "beauty": null, "bicycle_parking": null, "bicycle_rental": null, "brand": "Rituals...", "brand:email": null, "brand:facebook": null, "brand:instagram": null, "brand:website": null, "brand:wikidata": "Q62874140", "brand:wikipedia": null, "brewery": null, "building": null, "building:levels": null, "building:min_level": null, "capacity": null, "capacity:delivery": null, "capacity:disabled": null, "changing_table": null, "changing_table:location": null, "check_date": null, "check_date:capacity": null, "check_date:opening_hours": null, "check_date:panoramax": null, "clothes": null, "collection_times": null, "contact:city": "Tours", "contact:facebook": null, "contact:housenumber": "59", "contact:instagram": null, "contact:phone": null, "contact:postcode": "37200", "contact:street": "Marcel Mérieux", "contact:website": null, "covered": null, "cuisine": null, "currency:EUR": null, "delivery": null, "delivery:partner": null, "delivery_hours": null, "description": null, "diet:vegetarian": null, "disabled": null, "disused:shop": null, "drinking_water": null, "email": null, "entrance": null, "fee": null, "female": null, "fixme": null, "indoor": "room", "indoor_seating": null, "internet_access": null, "layer": null, "level": "0", "male": null, "maxheight": null, "microbrewery": null, "mobile": null, "name": "Rituals...", "network": null, "network:wikidata": null, "network:wikipedia": null, "not:brand:wikidata": null, "note": null, "old_name": null, "old_name:-2023": null, "old_name:-2025": null, "opening_hours": null, "operator": null, "operator:type": null, "operator:wikidata": null, "operator:wikipedia": null, "orientation": null, "outdoor_seating": null, "panoramax": null, "park_ride": null, "parking": null, "parking_space": null, "payment:coins": null, "payment:credit_cards": null, "phone": "+33 2 19 13 01 43", "post_box:type": null, "ref": "51", "ref:FR:SIRET": "80454467401974", "ref:UAI": null, "room": null, "shop": "cosmetics", "short_name": null, "source": null, "source:opening_hours": null, "start_date": null, "takeaway": null, "vending": null, "was:name": null, "website": null, "website:menu": null, "wheelchair": null, "wikidata": null }, "geometry": { "type": "Point", "coordinates": [ 0.677499619761952, 47.36642655 ] } },
{ "type": "Feature", "properties": { "id": "way/390130354", "@id": "way/390130354", "access": null, "addr:city": null, "addr:housenumber": null, "addr:postcode": null, "addr:street": null, "amenity": null, "atm": null, "backrest": null, "beauty": null, "bicycle_parking": null, "bicycle_rental": null, "brand": "H&M", "brand:email": null, "brand:facebook": null, "brand:instagram": null, "brand:website": null, "brand:wikidata": "Q188326", "brand:wikipedia": "en:H&M", "brewery": null, "building": null, "building:levels": null, "building:min_level": null, "capacity": null, "capacity:delivery": null, "capacity:disabled": null, "changing_table": null, "changing_table:location": null, "check_date": null, "check_date:capacity": null, "check_date:opening_hours": null, "check_date:panoramax": "2025-06-14", "clothes": "children;women;men", "collection_times": null, "contact:city": "Tours", "contact:facebook": null, "contact:housenumber": "59", "contact:instagram": null, "contact:phone": null, "contact:postcode": "37200", "contact:street": "Marcel Mérieux", "contact:website": null, "covered": null, "cuisine": null, "currency:EUR": null, "delivery": null, "delivery:partner": null, "delivery_hours": null, "description": null, "diet:vegetarian": null, "disabled": null, "disused:shop": null, "drinking_water": null, "email": null, "entrance": null, "fee": null, "female": null, "fixme": null, "indoor": "room", "indoor_seating": null, "internet_access": null, "layer": null, "level": "0;1", "male": null, "maxheight": null, "microbrewery": null, "mobile": null, "name": "H&M", "network": null, "network:wikidata": null, "network:wikipedia": null, "not:brand:wikidata": null, "note": null, "old_name": null, "old_name:-2023": null, "old_name:-2025": null, "opening_hours": "Mo-Sa 10:00-20:00", "operator": null, "operator:type": null, "operator:wikidata": null, "operator:wikipedia": null, "orientation": null, "outdoor_seating": null, "panoramax": "e936962d-6534-4e99-af25-86b192e04215", "park_ride": null, "parking": null, "parking_space": null, "payment:coins": null, "payment:credit_cards": null, "phone": "+33 8 05 08 88 88", "post_box:type": null, "ref": "52", "ref:FR:SIRET": "39897931001238", "ref:UAI": null, "room": "shop", "shop": "clothes", "short_name": null, "source": null, "source:opening_hours": "website", "start_date": null, "takeaway": null, "vending": null, "was:name": null, "website": "https://www2.hm.com/fr_fr/customer-service/shopping-at-hm/store-locator/france/tours/ccial-lheure-tranquille/fr0070.html", "website:menu": null, "wheelchair": null, "wikidata": null }, "geometry": { "type": "Point", "coordinates": [ 0.67729383260173, 47.3665681 ] } },
{ "type": "Feature", "properties": { "id": "way/390130355", "@id": "way/390130355", "access": null, "addr:city": null, "addr:housenumber": null, "addr:postcode": null, "addr:street": null, "amenity": "restaurant", "atm": null, "backrest": null, "beauty": null, "bicycle_parking": null, "bicycle_rental": null, "brand": null, "brand:email": null, "brand:facebook": null, "brand:instagram": null, "brand:website": null, "brand:wikidata": null, "brand:wikipedia": null, "brewery": null, "building": null, "building:levels": null, "building:min_level": null, "capacity": null, "capacity:delivery": null, "capacity:disabled": null, "changing_table": null, "changing_table:location": null, "check_date": "2023-12-16", "check_date:capacity": null, "check_date:opening_hours": null, "check_date:panoramax": null, "clothes": null, "collection_times": null, "contact:city": null, "contact:facebook": null, "contact:housenumber": null, "contact:instagram": null, "contact:phone": null, "contact:postcode": null, "contact:street": null, "contact:website": null, "covered": null, "cuisine": null, "currency:EUR": null, "delivery": null, "delivery:partner": null, "delivery_hours": null, "description": null, "diet:vegetarian": null, "disabled": null, "disused:shop": null, "drinking_water": null, "email": null, "entrance": null, "fee": null, "female": null, "fixme": null, "indoor": "room", "indoor_seating": null, "internet_access": null, "layer": null, "level": "1", "male": null, "maxheight": null, "microbrewery": null, "mobile": null, "name": "La Côte et l’Arête", "network": null, "network:wikidata": null, "network:wikipedia": null, "not:brand:wikidata": null, "note": null, "old_name": null, "old_name:-2023": null, "old_name:-2025": null, "opening_hours": null, "operator": null, "operator:type": null, "operator:wikidata": null, "operator:wikipedia": null, "orientation": null, "outdoor_seating": null, "panoramax": null, "park_ride": null, "parking": null, "parking_space": null, "payment:coins": null, "payment:credit_cards": null, "phone": null, "post_box:type": null, "ref": null, "ref:FR:SIRET": null, "ref:UAI": null, "room": "restaurant", "shop": null, "short_name": null, "source": null, "source:opening_hours": null, "start_date": null, "takeaway": null, "vending": null, "was:name": null, "website": null, "website:menu": null, "wheelchair": null, "wikidata": null }, "geometry": { "type": "Point", "coordinates": [ 0.678060712372319, 47.3665824 ] } },
{ "type": "Feature", "properties": { "id": "way/390130356", "@id": "way/390130356", "access": null, "addr:city": null, "addr:housenumber": null, "addr:postcode": null, "addr:street": null, "amenity": "restaurant", "atm": null, "backrest": null, "beauty": null, "bicycle_parking": null, "bicycle_rental": null, "brand": null, "brand:email": null, "brand:facebook": null, "brand:instagram": null, "brand:website": null, "brand:wikidata": null, "brand:wikipedia": null, "brewery": null, "building": null, "building:levels": null, "building:min_level": null, "capacity": null, "capacity:delivery": null, "capacity:disabled": null, "changing_table": null, "changing_table:location": null, "check_date": "2023-12-16", "check_date:capacity": null, "check_date:opening_hours": null, "check_date:panoramax": "2025-06-14", "clothes": null, "collection_times": null, "contact:city": "Tours", "contact:facebook": null, "contact:housenumber": "59", "contact:instagram": null, "contact:phone": null, "contact:postcode": "37200", "contact:street": "Marcel Mérieux", "contact:website": null, "covered": null, "cuisine": null, "currency:EUR": null, "delivery": null, "delivery:partner": null, "delivery_hours": null, "description": null, "diet:vegetarian": null, "disabled": null, "disused:shop": null, "drinking_water": null, "email": null, "entrance": null, "fee": null, "female": null, "fixme": null, "indoor": "room", "indoor_seating": null, "internet_access": null, "layer": null, "level": "0", "male": null, "maxheight": null, "microbrewery": null, "mobile": null, "name": "La Côte et l’Arête", "network": null, "network:wikidata": null, "network:wikipedia": null, "not:brand:wikidata": null, "note": null, "old_name": null, "old_name:-2023": null, "old_name:-2025": null, "opening_hours": "Mo-Su 12:00-14:00; Su-Th 19:00-22:00; Fr-Sa 19:00-22:30", "operator": null, "operator:type": null, "operator:wikidata": null, "operator:wikipedia": null, "orientation": null, "outdoor_seating": null, "panoramax": "8671cb77-2cda-47b9-848d-e70bfdab5d06", "park_ride": null, "parking": null, "parking_space": null, "payment:coins": null, "payment:credit_cards": null, "phone": "+33 2 47 75 11 75", "post_box:type": null, "ref": "46", "ref:FR:SIRET": "87921157100010", "ref:UAI": null, "room": "restaurant", "shop": null, "short_name": null, "source": null, "source:opening_hours": null, "start_date": null, "takeaway": null, "vending": null, "was:name": null, "website": "https://www.lacoteetlarete.fr/tours/", "website:menu": "https://www.lacoteetlarete.fr/carte/tours/", "wheelchair": null, "wikidata": null }, "geometry": { "type": "Point", "coordinates": [ 0.678055144539497, 47.3665352 ] } },
{ "type": "Feature", "properties": { "id": "way/390130357", "@id": "way/390130357", "access": null, "addr:city": null, "addr:housenumber": null, "addr:postcode": null, "addr:street": null, "amenity": "restaurant", "atm": null, "backrest": null, "beauty": null, "bicycle_parking": null, "bicycle_rental": null, "brand": null, "brand:email": null, "brand:facebook": null, "brand:instagram": null, "brand:website": null, "brand:wikidata": null, "brand:wikipedia": null, "brewery": "yes;various", "building": "retail", "building:levels": "2", "building:min_level": null, "capacity": null, "capacity:delivery": null, "capacity:disabled": null, "changing_table": null, "changing_table:location": null, "check_date": null, "check_date:capacity": null, "check_date:opening_hours": null, "check_date:panoramax": "2025-06-14", "clothes": null, "collection_times": null, "contact:city": "Tours", "contact:facebook": null, "contact:housenumber": "59", "contact:instagram": null, "contact:phone": null, "contact:postcode": "37200", "contact:street": "Marcel Mérieux", "contact:website": null, "covered": null, "cuisine": "american", "currency:EUR": null, "delivery": null, "delivery:partner": null, "delivery_hours": null, "description": null, "diet:vegetarian": null, "disabled": null, "disused:shop": null, "drinking_water": null, "email": "hollystours@hollysdiner.fr", "entrance": null, "fee": null, "female": null, "fixme": null, "indoor": "room", "indoor_seating": null, "internet_access": null, "layer": null, "level": "0;1", "male": null, "maxheight": null, "microbrewery": null, "mobile": null, "name": "Holly's Dinner", "network": null, "network:wikidata": null, "network:wikipedia": null, "not:brand:wikidata": null, "note": null, "old_name": null, "old_name:-2023": null, "old_name:-2025": null, "opening_hours": "Mo-Th 09:00-22:30; Fr-Sa 09:00-23:00", "operator": null, "operator:type": null, "operator:wikidata": null, "operator:wikipedia": null, "orientation": null, "outdoor_seating": "yes", "panoramax": "4c32652f-4313-4117-81dc-7cbeb06df990", "park_ride": null, "parking": null, "parking_space": null, "payment:coins": null, "payment:credit_cards": null, "phone": "+33 2 47 42 04 20", "post_box:type": null, "ref": "13", "ref:FR:SIRET": "80124718000012", "ref:UAI": null, "room": "restaurant", "shop": null, "short_name": null, "source": null, "source:opening_hours": "website", "start_date": null, "takeaway": "yes", "vending": null, "was:name": null, "website": "https://hollysdiner.fr/les-restaurants/tours/", "website:menu": null, "wheelchair": null, "wikidata": null }, "geometry": { "type": "Point", "coordinates": [ 0.678490195945946, 47.36587835 ] } },
{ "type": "Feature", "properties": { "id": "way/390130359", "@id": "way/390130359", "access": null, "addr:city": null, "addr:housenumber": null, "addr:postcode": null, "addr:street": null, "amenity": null, "atm": null, "backrest": null, "beauty": null, "bicycle_parking": null, "bicycle_rental": null, "brand": null, "brand:email": null, "brand:facebook": null, "brand:instagram": null, "brand:website": null, "brand:wikidata": null, "brand:wikipedia": null, "brewery": null, "building": null, "building:levels": null, "building:min_level": null, "capacity": null, "capacity:delivery": null, "capacity:disabled": null, "changing_table": null, "changing_table:location": null, "check_date": null, "check_date:capacity": null, "check_date:opening_hours": null, "check_date:panoramax": "2025-06-14", "clothes": null, "collection_times": null, "contact:city": null, "contact:facebook": "https://www.facebook.com/Lox-Coiffure-1097017770317673", "contact:housenumber": null, "contact:instagram": null, "contact:phone": null, "contact:postcode": null, "contact:street": null, "contact:website": null, "covered": null, "cuisine": null, "currency:EUR": null, "delivery": null, "delivery:partner": null, "delivery_hours": null, "description": null, "diet:vegetarian": null, "disabled": null, "disused:shop": null, "drinking_water": null, "email": null, "entrance": null, "fee": null, "female": "yes", "fixme": null, "indoor": "room", "indoor_seating": null, "internet_access": null, "layer": null, "level": "0", "male": "yes", "maxheight": null, "microbrewery": null, "mobile": null, "name": "LOX", "network": null, "network:wikidata": null, "network:wikipedia": null, "not:brand:wikidata": null, "note": null, "old_name": null, "old_name:-2023": null, "old_name:-2025": null, "opening_hours": "Mo-Sa 10:00-20:00", "operator": null, "operator:type": null, "operator:wikidata": null, "operator:wikipedia": null, "orientation": null, "outdoor_seating": null, "panoramax": "db770414-14e2-4cda-9085-4c6f1d958645", "park_ride": null, "parking": null, "parking_space": null, "payment:coins": null, "payment:credit_cards": null, "phone": null, "post_box:type": null, "ref": "37", "ref:FR:SIRET": "49207204600039", "ref:UAI": null, "room": "shop", "shop": "hairdresser", "short_name": null, "source": null, "source:opening_hours": "website", "start_date": null, "takeaway": null, "vending": null, "was:name": null, "website": "https://www.loxcoiffure.com/salons", "website:menu": null, "wheelchair": null, "wikidata": null }, "geometry": { "type": "Point", "coordinates": [ 0.679656682169253, 47.36630985 ] } },
{ "type": "Feature", "properties": { "id": "way/390130360", "@id": "way/390130360", "access": null, "addr:city": null, "addr:housenumber": null, "addr:postcode": null, "addr:street": null, "amenity": "restaurant", "atm": null, "backrest": null, "beauty": null, "bicycle_parking": null, "bicycle_rental": null, "brand": null, "brand:email": null, "brand:facebook": null, "brand:instagram": null, "brand:website": null, "brand:wikidata": null, "brand:wikipedia": null, "brewery": null, "building": "yes", "building:levels": "2", "building:min_level": "1", "capacity": null, "capacity:delivery": null, "capacity:disabled": null, "changing_table": null, "changing_table:location": null, "check_date": "2023-12-16", "check_date:capacity": null, "check_date:opening_hours": null, "check_date:panoramax": null, "clothes": null, "collection_times": null, "contact:city": null, "contact:facebook": null, "contact:housenumber": null, "contact:instagram": null, "contact:phone": null, "contact:postcode": null, "contact:street": null, "contact:website": null, "covered": null, "cuisine": "italian", "currency:EUR": null, "delivery": null, "delivery:partner": null, "delivery_hours": null, "description": null, "diet:vegetarian": null, "disabled": null, "disused:shop": null, "drinking_water": null, "email": null, "entrance": null, "fee": null, "female": null, "fixme": null, "indoor": "room", "indoor_seating": null, "internet_access": null, "layer": null, "level": "1", "male": null, "maxheight": null, "microbrewery": null, "mobile": null, "name": "Il Restorante", "network": null, "network:wikidata": null, "network:wikipedia": null, "not:brand:wikidata": null, "note": null, "old_name": null, "old_name:-2023": null, "old_name:-2025": null, "opening_hours": "Mo-We 08:00-23:30; Th 08:00-24:00; Fr,Sa 00:00-00:30,08:00-24:00; Su 00:00-00:30,10:00-23:30", "operator": null, "operator:type": null, "operator:wikidata": null, "operator:wikipedia": null, "orientation": null, "outdoor_seating": null, "panoramax": null, "park_ride": null, "parking": null, "parking_space": null, "payment:coins": null, "payment:credit_cards": null, "phone": null, "post_box:type": null, "ref": "45", "ref:FR:SIRET": null, "ref:UAI": null, "room": "restaurant", "shop": null, "short_name": null, "source": "cadastre-dgi-fr source : Direction Générale des Impôts - Cadastre. Mise à jour : 2010", "source:opening_hours": null, "start_date": null, "takeaway": null, "vending": null, "was:name": null, "website": null, "website:menu": null, "wheelchair": null, "wikidata": null }, "geometry": { "type": "Point", "coordinates": [ 0.678526007781457, 47.3665367 ] } },
{ "type": "Feature", "properties": { "id": "way/390130361", "@id": "way/390130361", "access": null, "addr:city": null, "addr:housenumber": null, "addr:postcode": null, "addr:street": null, "amenity": "restaurant", "atm": null, "backrest": null, "beauty": null, "bicycle_parking": null, "bicycle_rental": null, "brand": null, "brand:email": null, "brand:facebook": null, "brand:instagram": null, "brand:website": null, "brand:wikidata": null, "brand:wikipedia": null, "brewery": null, "building": null, "building:levels": null, "building:min_level": null, "capacity": null, "capacity:delivery": null, "capacity:disabled": null, "changing_table": null, "changing_table:location": null, "check_date": null, "check_date:capacity": null, "check_date:opening_hours": null, "check_date:panoramax": "2025-06-14", "clothes": null, "collection_times": null, "contact:city": "Tours", "contact:facebook": null, "contact:housenumber": "59", "contact:instagram": null, "contact:phone": null, "contact:postcode": "37200", "contact:street": "Marcel Mérieux", "contact:website": null, "covered": null, "cuisine": "italian", "currency:EUR": null, "delivery": null, "delivery:partner": null, "delivery_hours": null, "description": null, "diet:vegetarian": null, "disabled": null, "disused:shop": null, "drinking_water": null, "email": "contact.tours@ilristorante.fr", "entrance": null, "fee": null, "female": null, "fixme": null, "indoor": "room", "indoor_seating": null, "internet_access": null, "layer": null, "level": "0", "male": null, "maxheight": null, "microbrewery": null, "mobile": null, "name": "Il Restorante", "network": null, "network:wikidata": null, "network:wikipedia": null, "not:brand:wikidata": null, "note": null, "old_name": null, "old_name:-2023": null, "old_name:-2025": null, "opening_hours": "Mo-Su 11:30-14:30; Su-Th 18:30-22:00; Fr-Sa 18:30-22:30", "operator": null, "operator:type": null, "operator:wikidata": null, "operator:wikipedia": null, "orientation": null, "outdoor_seating": null, "panoramax": "45983df5-f7fb-447d-88f7-ca5d3f18e11b", "park_ride": null, "parking": null, "parking_space": null, "payment:coins": null, "payment:credit_cards": null, "phone": "+33 2 47 48 35 20", "post_box:type": null, "ref": "45", "ref:FR:SIRET": "81281536300021", "ref:UAI": null, "room": "restaurant", "shop": null, "short_name": null, "source": null, "source:opening_hours": "website", "start_date": null, "takeaway": null, "vending": null, "was:name": null, "website": "https://www.ilristorante.fr/il-ristorante-le-restaurant-italien-de-tours/", "website:menu": "https://www.ilristorante.fr/wp-content/uploads/2025/04/menu-master.pdf", "wheelchair": null, "wikidata": null }, "geometry": { "type": "Point", "coordinates": [ 0.678566603169014, 47.3664377 ] } },
{ "type": "Feature", "properties": { "id": "way/390130362", "@id": "way/390130362", "access": null, "addr:city": null, "addr:housenumber": null, "addr:postcode": null, "addr:street": null, "amenity": null, "atm": null, "backrest": null, "beauty": null, "bicycle_parking": null, "bicycle_rental": null, "brand": "Jeff de Bruges", "brand:email": null, "brand:facebook": null, "brand:instagram": null, "brand:website": null, "brand:wikidata": "Q3176626", "brand:wikipedia": "fr:Jeff de Bruges", "brewery": null, "building": null, "building:levels": null, "building:min_level": null, "capacity": null, "capacity:delivery": null, "capacity:disabled": null, "changing_table": null, "changing_table:location": null, "check_date": null, "check_date:capacity": null, "check_date:opening_hours": null, "check_date:panoramax": "2025-06-14", "clothes": null, "collection_times": null, "contact:city": "Tours", "contact:facebook": null, "contact:housenumber": "59", "contact:instagram": null, "contact:phone": null, "contact:postcode": "37200", "contact:street": "Marcel Mérieux", "contact:website": null, "covered": null, "cuisine": null, "currency:EUR": null, "delivery": null, "delivery:partner": null, "delivery_hours": null, "description": null, "diet:vegetarian": null, "disabled": null, "disused:shop": null, "drinking_water": null, "email": null, "entrance": null, "fee": null, "female": null, "fixme": null, "indoor": "room", "indoor_seating": null, "internet_access": null, "layer": null, "level": "0", "male": null, "maxheight": null, "microbrewery": null, "mobile": null, "name": "Jeff de Bruges", "network": null, "network:wikidata": null, "network:wikipedia": null, "not:brand:wikidata": null, "note": null, "old_name": null, "old_name:-2023": null, "old_name:-2025": null, "opening_hours": "Mo-Sa 10:00-20:00", "operator": null, "operator:type": null, "operator:wikidata": null, "operator:wikipedia": null, "orientation": null, "outdoor_seating": null, "panoramax": "c045c07d-6e63-4171-ba11-47701b458d88", "park_ride": null, "parking": null, "parking_space": null, "payment:coins": null, "payment:credit_cards": null, "phone": null, "post_box:type": null, "ref": "44", "ref:FR:SIRET": "44912788500811", "ref:UAI": null, "room": "shop", "shop": "chocolate", "short_name": null, "source": "INSEE - 2022-08", "source:opening_hours": null, "start_date": null, "takeaway": null, "vending": null, "was:name": null, "website": null, "website:menu": null, "wheelchair": null, "wikidata": null }, "geometry": { "type": "Point", "coordinates": [ 0.678603300533537, 47.36626715 ] } },
{ "type": "Feature", "properties": { "id": "way/390130364", "@id": "way/390130364", "access": null, "addr:city": null, "addr:housenumber": null, "addr:postcode": null, "addr:street": null, "amenity": null, "atm": null, "backrest": null, "beauty": null, "bicycle_parking": null, "bicycle_rental": null, "brand": "Krys", "brand:email": null, "brand:facebook": null, "brand:instagram": null, "brand:website": null, "brand:wikidata": "Q3119538", "brand:wikipedia": "fr:Krys Group", "brewery": null, "building": null, "building:levels": null, "building:min_level": null, "capacity": null, "capacity:delivery": null, "capacity:disabled": null, "changing_table": null, "changing_table:location": null, "check_date": "2023-12-16", "check_date:capacity": null, "check_date:opening_hours": null, "check_date:panoramax": "2025-06-14", "clothes": null, "collection_times": null, "contact:city": null, "contact:facebook": null, "contact:housenumber": null, "contact:instagram": null, "contact:phone": null, "contact:postcode": null, "contact:street": null, "contact:website": null, "covered": null, "cuisine": null, "currency:EUR": null, "delivery": null, "delivery:partner": null, "delivery_hours": null, "description": null, "diet:vegetarian": null, "disabled": null, "disused:shop": null, "drinking_water": null, "email": null, "entrance": null, "fee": null, "female": null, "fixme": null, "indoor": "room", "indoor_seating": null, "internet_access": null, "layer": null, "level": "0", "male": null, "maxheight": null, "microbrewery": null, "mobile": null, "name": "Krys", "network": null, "network:wikidata": null, "network:wikipedia": null, "not:brand:wikidata": null, "note": null, "old_name": null, "old_name:-2023": null, "old_name:-2025": null, "opening_hours": "Mo-Sa 10:00-20:00", "operator": null, "operator:type": null, "operator:wikidata": null, "operator:wikipedia": null, "orientation": null, "outdoor_seating": null, "panoramax": "78b03944-21ad-434c-8aaa-4ee6a40e823f", "park_ride": null, "parking": null, "parking_space": null, "payment:coins": null, "payment:credit_cards": null, "phone": null, "post_box:type": null, "ref": "36", "ref:FR:SIRET": null, "ref:UAI": null, "room": "shop", "shop": "optician", "short_name": null, "source": null, "source:opening_hours": null, "start_date": null, "takeaway": null, "vending": null, "was:name": null, "website": null, "website:menu": null, "wheelchair": null, "wikidata": null }, "geometry": { "type": "Point", "coordinates": [ 0.679745029504061, 47.36632515 ] } },
{ "type": "Feature", "properties": { "id": "way/390130365", "@id": "way/390130365", "access": null, "addr:city": null, "addr:housenumber": null, "addr:postcode": null, "addr:street": null, "amenity": null, "atm": null, "backrest": null, "beauty": null, "bicycle_parking": null, "bicycle_rental": null, "brand": null, "brand:email": null, "brand:facebook": null, "brand:instagram": null, "brand:website": null, "brand:wikidata": null, "brand:wikipedia": null, "brewery": null, "building": null, "building:levels": null, "building:min_level": null, "capacity": null, "capacity:delivery": null, "capacity:disabled": null, "changing_table": null, "changing_table:location": null, "check_date": null, "check_date:capacity": null, "check_date:opening_hours": null, "check_date:panoramax": "2025-06-14", "clothes": null, "collection_times": null, "contact:city": "Tours", "contact:facebook": null, "contact:housenumber": "59", "contact:instagram": null, "contact:phone": null, "contact:postcode": "37200", "contact:street": "Marcel Mérieux", "contact:website": null, "covered": null, "cuisine": null, "currency:EUR": null, "delivery": null, "delivery:partner": null, "delivery_hours": null, "description": null, "diet:vegetarian": null, "disabled": null, "disused:shop": "mobile_phone", "drinking_water": null, "email": null, "entrance": null, "fee": null, "female": null, "fixme": null, "indoor": "room", "indoor_seating": null, "internet_access": null, "layer": null, "level": "0", "male": null, "maxheight": null, "microbrewery": null, "mobile": null, "name": "Bel Chou's", "network": null, "network:wikidata": null, "network:wikipedia": null, "not:brand:wikidata": null, "note": null, "old_name": null, "old_name:-2023": "Hubside.Store", "old_name:-2025": null, "opening_hours": "10:00-20:00", "operator": null, "operator:type": null, "operator:wikidata": null, "operator:wikipedia": null, "orientation": null, "outdoor_seating": null, "panoramax": "94c2f2d5-63da-47d3-a961-5dac49d61d13", "park_ride": null, "parking": null, "parking_space": null, "payment:coins": null, "payment:credit_cards": null, "phone": "+33 2 47 28 30 56", "post_box:type": null, "ref": "26", "ref:FR:SIRET": null, "ref:UAI": null, "room": "shop", "shop": "shoes", "short_name": null, "source": null, "source:opening_hours": null, "start_date": null, "takeaway": null, "vending": null, "was:name": null, "website": null, "website:menu": null, "wheelchair": null, "wikidata": null }, "geometry": { "type": "Point", "coordinates": [ 0.680049652628062, 47.3661998 ] } },
{ "type": "Feature", "properties": { "id": "way/390130366", "@id": "way/390130366", "access": null, "addr:city": null, "addr:housenumber": null, "addr:postcode": null, "addr:street": null, "amenity": "fast_food", "atm": null, "backrest": null, "beauty": null, "bicycle_parking": null, "bicycle_rental": null, "brand": null, "brand:email": null, "brand:facebook": null, "brand:instagram": null, "brand:website": null, "brand:wikidata": null, "brand:wikipedia": null, "brewery": null, "building": null, "building:levels": null, "building:min_level": null, "capacity": null, "capacity:delivery": null, "capacity:disabled": null, "changing_table": null, "changing_table:location": null, "check_date": null, "check_date:capacity": null, "check_date:opening_hours": null, "check_date:panoramax": null, "clothes": null, "collection_times": null, "contact:city": "Tours", "contact:facebook": null, "contact:housenumber": "59", "contact:instagram": null, "contact:phone": "+33 2 47 55 72 92", "contact:postcode": "37200", "contact:street": "Marcel Mérieux", "contact:website": null, "covered": null, "cuisine": "salad", "currency:EUR": null, "delivery": null, "delivery:partner": null, "delivery_hours": null, "description": null, "diet:vegetarian": null, "disabled": null, "disused:shop": null, "drinking_water": null, "email": null, "entrance": null, "fee": null, "female": null, "fixme": null, "indoor": "room", "indoor_seating": null, "internet_access": null, "layer": null, "level": "0", "male": null, "maxheight": null, "microbrewery": null, "mobile": null, "name": "EatSalad", "network": null, "network:wikidata": null, "network:wikipedia": null, "not:brand:wikidata": null, "note": null, "old_name": null, "old_name:-2023": null, "old_name:-2025": null, "opening_hours": "Mo-Su 11:00-22:30", "operator": null, "operator:type": null, "operator:wikidata": null, "operator:wikipedia": null, "orientation": null, "outdoor_seating": null, "panoramax": null, "park_ride": null, "parking": null, "parking_space": null, "payment:coins": null, "payment:credit_cards": null, "phone": null, "post_box:type": null, "ref": "47", "ref:FR:SIRET": "82836750800011", "ref:UAI": null, "room": "restaurant", "shop": null, "short_name": null, "source": null, "source:opening_hours": "website", "start_date": null, "takeaway": null, "vending": null, "was:name": null, "website": "https://eatsalad.com/listing/tours/", "website:menu": null, "wheelchair": null, "wikidata": null }, "geometry": { "type": "Point", "coordinates": [ 0.677994907366698, 47.3663939 ] } },
{ "type": "Feature", "properties": { "id": "way/390130367", "@id": "way/390130367", "access": null, "addr:city": null, "addr:housenumber": null, "addr:postcode": null, "addr:street": null, "amenity": "restaurant", "atm": null, "backrest": null, "beauty": null, "bicycle_parking": null, "bicycle_rental": null, "brand": null, "brand:email": null, "brand:facebook": null, "brand:instagram": null, "brand:website": null, "brand:wikidata": null, "brand:wikipedia": null, "brewery": null, "building": null, "building:levels": null, "building:min_level": null, "capacity": null, "capacity:delivery": null, "capacity:disabled": null, "changing_table": null, "changing_table:location": null, "check_date": "2023-12-16", "check_date:capacity": null, "check_date:opening_hours": null, "check_date:panoramax": "2025-06-14", "clothes": null, "collection_times": null, "contact:city": "Tours", "contact:facebook": null, "contact:housenumber": "59", "contact:instagram": null, "contact:phone": null, "contact:postcode": "37200", "contact:street": "Marcel Mérieux", "contact:website": null, "covered": null, "cuisine": "italian", "currency:EUR": null, "delivery": null, "delivery:partner": null, "delivery_hours": null, "description": null, "diet:vegetarian": null, "disabled": null, "disused:shop": null, "drinking_water": null, "email": null, "entrance": null, "fee": null, "female": null, "fixme": null, "indoor": "room", "indoor_seating": "yes", "internet_access": null, "layer": null, "level": "0", "male": null, "maxheight": null, "microbrewery": null, "mobile": null, "name": "IT Italian Trattoria", "network": null, "network:wikidata": null, "network:wikipedia": null, "not:brand:wikidata": null, "note": null, "old_name": null, "old_name:-2023": null, "old_name:-2025": null, "opening_hours": "Su-Th 09:00-22:00; Fr-Sa 09:00-22:30", "operator": null, "operator:type": null, "operator:wikidata": null, "operator:wikipedia": null, "orientation": null, "outdoor_seating": "yes", "panoramax": "d2266845-c724-467b-98d6-8609350c87fa", "park_ride": null, "parking": null, "parking_space": null, "payment:coins": null, "payment:credit_cards": null, "phone": "+33 2 47 39 65 86", "post_box:type": null, "ref": "17", "ref:FR:SIRET": "87805554000024", "ref:UAI": null, "room": "restaurant", "shop": null, "short_name": null, "source": null, "source:opening_hours": "website", "start_date": null, "takeaway": "yes", "vending": null, "was:name": null, "website": "https://restaurants.it-trattoria.fr/tours-lheure-tranquille/", "website:menu": "https://drive.google.com/file/d/1JxEf0acxudaBpePVvx8qmyTA2jwc1VhY/view?pli=1", "wheelchair": null, "wikidata": null }, "geometry": { "type": "Point", "coordinates": [ 0.678743560647944, 47.3659657 ] } },
{ "type": "Feature", "properties": { "id": "way/390130368", "@id": "way/390130368", "access": null, "addr:city": null, "addr:housenumber": null, "addr:postcode": null, "addr:street": null, "amenity": "fast_food", "atm": null, "backrest": null, "beauty": null, "bicycle_parking": null, "bicycle_rental": null, "brand": "Côté Sushi", "brand:email": null, "brand:facebook": null, "brand:instagram": null, "brand:website": null, "brand:wikidata": "Q130731390", "brand:wikipedia": null, "brewery": null, "building": null, "building:levels": null, "building:min_level": null, "capacity": null, "capacity:delivery": null, "capacity:disabled": null, "changing_table": null, "changing_table:location": null, "check_date": null, "check_date:capacity": null, "check_date:opening_hours": null, "check_date:panoramax": "2025-06-14", "clothes": null, "collection_times": null, "contact:city": "Tours", "contact:facebook": null, "contact:housenumber": "59", "contact:instagram": null, "contact:phone": null, "contact:postcode": "37200", "contact:street": "Marcel Mérieux", "contact:website": null, "covered": null, "cuisine": "sushi;japanese", "currency:EUR": null, "delivery": null, "delivery:partner": null, "delivery_hours": null, "description": null, "diet:vegetarian": null, "disabled": null, "disused:shop": null, "drinking_water": null, "email": null, "entrance": null, "fee": null, "female": null, "fixme": null, "indoor": "room", "indoor_seating": null, "internet_access": null, "layer": null, "level": "0", "male": null, "maxheight": null, "microbrewery": null, "mobile": null, "name": "Côté Sushi", "network": null, "network:wikidata": null, "network:wikipedia": null, "not:brand:wikidata": null, "note": null, "old_name": null, "old_name:-2023": null, "old_name:-2025": null, "opening_hours": "Su-Th 11:00-22:30; Fr-Sa 11:00-23:00", "operator": null, "operator:type": null, "operator:wikidata": null, "operator:wikipedia": null, "orientation": null, "outdoor_seating": null, "panoramax": "ec4e8200-fd6e-488d-aec5-dd4bc8ade2d5", "park_ride": null, "parking": null, "parking_space": null, "payment:coins": null, "payment:credit_cards": null, "phone": "+33 2 47 86 23 98", "post_box:type": null, "ref": "11", "ref:FR:SIRET": "89929260100023", "ref:UAI": null, "room": "restaurant", "shop": null, "short_name": null, "source": "INSEE - 2022-08", "source:opening_hours": "website", "start_date": null, "takeaway": "yes", "vending": null, "was:name": null, "website": "https://cotesushi.com/restaurants/52", "website:menu": "https://cotesushi.com/carte", "wheelchair": null, "wikidata": null }, "geometry": { "type": "Point", "coordinates": [ 0.677942853549361, 47.36602085 ] } },
{ "type": "Feature", "properties": { "id": "way/390130370", "@id": "way/390130370", "access": null, "addr:city": null, "addr:housenumber": null, "addr:postcode": null, "addr:street": null, "amenity": null, "atm": null, "backrest": null, "beauty": null, "bicycle_parking": null, "bicycle_rental": null, "brand": "Le Temps des Cerises", "brand:email": null, "brand:facebook": null, "brand:instagram": null, "brand:website": null, "brand:wikidata": "Q3228558", "brand:wikipedia": "fr:Le Temps des cerises (marque)", "brewery": null, "building": null, "building:levels": null, "building:min_level": null, "capacity": null, "capacity:delivery": null, "capacity:disabled": null, "changing_table": null, "changing_table:location": null, "check_date": "2023-12-16", "check_date:capacity": null, "check_date:opening_hours": null, "check_date:panoramax": "2025-06-14", "clothes": null, "collection_times": null, "contact:city": null, "contact:facebook": null, "contact:housenumber": null, "contact:instagram": null, "contact:phone": null, "contact:postcode": null, "contact:street": null, "contact:website": null, "covered": null, "cuisine": null, "currency:EUR": null, "delivery": null, "delivery:partner": null, "delivery_hours": null, "description": null, "diet:vegetarian": null, "disabled": null, "disused:shop": null, "drinking_water": null, "email": "ltdc3700@letempsdescerisesjeans.fr", "entrance": null, "fee": null, "female": null, "fixme": null, "indoor": "room", "indoor_seating": null, "internet_access": null, "layer": null, "level": "0", "male": null, "maxheight": null, "microbrewery": null, "mobile": null, "name": "Le Temps des Cerises", "network": null, "network:wikidata": null, "network:wikipedia": null, "not:brand:wikidata": null, "note": null, "old_name": null, "old_name:-2023": null, "old_name:-2025": null, "opening_hours": "Mo-Sa 10:00-20:00", "operator": null, "operator:type": null, "operator:wikidata": null, "operator:wikipedia": null, "orientation": null, "outdoor_seating": null, "panoramax": "fccef3a0-362a-4294-a8ee-14fcc4e8beb9", "park_ride": null, "parking": null, "parking_space": null, "payment:coins": null, "payment:credit_cards": null, "phone": "+33 2 47 48 93 09", "post_box:type": null, "ref": "4", "ref:FR:SIRET": "50150500200235", "ref:UAI": null, "room": "shop", "shop": "clothes", "short_name": null, "source": null, "source:opening_hours": "website", "start_date": null, "takeaway": null, "vending": null, "was:name": null, "website": "https://www.letempsdescerises.com/boutiques/tours-html", "website:menu": null, "wheelchair": null, "wikidata": null }, "geometry": { "type": "Point", "coordinates": [ 0.676949380375209, 47.3661565 ] } },
{ "type": "Feature", "properties": { "id": "way/390130371", "@id": "way/390130371", "access": null, "addr:city": null, "addr:housenumber": null, "addr:postcode": null, "addr:street": null, "amenity": null, "atm": null, "backrest": null, "beauty": null, "bicycle_parking": null, "bicycle_rental": null, "brand": "Foot Locker", "brand:email": null, "brand:facebook": null, "brand:instagram": null, "brand:website": null, "brand:wikidata": "Q63335", "brand:wikipedia": null, "brewery": null, "building": null, "building:levels": null, "building:min_level": null, "capacity": null, "capacity:delivery": null, "capacity:disabled": null, "changing_table": null, "changing_table:location": null, "check_date": null, "check_date:capacity": null, "check_date:opening_hours": null, "check_date:panoramax": "2025-06-14", "clothes": null, "collection_times": null, "contact:city": "Tours", "contact:facebook": null, "contact:housenumber": "59", "contact:instagram": null, "contact:phone": null, "contact:postcode": "37200", "contact:street": "Marcel Mérieux", "contact:website": null, "covered": null, "cuisine": null, "currency:EUR": null, "delivery": null, "delivery:partner": null, "delivery_hours": null, "description": null, "diet:vegetarian": null, "disabled": null, "disused:shop": null, "drinking_water": null, "email": null, "entrance": null, "fee": null, "female": null, "fixme": null, "indoor": "room", "indoor_seating": null, "internet_access": null, "layer": null, "level": "0", "male": null, "maxheight": null, "microbrewery": null, "mobile": null, "name": "Foot Locker", "network": null, "network:wikidata": null, "network:wikipedia": null, "not:brand:wikidata": null, "note": null, "old_name": null, "old_name:-2023": null, "old_name:-2025": null, "opening_hours": "Mo-Sa 10:00-20:00", "operator": null, "operator:type": null, "operator:wikidata": null, "operator:wikipedia": null, "orientation": null, "outdoor_seating": null, "panoramax": "af27357f-7a93-4506-b472-0ef11e60ee8b", "park_ride": null, "parking": null, "parking_space": null, "payment:coins": null, "payment:credit_cards": null, "phone": "+33 2 46 93 01 33", "post_box:type": null, "ref": "39", "ref:FR:SIRET": "38240186701973", "ref:UAI": null, "room": "shop", "shop": "shoes", "short_name": null, "source": null, "source:opening_hours": "website", "start_date": null, "takeaway": null, "vending": null, "was:name": null, "website": "https://stores.footlocker.fr/fr/fr-cvl/tours/c.c.-lheure-tranquille-53_31_05417.html", "website:menu": null, "wheelchair": null, "wikidata": null }, "geometry": { "type": "Point", "coordinates": [ 0.679346699368132, 47.3663387 ] } },
{ "type": "Feature", "properties": { "id": "way/390130372", "@id": "way/390130372", "access": null, "addr:city": null, "addr:housenumber": null, "addr:postcode": null, "addr:street": null, "amenity": null, "atm": null, "backrest": null, "beauty": null, "bicycle_parking": null, "bicycle_rental": null, "brand": null, "brand:email": null, "brand:facebook": null, "brand:instagram": null, "brand:website": null, "brand:wikidata": null, "brand:wikipedia": null, "brewery": null, "building": null, "building:levels": null, "building:min_level": null, "capacity": null, "capacity:delivery": null, "capacity:disabled": null, "changing_table": null, "changing_table:location": null, "check_date": null, "check_date:capacity": null, "check_date:opening_hours": null, "check_date:panoramax": "2025-06-14", "clothes": "women", "collection_times": null, "contact:city": "Tours", "contact:facebook": null, "contact:housenumber": "59", "contact:instagram": null, "contact:phone": "+33 9 61 61 75 83", "contact:postcode": "37200", "contact:street": "Marcel Mérieux", "contact:website": "https://moaparis.com/", "covered": null, "cuisine": null, "currency:EUR": null, "delivery": null, "delivery:partner": null, "delivery_hours": null, "description": "maroquinerie et accessoires", "diet:vegetarian": null, "disabled": null, "disused:shop": null, "drinking_water": null, "email": null, "entrance": null, "fee": null, "female": null, "fixme": null, "indoor": "room", "indoor_seating": null, "internet_access": null, "layer": null, "level": "0", "male": null, "maxheight": null, "microbrewery": null, "mobile": null, "name": "Moa", "network": null, "network:wikidata": null, "network:wikipedia": null, "not:brand:wikidata": null, "note": null, "old_name": null, "old_name:-2023": null, "old_name:-2025": null, "opening_hours": "Mo-Sa 10:00-20:00", "operator": null, "operator:type": null, "operator:wikidata": null, "operator:wikipedia": null, "orientation": null, "outdoor_seating": null, "panoramax": "5de9669b-0c41-4938-b46f-5f545785c6c2", "park_ride": null, "parking": null, "parking_space": null, "payment:coins": null, "payment:credit_cards": null, "phone": null, "post_box:type": null, "ref": "48", "ref:FR:SIRET": "44121739500413", "ref:UAI": null, "room": "shop", "shop": "jewelry", "short_name": null, "source": "INSEE - 2022-08", "source:opening_hours": null, "start_date": null, "takeaway": null, "vending": null, "was:name": null, "website": null, "website:menu": null, "wheelchair": null, "wikidata": null }, "geometry": { "type": "Point", "coordinates": [ 0.677827694621979, 47.3663421 ] } },
{ "type": "Feature", "properties": { "id": "way/390130373", "@id": "way/390130373", "access": null, "addr:city": null, "addr:housenumber": null, "addr:postcode": null, "addr:street": null, "amenity": null, "atm": null, "backrest": null, "beauty": null, "bicycle_parking": null, "bicycle_rental": null, "brand": "Mango", "brand:email": null, "brand:facebook": null, "brand:instagram": null, "brand:website": null, "brand:wikidata": "Q136503", "brand:wikipedia": "en:Mango (retailer)", "brewery": null, "building": null, "building:levels": null, "building:min_level": null, "capacity": null, "capacity:delivery": null, "capacity:disabled": null, "changing_table": null, "changing_table:location": null, "check_date": null, "check_date:capacity": null, "check_date:opening_hours": null, "check_date:panoramax": "2025-06-14", "clothes": null, "collection_times": null, "contact:city": "Tours", "contact:facebook": null, "contact:housenumber": "59", "contact:instagram": null, "contact:phone": "+33 2 47 39 66 12", "contact:postcode": "37200", "contact:street": "Marcel Mérieux", "contact:website": "https://shop.mango.com/fr", "covered": null, "cuisine": null, "currency:EUR": null, "delivery": null, "delivery:partner": null, "delivery_hours": null, "description": null, "diet:vegetarian": null, "disabled": null, "disused:shop": null, "drinking_water": null, "email": null, "entrance": null, "fee": null, "female": null, "fixme": null, "indoor": "room", "indoor_seating": null, "internet_access": null, "layer": null, "level": "0;1", "male": null, "maxheight": null, "microbrewery": null, "mobile": null, "name": "Mango", "network": null, "network:wikidata": null, "network:wikipedia": null, "not:brand:wikidata": null, "note": null, "old_name": null, "old_name:-2023": null, "old_name:-2025": null, "opening_hours": "Mo-Sa 10:00-20:00", "operator": null, "operator:type": null, "operator:wikidata": null, "operator:wikipedia": null, "orientation": null, "outdoor_seating": null, "panoramax": "a26a4951-1fa0-4cf5-b059-22c1498fa9d8", "park_ride": null, "parking": null, "parking_space": null, "payment:coins": null, "payment:credit_cards": null, "phone": null, "post_box:type": null, "ref": "2", "ref:FR:SIRET": "40325913801125", "ref:UAI": null, "room": "shop", "shop": "clothes", "short_name": null, "source": "INSEE - 2022-08", "source:opening_hours": null, "start_date": null, "takeaway": null, "vending": null, "was:name": null, "website": null, "website:menu": null, "wheelchair": null, "wikidata": null }, "geometry": { "type": "Point", "coordinates": [ 0.676597228589247, 47.36616105 ] } },
{ "type": "Feature", "properties": { "id": "way/390130374", "@id": "way/390130374", "access": null, "addr:city": null, "addr:housenumber": null, "addr:postcode": null, "addr:street": null, "amenity": null, "atm": null, "backrest": null, "beauty": null, "bicycle_parking": null, "bicycle_rental": null, "brand": null, "brand:email": null, "brand:facebook": null, "brand:instagram": null, "brand:website": null, "brand:wikidata": null, "brand:wikipedia": null, "brewery": null, "building": null, "building:levels": null, "building:min_level": null, "capacity": null, "capacity:delivery": null, "capacity:disabled": null, "changing_table": null, "changing_table:location": null, "check_date": "2023-12-16", "check_date:capacity": null, "check_date:opening_hours": null, "check_date:panoramax": "2025-06-14", "clothes": null, "collection_times": null, "contact:city": null, "contact:facebook": null, "contact:housenumber": null, "contact:instagram": null, "contact:phone": null, "contact:postcode": null, "contact:street": null, "contact:website": null, "covered": null, "cuisine": null, "currency:EUR": null, "delivery": null, "delivery:partner": null, "delivery_hours": null, "description": null, "diet:vegetarian": null, "disabled": null, "disused:shop": null, "drinking_water": null, "email": null, "entrance": null, "fee": null, "female": null, "fixme": null, "indoor": "room", "indoor_seating": null, "internet_access": null, "layer": null, "level": "0", "male": null, "maxheight": null, "microbrewery": null, "mobile": null, "name": "L’Opticien concept", "network": null, "network:wikidata": null, "network:wikipedia": null, "not:brand:wikidata": null, "note": null, "old_name": null, "old_name:-2023": null, "old_name:-2025": null, "opening_hours": "Mo-Sa 10:00-20:00", "operator": null, "operator:type": null, "operator:wikidata": null, "operator:wikipedia": null, "orientation": null, "outdoor_seating": null, "panoramax": "ab4b916a-4c9f-4c9e-8c4b-dbc01e22e7d9", "park_ride": null, "parking": null, "parking_space": null, "payment:coins": null, "payment:credit_cards": null, "phone": null, "post_box:type": null, "ref": "38", "ref:FR:SIRET": null, "ref:UAI": null, "room": "shop", "shop": "optician", "short_name": null, "source": null, "source:opening_hours": null, "start_date": null, "takeaway": null, "vending": null, "was:name": null, "website": null, "website:menu": null, "wheelchair": null, "wikidata": null }, "geometry": { "type": "Point", "coordinates": [ 0.679547388963919, 47.3663036 ] } },
{ "type": "Feature", "properties": { "id": "way/390130375", "@id": "way/390130375", "access": null, "addr:city": null, "addr:housenumber": null, "addr:postcode": null, "addr:street": null, "amenity": null, "atm": null, "backrest": null, "beauty": null, "bicycle_parking": null, "bicycle_rental": null, "brand": "Primark", "brand:email": null, "brand:facebook": null, "brand:instagram": null, "brand:website": null, "brand:wikidata": "Q137023", "brand:wikipedia": null, "brewery": null, "building": null, "building:levels": null, "building:min_level": null, "capacity": null, "capacity:delivery": null, "capacity:disabled": null, "changing_table": null, "changing_table:location": null, "check_date": null, "check_date:capacity": null, "check_date:opening_hours": null, "check_date:panoramax": "2025-06-14", "clothes": null, "collection_times": null, "contact:city": "Tours", "contact:facebook": null, "contact:housenumber": "59", "contact:instagram": null, "contact:phone": null, "contact:postcode": "37200", "contact:street": "Marcel Mérieux", "contact:website": null, "covered": null, "cuisine": null, "currency:EUR": null, "delivery": null, "delivery:partner": null, "delivery_hours": null, "description": null, "diet:vegetarian": null, "disabled": null, "disused:shop": "yes", "drinking_water": null, "email": null, "entrance": null, "fee": null, "female": null, "fixme": null, "indoor": "room", "indoor_seating": null, "internet_access": null, "layer": null, "level": "0", "male": null, "maxheight": null, "microbrewery": null, "mobile": null, "name": "Primark", "network": null, "network:wikidata": null, "network:wikipedia": null, "not:brand:wikidata": null, "note": null, "old_name": "Monoprix", "old_name:-2023": null, "old_name:-2025": null, "opening_hours": "Mo-Su 10:00-20:00", "operator": null, "operator:type": null, "operator:wikidata": null, "operator:wikipedia": null, "orientation": null, "outdoor_seating": null, "panoramax": "dc2f5aa9-f8d3-4fc1-82bc-bc3dfe7b608c", "park_ride": null, "parking": null, "parking_space": null, "payment:coins": null, "payment:credit_cards": null, "phone": "+33 2 90 77 10 80", "post_box:type": null, "ref": "23", "ref:FR:SIRET": "79085829400362", "ref:UAI": null, "room": "shop", "shop": "clothes", "short_name": null, "source": null, "source:opening_hours": "website", "start_date": "2024-12-05", "takeaway": null, "vending": null, "was:name": null, "website": "https://www.primark.com/fr-fr/stores/tours/centre-commercial-lheure-tranquille", "website:menu": null, "wheelchair": null, "wikidata": null }, "geometry": { "type": "Point", "coordinates": [ 0.679794471700508, 47.3659188 ] } },
{ "type": "Feature", "properties": { "id": "way/390130376", "@id": "way/390130376", "access": null, "addr:city": null, "addr:housenumber": null, "addr:postcode": null, "addr:street": null, "amenity": null, "atm": null, "backrest": null, "beauty": null, "bicycle_parking": null, "bicycle_rental": null, "brand": "New Yorker", "brand:email": null, "brand:facebook": null, "brand:instagram": null, "brand:website": null, "brand:wikidata": "Q706421", "brand:wikipedia": "en:New Yorker (clothing)", "brewery": null, "building": null, "building:levels": null, "building:min_level": null, "capacity": null, "capacity:delivery": null, "capacity:disabled": null, "changing_table": null, "changing_table:location": null, "check_date": null, "check_date:capacity": null, "check_date:opening_hours": "2024-04-16", "check_date:panoramax": "2025-06-14", "clothes": null, "collection_times": null, "contact:city": "Tours", "contact:facebook": null, "contact:housenumber": "59", "contact:instagram": null, "contact:phone": null, "contact:postcode": "37200", "contact:street": "Marcel Mérieux", "contact:website": null, "covered": null, "cuisine": null, "currency:EUR": null, "delivery": null, "delivery:partner": null, "delivery_hours": null, "description": null, "diet:vegetarian": null, "disabled": null, "disused:shop": null, "drinking_water": null, "email": null, "entrance": null, "fee": null, "female": null, "fixme": null, "indoor": "room", "indoor_seating": null, "internet_access": null, "layer": null, "level": "0", "male": null, "maxheight": null, "microbrewery": null, "mobile": null, "name": "New Yorker", "network": null, "network:wikidata": null, "network:wikipedia": null, "not:brand:wikidata": null, "note": null, "old_name": null, "old_name:-2023": null, "old_name:-2025": null, "opening_hours": "Mo-Sa 10:00-20:00", "operator": null, "operator:type": null, "operator:wikidata": null, "operator:wikipedia": null, "orientation": null, "outdoor_seating": null, "panoramax": "1d9dce45-ac7c-42ff-931e-7b1778797e9a", "park_ride": null, "parking": null, "parking_space": null, "payment:coins": null, "payment:credit_cards": null, "phone": "+33 2 47 74 75 58", "post_box:type": null, "ref": "50", "ref:FR:SIRET": "49840624800076", "ref:UAI": null, "room": "shop", "shop": "clothes", "short_name": null, "source": "INSEE - 2022-08", "source:opening_hours": null, "start_date": null, "takeaway": null, "vending": null, "was:name": null, "website": null, "website:menu": null, "wheelchair": null, "wikidata": null }, "geometry": { "type": "Point", "coordinates": [ 0.677694564229578, 47.36653085 ] } },
{ "type": "Feature", "properties": { "id": "way/390130377", "@id": "way/390130377", "access": null, "addr:city": null, "addr:housenumber": null, "addr:postcode": null, "addr:street": null, "amenity": "restaurant", "atm": null, "backrest": null, "beauty": null, "bicycle_parking": null, "bicycle_rental": null, "brand": null, "brand:email": null, "brand:facebook": null, "brand:instagram": null, "brand:website": null, "brand:wikidata": null, "brand:wikipedia": null, "brewery": null, "building": null, "building:levels": null, "building:min_level": null, "capacity": null, "capacity:delivery": null, "capacity:disabled": null, "changing_table": null, "changing_table:location": null, "check_date": null, "check_date:capacity": null, "check_date:opening_hours": null, "check_date:panoramax": "2025-06-14", "clothes": null, "collection_times": null, "contact:city": "Tours", "contact:facebook": null, "contact:housenumber": "59", "contact:instagram": null, "contact:phone": null, "contact:postcode": "37200", "contact:street": "Marcel Mérieux", "contact:website": null, "covered": null, "cuisine": "mexican", "currency:EUR": null, "delivery": null, "delivery:partner": null, "delivery_hours": null, "description": null, "diet:vegetarian": "yes", "disabled": null, "disused:shop": null, "drinking_water": null, "email": null, "entrance": null, "fee": null, "female": null, "fixme": null, "indoor": "room", "indoor_seating": "yes", "internet_access": null, "layer": null, "level": "0", "male": null, "maxheight": null, "microbrewery": null, "mobile": null, "name": "Nachos", "network": null, "network:wikidata": null, "network:wikipedia": null, "not:brand:wikidata": null, "note": null, "old_name": null, "old_name:-2023": null, "old_name:-2025": null, "opening_hours": "Su-We 11:30-21:30; Th-Sa 11:30-22:30", "operator": null, "operator:type": null, "operator:wikidata": null, "operator:wikipedia": null, "orientation": null, "outdoor_seating": "yes", "panoramax": "21abb59a-c183-4503-afb5-9f931acbee51", "park_ride": null, "parking": null, "parking_space": null, "payment:coins": null, "payment:credit_cards": null, "phone": "+33 2 47 73 98 70", "post_box:type": null, "ref": "27", "ref:FR:SIRET": "97890494400011", "ref:UAI": null, "room": "shop", "shop": null, "short_name": null, "source": null, "source:opening_hours": "website", "start_date": null, "takeaway": null, "vending": null, "was:name": null, "website": "https://nachos.fr/tours-les-2-lions/", "website:menu": null, "wheelchair": null, "wikidata": null }, "geometry": { "type": "Point", "coordinates": [ 0.680155776238939, 47.3662576 ] } },
{ "type": "Feature", "properties": { "id": "way/390130378", "@id": "way/390130378", "access": null, "addr:city": null, "addr:housenumber": null, "addr:postcode": null, "addr:street": null, "amenity": null, "atm": null, "backrest": null, "beauty": null, "bicycle_parking": null, "bicycle_rental": null, "brand": "Adopt'", "brand:email": null, "brand:facebook": null, "brand:instagram": null, "brand:website": null, "brand:wikidata": "Q104649177", "brand:wikipedia": null, "brewery": null, "building": null, "building:levels": null, "building:min_level": null, "capacity": null, "capacity:delivery": null, "capacity:disabled": null, "changing_table": null, "changing_table:location": null, "check_date": null, "check_date:capacity": null, "check_date:opening_hours": null, "check_date:panoramax": "2025-06-14", "clothes": null, "collection_times": null, "contact:city": "Tours", "contact:facebook": null, "contact:housenumber": "59", "contact:instagram": null, "contact:phone": null, "contact:postcode": "37200", "contact:street": "Marcel Mérieux", "contact:website": null, "covered": null, "cuisine": null, "currency:EUR": null, "delivery": null, "delivery:partner": null, "delivery_hours": null, "description": null, "diet:vegetarian": null, "disabled": null, "disused:shop": null, "drinking_water": null, "email": null, "entrance": null, "fee": null, "female": null, "fixme": null, "indoor": "room", "indoor_seating": null, "internet_access": null, "layer": null, "level": "0", "male": null, "maxheight": null, "microbrewery": null, "mobile": null, "name": "Adopt'", "network": null, "network:wikidata": null, "network:wikipedia": null, "not:brand:wikidata": null, "note": null, "old_name": null, "old_name:-2023": null, "old_name:-2025": null, "opening_hours": "Mo 10:00-18:00; Tu-Sa 10:00-20:00", "operator": null, "operator:type": null, "operator:wikidata": null, "operator:wikipedia": null, "orientation": null, "outdoor_seating": null, "panoramax": "f8d12260-2ac5-4ec6-bd3a-748817359450", "park_ride": null, "parking": null, "parking_space": null, "payment:coins": null, "payment:credit_cards": null, "phone": null, "post_box:type": null, "ref": "22", "ref:FR:SIRET": "91069334000184", "ref:UAI": null, "room": "shop", "shop": "perfumery", "short_name": null, "source": null, "source:opening_hours": "website", "start_date": null, "takeaway": null, "vending": null, "was:name": null, "website": "https://www.adopt.com/fr/store-locator/adopt-parfums-tours", "website:menu": null, "wheelchair": null, "wikidata": null }, "geometry": { "type": "Point", "coordinates": [ 0.679406959782609, 47.3659904 ] } },
{ "type": "Feature", "properties": { "id": "way/390130379", "@id": "way/390130379", "access": null, "addr:city": "Tours", "addr:housenumber": null, "addr:postcode": null, "addr:street": null, "amenity": "restaurant", "atm": null, "backrest": null, "beauty": null, "bicycle_parking": null, "bicycle_rental": null, "brand": null, "brand:email": null, "brand:facebook": null, "brand:instagram": null, "brand:website": null, "brand:wikidata": null, "brand:wikipedia": null, "brewery": null, "building": "yes", "building:levels": "2", "building:min_level": "1", "capacity": null, "capacity:delivery": null, "capacity:disabled": null, "changing_table": null, "changing_table:location": null, "check_date": null, "check_date:capacity": null, "check_date:opening_hours": null, "check_date:panoramax": null, "clothes": null, "collection_times": null, "contact:city": null, "contact:facebook": null, "contact:housenumber": null, "contact:instagram": null, "contact:phone": null, "contact:postcode": null, "contact:street": null, "contact:website": null, "covered": null, "cuisine": null, "currency:EUR": null, "delivery": null, "delivery:partner": null, "delivery_hours": null, "description": null, "diet:vegetarian": null, "disabled": null, "disused:shop": null, "drinking_water": null, "email": null, "entrance": null, "fee": null, "female": null, "fixme": "Ce restaurant n'est pas listé sur le site de l'Heure Tranquille et son propre site est inaccessible, il faut vérifier ce qu'il y a à la place.", "indoor": "room", "indoor_seating": null, "internet_access": null, "layer": null, "level": "1", "male": null, "maxheight": null, "microbrewery": null, "mobile": null, "name": "Le Patacrêpe", "network": null, "network:wikidata": null, "network:wikipedia": null, "not:brand:wikidata": null, "note": null, "old_name": null, "old_name:-2023": null, "old_name:-2025": null, "opening_hours": "Mo-Su 09:00-00:00", "operator": null, "operator:type": null, "operator:wikidata": null, "operator:wikipedia": null, "orientation": null, "outdoor_seating": null, "panoramax": null, "park_ride": null, "parking": null, "parking_space": null, "payment:coins": null, "payment:credit_cards": null, "phone": "+33 2 47 38 03 96", "post_box:type": null, "ref": "12", "ref:FR:SIRET": null, "ref:UAI": null, "room": "restaurant", "shop": null, "short_name": null, "source": null, "source:opening_hours": null, "start_date": null, "takeaway": null, "vending": null, "was:name": null, "website": "https://www.le-patacrepe.com/", "website:menu": null, "wheelchair": "yes", "wikidata": null }, "geometry": { "type": "Point", "coordinates": [ 0.677968853577628, 47.36592395 ] } },
{ "type": "Feature", "properties": { "id": "way/390130380", "@id": "way/390130380", "access": null, "addr:city": null, "addr:housenumber": null, "addr:postcode": null, "addr:street": null, "amenity": "restaurant", "atm": null, "backrest": null, "beauty": null, "bicycle_parking": null, "bicycle_rental": null, "brand": "Le Paradis du Fruit", "brand:email": "serviceclient@leparadisdufruit.fr", "brand:facebook": "https://www.facebook.com/LeParadisdufruit/", "brand:instagram": "https://www.instagram.com/leparadisdufruit/?hl=fr", "brand:website": null, "brand:wikidata": null, "brand:wikipedia": null, "brewery": null, "building": null, "building:levels": null, "building:min_level": null, "capacity": null, "capacity:delivery": null, "capacity:disabled": null, "changing_table": null, "changing_table:location": null, "check_date": null, "check_date:capacity": null, "check_date:opening_hours": "2025-11-19", "check_date:panoramax": "2025-06-14", "clothes": null, "collection_times": null, "contact:city": "Tours", "contact:facebook": null, "contact:housenumber": "59", "contact:instagram": null, "contact:phone": null, "contact:postcode": "37200", "contact:street": "Marcel Mérieux", "contact:website": null, "covered": null, "cuisine": null, "currency:EUR": null, "delivery": null, "delivery:partner": null, "delivery_hours": null, "description": null, "diet:vegetarian": null, "disabled": null, "disused:shop": null, "drinking_water": null, "email": null, "entrance": null, "fee": null, "female": null, "fixme": null, "indoor": "room", "indoor_seating": null, "internet_access": null, "layer": null, "level": "0", "male": null, "maxheight": null, "microbrewery": null, "mobile": null, "name": "Le paradis du fruit", "network": null, "network:wikidata": null, "network:wikipedia": null, "not:brand:wikidata": null, "note": null, "old_name": null, "old_name:-2023": null, "old_name:-2025": null, "opening_hours": "Mo-Th 09:00-23:00; Fr,Sa 09:00-00:00; Su 11:00-23:00", "operator": null, "operator:type": null, "operator:wikidata": null, "operator:wikipedia": null, "orientation": null, "outdoor_seating": null, "panoramax": "60f14e17-23cf-473a-b54a-5f711010cbd0", "park_ride": null, "parking": null, "parking_space": null, "payment:coins": null, "payment:credit_cards": null, "phone": null, "post_box:type": null, "ref": "12", "ref:FR:SIRET": null, "ref:UAI": null, "room": "restaurant", "shop": null, "short_name": null, "source": null, "source:opening_hours": "website", "start_date": null, "takeaway": "yes", "vending": null, "was:name": null, "website": "https://restaurants.leparadisdufruit.fr/tours-heure-tranquille/", "website:menu": "https://www.leparadisdufruit.fr/menu-tours/", "wheelchair": null, "wikidata": null }, "geometry": { "type": "Point", "coordinates": [ 0.678060265244816, 47.36597 ] } },
{ "type": "Feature", "properties": { "id": "way/390130382", "@id": "way/390130382", "access": null, "addr:city": null, "addr:housenumber": null, "addr:postcode": null, "addr:street": null, "amenity": null, "atm": null, "backrest": null, "beauty": null, "bicycle_parking": null, "bicycle_rental": null, "brand": "RougeGorge", "brand:email": null, "brand:facebook": null, "brand:instagram": null, "brand:website": null, "brand:wikidata": "Q104600739", "brand:wikipedia": null, "brewery": null, "building": null, "building:levels": null, "building:min_level": null, "capacity": null, "capacity:delivery": null, "capacity:disabled": null, "changing_table": null, "changing_table:location": null, "check_date": "2023-12-16", "check_date:capacity": null, "check_date:opening_hours": null, "check_date:panoramax": "2025-06-14", "clothes": "underwear", "collection_times": null, "contact:city": "Tours", "contact:facebook": null, "contact:housenumber": "59", "contact:instagram": null, "contact:phone": null, "contact:postcode": "37200", "contact:street": "Marcel Mérieux", "contact:website": null, "covered": null, "cuisine": null, "currency:EUR": null, "delivery": null, "delivery:partner": null, "delivery_hours": null, "description": null, "diet:vegetarian": null, "disabled": null, "disused:shop": null, "drinking_water": null, "email": null, "entrance": null, "fee": null, "female": null, "fixme": null, "indoor": "room", "indoor_seating": null, "internet_access": null, "layer": null, "level": "0", "male": null, "maxheight": null, "microbrewery": null, "mobile": null, "name": "RougeGorge", "network": null, "network:wikidata": null, "network:wikipedia": null, "not:brand:wikidata": null, "note": null, "old_name": null, "old_name:-2023": null, "old_name:-2025": null, "opening_hours": "Mo-Sa 10:00-20:00", "operator": null, "operator:type": null, "operator:wikidata": null, "operator:wikipedia": null, "orientation": null, "outdoor_seating": null, "panoramax": "40aea1a8-3e28-44e0-ab68-56aeb2816847", "park_ride": null, "parking": null, "parking_space": null, "payment:coins": null, "payment:credit_cards": null, "phone": "+33 2 47 88 00 02", "post_box:type": null, "ref": "49", "ref:FR:SIRET": "55850335501443", "ref:UAI": null, "room": "shop", "shop": "clothes", "short_name": null, "source": null, "source:opening_hours": "website", "start_date": null, "takeaway": null, "vending": null, "was:name": null, "website": "https://www.rougegorge.com/fr-fr/magasins/6482/", "website:menu": null, "wheelchair": null, "wikidata": null }, "geometry": { "type": "Point", "coordinates": [ 0.677743193922008, 47.36632945 ] } },
{ "type": "Feature", "properties": { "id": "way/390130387", "@id": "way/390130387", "access": null, "addr:city": null, "addr:housenumber": null, "addr:postcode": null, "addr:street": null, "amenity": null, "atm": null, "backrest": null, "beauty": null, "bicycle_parking": null, "bicycle_rental": null, "brand": "Jack & Jones", "brand:email": null, "brand:facebook": null, "brand:instagram": null, "brand:website": null, "brand:wikidata": "Q6077665", "brand:wikipedia": null, "brewery": null, "building": null, "building:levels": null, "building:min_level": null, "capacity": null, "capacity:delivery": null, "capacity:disabled": null, "changing_table": null, "changing_table:location": null, "check_date": null, "check_date:capacity": null, "check_date:opening_hours": null, "check_date:panoramax": "2025-06-14", "clothes": null, "collection_times": null, "contact:city": "Tours", "contact:facebook": null, "contact:housenumber": "59", "contact:instagram": null, "contact:phone": null, "contact:postcode": "37200", "contact:street": "Marcel Mérieux", "contact:website": null, "covered": null, "cuisine": null, "currency:EUR": null, "delivery": null, "delivery:partner": null, "delivery_hours": null, "description": null, "diet:vegetarian": null, "disabled": null, "disused:shop": null, "drinking_water": null, "email": null, "entrance": null, "fee": null, "female": null, "fixme": null, "indoor": "room", "indoor_seating": null, "internet_access": null, "layer": null, "level": "0", "male": null, "maxheight": null, "microbrewery": null, "mobile": null, "name": "Jack & Jones", "network": null, "network:wikidata": null, "network:wikipedia": null, "not:brand:wikidata": null, "note": null, "old_name": null, "old_name:-2023": null, "old_name:-2025": null, "opening_hours": null, "operator": null, "operator:type": null, "operator:wikidata": null, "operator:wikipedia": null, "orientation": null, "outdoor_seating": null, "panoramax": "18ca7c16-2a09-464d-a5e1-599d8d1a9535", "park_ride": null, "parking": null, "parking_space": null, "payment:coins": null, "payment:credit_cards": null, "phone": null, "post_box:type": null, "ref": "8", "ref:FR:SIRET": "50201056400511", "ref:UAI": null, "room": "shop", "shop": "clothes", "short_name": null, "source": null, "source:opening_hours": null, "start_date": null, "takeaway": null, "vending": null, "was:name": null, "website": null, "website:menu": null, "wheelchair": null, "wikidata": null }, "geometry": { "type": "Point", "coordinates": [ 0.67736958605479, 47.3660737 ] } },
{ "type": "Feature", "properties": { "id": "way/390130388", "@id": "way/390130388", "access": null, "addr:city": null, "addr:housenumber": null, "addr:postcode": null, "addr:street": null, "amenity": null, "atm": null, "backrest": null, "beauty": null, "bicycle_parking": null, "bicycle_rental": null, "brand": "SFR", "brand:email": null, "brand:facebook": null, "brand:instagram": null, "brand:website": null, "brand:wikidata": "Q218765", "brand:wikipedia": "en:SFR", "brewery": null, "building": null, "building:levels": null, "building:min_level": null, "capacity": null, "capacity:delivery": null, "capacity:disabled": null, "changing_table": null, "changing_table:location": null, "check_date": null, "check_date:capacity": null, "check_date:opening_hours": null, "check_date:panoramax": "2025-06-14", "clothes": null, "collection_times": null, "contact:city": "Tours", "contact:facebook": null, "contact:housenumber": "59", "contact:instagram": null, "contact:phone": null, "contact:postcode": "37200", "contact:street": "Marcel Mérieux", "contact:website": null, "covered": null, "cuisine": null, "currency:EUR": null, "delivery": null, "delivery:partner": null, "delivery_hours": null, "description": null, "diet:vegetarian": null, "disabled": null, "disused:shop": null, "drinking_water": null, "email": null, "entrance": null, "fee": null, "female": null, "fixme": null, "indoor": "room", "indoor_seating": null, "internet_access": null, "layer": null, "level": "0", "male": null, "maxheight": null, "microbrewery": null, "mobile": null, "name": "SFR", "network": null, "network:wikidata": null, "network:wikipedia": null, "not:brand:wikidata": null, "note": null, "old_name": null, "old_name:-2023": null, "old_name:-2025": null, "opening_hours": "Mo-Sa 10:00-20:00", "operator": null, "operator:type": null, "operator:wikidata": null, "operator:wikipedia": null, "orientation": null, "outdoor_seating": null, "panoramax": "bdfe285a-21d1-43be-98d4-340c51637d42", "park_ride": null, "parking": null, "parking_space": null, "payment:coins": null, "payment:credit_cards": null, "phone": null, "post_box:type": null, "ref": "33", "ref:FR:SIRET": "41035886506119", "ref:UAI": null, "room": "shop", "shop": "mobile_phone", "short_name": null, "source": "INSEE - 2022-08", "source:opening_hours": null, "start_date": null, "takeaway": null, "vending": null, "was:name": null, "website": null, "website:menu": null, "wheelchair": null, "wikidata": null }, "geometry": { "type": "Point", "coordinates": [ 0.680053711016424, 47.3664224 ] } },
{ "type": "Feature", "properties": { "id": "way/390130389", "@id": "way/390130389", "access": null, "addr:city": null, "addr:housenumber": null, "addr:postcode": null, "addr:street": null, "amenity": null, "atm": null, "backrest": null, "beauty": null, "bicycle_parking": null, "bicycle_rental": null, "brand": "Sephora", "brand:email": null, "brand:facebook": null, "brand:instagram": null, "brand:website": null, "brand:wikidata": "Q2408041", "brand:wikipedia": "en:Sephora", "brewery": null, "building": null, "building:levels": null, "building:min_level": null, "capacity": null, "capacity:delivery": null, "capacity:disabled": null, "changing_table": null, "changing_table:location": null, "check_date": "2023-12-16", "check_date:capacity": null, "check_date:opening_hours": null, "check_date:panoramax": "2025-06-14", "clothes": null, "collection_times": null, "contact:city": null, "contact:facebook": null, "contact:housenumber": null, "contact:instagram": null, "contact:phone": null, "contact:postcode": null, "contact:street": null, "contact:website": null, "covered": null, "cuisine": null, "currency:EUR": null, "delivery": null, "delivery:partner": null, "delivery_hours": null, "description": null, "diet:vegetarian": null, "disabled": null, "disused:shop": null, "drinking_water": null, "email": null, "entrance": null, "fee": null, "female": null, "fixme": null, "indoor": "room", "indoor_seating": null, "internet_access": null, "layer": null, "level": "0", "male": null, "maxheight": null, "microbrewery": null, "mobile": null, "name": "Sephora", "network": null, "network:wikidata": null, "network:wikipedia": null, "not:brand:wikidata": null, "note": null, "old_name": null, "old_name:-2023": null, "old_name:-2025": null, "opening_hours": "Mo-Sa 10:00-20:00", "operator": null, "operator:type": null, "operator:wikidata": null, "operator:wikipedia": null, "orientation": null, "outdoor_seating": null, "panoramax": "a39e4cd0-68b9-4fc4-88c8-6351074617dc", "park_ride": null, "parking": null, "parking_space": null, "payment:coins": null, "payment:credit_cards": null, "phone": "+33 2 47 39 39 06", "post_box:type": null, "ref": "9", "ref:FR:SIRET": "39371228602561", "ref:UAI": null, "room": "shop", "shop": "cosmetics", "short_name": null, "source": null, "source:opening_hours": null, "start_date": null, "takeaway": null, "vending": null, "was:name": null, "website": "https://www.sephora.fr/information-magasin/?storeID=S5971", "website:menu": null, "wheelchair": null, "wikidata": null }, "geometry": { "type": "Point", "coordinates": [ 0.677527623192542, 47.3660644 ] } },
{ "type": "Feature", "properties": { "id": "way/390130390", "@id": "way/390130390", "access": null, "addr:city": null, "addr:housenumber": null, "addr:postcode": null, "addr:street": null, "amenity": null, "atm": null, "backrest": null, "beauty": "hair_removal", "bicycle_parking": null, "bicycle_rental": null, "brand": "Dépil Tech", "brand:email": null, "brand:facebook": null, "brand:instagram": null, "brand:website": null, "brand:wikidata": "Q120762716", "brand:wikipedia": null, "brewery": null, "building": null, "building:levels": null, "building:min_level": null, "capacity": null, "capacity:delivery": null, "capacity:disabled": null, "changing_table": null, "changing_table:location": null, "check_date": null, "check_date:capacity": null, "check_date:opening_hours": null, "check_date:panoramax": "2025-06-14", "clothes": null, "collection_times": null, "contact:city": "Tours", "contact:facebook": null, "contact:housenumber": "59", "contact:instagram": null, "contact:phone": null, "contact:postcode": "37200", "contact:street": "Marcel Mérieux", "contact:website": null, "covered": null, "cuisine": null, "currency:EUR": null, "delivery": null, "delivery:partner": null, "delivery_hours": null, "description": null, "diet:vegetarian": null, "disabled": null, "disused:shop": null, "drinking_water": null, "email": "tours@depiltech.com", "entrance": null, "fee": null, "female": null, "fixme": null, "indoor": "room", "indoor_seating": null, "internet_access": null, "layer": null, "level": "0", "male": null, "maxheight": null, "microbrewery": null, "mobile": null, "name": "Dépil Tech", "network": null, "network:wikidata": null, "network:wikipedia": null, "not:brand:wikidata": null, "note": null, "old_name": null, "old_name:-2023": null, "old_name:-2025": null, "opening_hours": "Mo-Sa 10:00-20:00", "operator": null, "operator:type": null, "operator:wikidata": null, "operator:wikipedia": null, "orientation": null, "outdoor_seating": null, "panoramax": "a55f662e-c7b9-4dc5-9cfb-d7ffc2873ee9", "park_ride": null, "parking": null, "parking_space": null, "payment:coins": null, "payment:credit_cards": null, "phone": "+33 2 47 38 18 27", "post_box:type": null, "ref": "20", "ref:FR:SIRET": "87929089800029", "ref:UAI": null, "room": "shop", "shop": "beauty", "short_name": null, "source": null, "source:opening_hours": "website", "start_date": null, "takeaway": null, "vending": null, "was:name": null, "website": "https://www.depiltech.com/fr/epilation-definitive/tours/108", "website:menu": null, "wheelchair": null, "wikidata": null }, "geometry": { "type": "Point", "coordinates": [ 0.679073823760802, 47.36601735 ] } },
{ "type": "Feature", "properties": { "id": "way/390130391", "@id": "way/390130391", "access": null, "addr:city": null, "addr:housenumber": null, "addr:postcode": null, "addr:street": null, "amenity": "fast_food", "atm": null, "backrest": null, "beauty": null, "bicycle_parking": null, "bicycle_rental": null, "brand": "Subway", "brand:email": null, "brand:facebook": null, "brand:instagram": null, "brand:website": null, "brand:wikidata": "Q244457", "brand:wikipedia": "en:Subway (restaurant)", "brewery": null, "building": null, "building:levels": null, "building:min_level": null, "capacity": null, "capacity:delivery": null, "capacity:disabled": null, "changing_table": null, "changing_table:location": null, "check_date": "2023-12-16", "check_date:capacity": null, "check_date:opening_hours": null, "check_date:panoramax": "2025-06-14", "clothes": null, "collection_times": null, "contact:city": "Tours", "contact:facebook": null, "contact:housenumber": "59", "contact:instagram": null, "contact:phone": null, "contact:postcode": "37200", "contact:street": "Marcel Mérieux", "contact:website": null, "covered": null, "cuisine": "sandwich", "currency:EUR": null, "delivery": "yes", "delivery:partner": "deliveroo;ubereats", "delivery_hours": null, "description": null, "diet:vegetarian": null, "disabled": null, "disused:shop": null, "drinking_water": null, "email": null, "entrance": null, "fee": null, "female": null, "fixme": null, "indoor": "room", "indoor_seating": null, "internet_access": null, "layer": null, "level": "0", "male": null, "maxheight": null, "microbrewery": null, "mobile": null, "name": "Subway", "network": null, "network:wikidata": null, "network:wikipedia": null, "not:brand:wikidata": null, "note": null, "old_name": null, "old_name:-2023": null, "old_name:-2025": null, "opening_hours": "Mo-Su 11:00-22:00", "operator": null, "operator:type": null, "operator:wikidata": null, "operator:wikipedia": null, "orientation": null, "outdoor_seating": null, "panoramax": "8a840414-894f-4825-b836-3b30efa8cfe7", "park_ride": null, "parking": null, "parking_space": null, "payment:coins": null, "payment:credit_cards": null, "phone": "+33 2 47 26 90 21", "post_box:type": null, "ref": "14", "ref:FR:SIRET": "51103434000014", "ref:UAI": null, "room": "restaurant", "shop": null, "short_name": null, "source": null, "source:opening_hours": "website", "start_date": null, "takeaway": "yes", "vending": null, "was:name": null, "website": "https://restaurants.subwayfrance.fr/fr/centre-val-de-loire/indre-et-loire/tours/subway-tours-cc-de-lheure-tranquille-317", "website:menu": null, "wheelchair": "yes", "wikidata": null }, "geometry": { "type": "Point", "coordinates": [ 0.678424842863322, 47.36597365 ] } },
{ "type": "Feature", "properties": { "id": "way/390130392", "@id": "way/390130392", "access": null, "addr:city": null, "addr:housenumber": null, "addr:postcode": null, "addr:street": null, "amenity": "restaurant", "atm": null, "backrest": null, "beauty": null, "bicycle_parking": null, "bicycle_rental": null, "brand": null, "brand:email": null, "brand:facebook": null, "brand:instagram": null, "brand:website": null, "brand:wikidata": null, "brand:wikipedia": null, "brewery": null, "building": null, "building:levels": null, "building:min_level": null, "capacity": null, "capacity:delivery": null, "capacity:disabled": null, "changing_table": null, "changing_table:location": null, "check_date": null, "check_date:capacity": null, "check_date:opening_hours": null, "check_date:panoramax": "2025-06-14", "clothes": null, "collection_times": null, "contact:city": "Tours", "contact:facebook": null, "contact:housenumber": "59", "contact:instagram": null, "contact:phone": null, "contact:postcode": "37200", "contact:street": "Marcel Mérieux", "contact:website": null, "covered": null, "cuisine": "japanese", "currency:EUR": null, "delivery": "yes", "delivery:partner": "deliveroo;ubereats", "delivery_hours": null, "description": null, "diet:vegetarian": null, "disabled": null, "disused:shop": null, "drinking_water": null, "email": "sushikyo@outlook.fr", "entrance": null, "fee": null, "female": null, "fixme": null, "indoor": "room", "indoor_seating": null, "internet_access": null, "layer": null, "level": "0", "male": null, "maxheight": null, "microbrewery": null, "mobile": null, "name": "Sushi Kyo", "network": null, "network:wikidata": null, "network:wikipedia": null, "not:brand:wikidata": null, "note": null, "old_name": null, "old_name:-2023": null, "old_name:-2025": null, "opening_hours": "Mo-Sa 12:00-14:30, 19:00-22:30", "operator": null, "operator:type": null, "operator:wikidata": null, "operator:wikipedia": null, "orientation": null, "outdoor_seating": null, "panoramax": "1f46070a-4b9c-4c67-9e02-8768d3774448", "park_ride": null, "parking": null, "parking_space": null, "payment:coins": null, "payment:credit_cards": null, "phone": "+33 2 47 45 55 62", "post_box:type": null, "ref": "15", "ref:FR:SIRET": "51168164500012", "ref:UAI": null, "room": "restaurant", "shop": null, "short_name": null, "source": null, "source:opening_hours": "website", "start_date": null, "takeaway": null, "vending": null, "was:name": null, "website": "https://www.sushikyo-tours.com/", "website:menu": "https://www.sushikyo-tours.com/carte", "wheelchair": "yes", "wikidata": null }, "geometry": { "type": "Point", "coordinates": [ 0.678551215008651, 47.36599425 ] } },
{ "type": "Feature", "properties": { "id": "way/390130393", "@id": "way/390130393", "access": null, "addr:city": null, "addr:housenumber": null, "addr:postcode": null, "addr:street": null, "amenity": null, "atm": null, "backrest": null, "beauty": null, "bicycle_parking": null, "bicycle_rental": null, "brand": null, "brand:email": null, "brand:facebook": null, "brand:instagram": null, "brand:website": null, "brand:wikidata": null, "brand:wikipedia": null, "brewery": null, "building": null, "building:levels": null, "building:min_level": null, "capacity": null, "capacity:delivery": null, "capacity:disabled": null, "changing_table": null, "changing_table:location": null, "check_date": null, "check_date:capacity": null, "check_date:opening_hours": null, "check_date:panoramax": "2025-06-14", "clothes": "women", "collection_times": null, "contact:city": "Tours", "contact:facebook": null, "contact:housenumber": "59", "contact:instagram": null, "contact:phone": "+33 2 47 86 00 10", "contact:postcode": "37200", "contact:street": "Marcel Mérieux", "contact:website": null, "covered": null, "cuisine": null, "currency:EUR": null, "delivery": null, "delivery:partner": null, "delivery_hours": null, "description": null, "diet:vegetarian": null, "disabled": null, "disused:shop": null, "drinking_water": null, "email": "lpbtours061@gmail.com", "entrance": null, "fee": null, "female": null, "fixme": null, "indoor": "room", "indoor_seating": null, "internet_access": null, "layer": null, "level": "0", "male": null, "maxheight": null, "microbrewery": null, "mobile": null, "name": "Les Petites Bombes", "network": null, "network:wikidata": null, "network:wikipedia": null, "not:brand:wikidata": null, "note": null, "old_name": "Talli Weijl", "old_name:-2023": null, "old_name:-2025": null, "opening_hours": "Mo-Sa 10:00-20:00", "operator": null, "operator:type": null, "operator:wikidata": null, "operator:wikipedia": null, "orientation": null, "outdoor_seating": null, "panoramax": "2f714cf2-08dd-4ea1-b3af-47fca5bf4705", "park_ride": null, "parking": null, "parking_space": null, "payment:coins": null, "payment:credit_cards": null, "phone": null, "post_box:type": null, "ref": "7", "ref:FR:SIRET": "50254549400044", "ref:UAI": null, "room": "shop", "shop": "clothes", "short_name": null, "source": "panoramax", "source:opening_hours": "website", "start_date": null, "takeaway": null, "vending": null, "was:name": null, "website": "https://lespetitesbombes.com/", "website:menu": null, "wheelchair": null, "wikidata": null }, "geometry": { "type": "Point", "coordinates": [ 0.677247288466083, 47.36608225 ] } },
{ "type": "Feature", "properties": { "id": "way/390130395", "@id": "way/390130395", "access": null, "addr:city": null, "addr:housenumber": null, "addr:postcode": null, "addr:street": null, "amenity": "fast_food", "atm": null, "backrest": null, "beauty": null, "bicycle_parking": null, "bicycle_rental": null, "brand": null, "brand:email": null, "brand:facebook": null, "brand:instagram": null, "brand:website": null, "brand:wikidata": null, "brand:wikipedia": null, "brewery": null, "building": null, "building:levels": null, "building:min_level": null, "capacity": null, "capacity:delivery": null, "capacity:disabled": null, "changing_table": null, "changing_table:location": null, "check_date": "2023-12-16", "check_date:capacity": null, "check_date:opening_hours": null, "check_date:panoramax": "2025-06-14", "clothes": null, "collection_times": null, "contact:city": null, "contact:facebook": null, "contact:housenumber": null, "contact:instagram": null, "contact:phone": null, "contact:postcode": null, "contact:street": null, "contact:website": null, "covered": null, "cuisine": null, "currency:EUR": null, "delivery": null, "delivery:partner": null, "delivery_hours": null, "description": null, "diet:vegetarian": null, "disabled": null, "disused:shop": null, "drinking_water": null, "email": null, "entrance": null, "fee": null, "female": null, "fixme": null, "indoor": "room", "indoor_seating": null, "internet_access": null, "layer": null, "level": "0", "male": null, "maxheight": null, "microbrewery": null, "mobile": null, "name": "Waffle Factory", "network": null, "network:wikidata": null, "network:wikipedia": null, "not:brand:wikidata": null, "note": null, "old_name": null, "old_name:-2023": null, "old_name:-2025": null, "opening_hours": "Mo-We 08:00-23:30; Th 08:00-24:00; Fr,Sa 00:00-00:30,08:00-24:00; Su 00:00-00:30,10:00-23:30", "operator": null, "operator:type": null, "operator:wikidata": null, "operator:wikipedia": null, "orientation": null, "outdoor_seating": null, "panoramax": "836938f1-a709-4926-9c62-34dd8466c8eb", "park_ride": null, "parking": null, "parking_space": null, "payment:coins": null, "payment:credit_cards": null, "phone": null, "post_box:type": null, "ref": "16", "ref:FR:SIRET": "50187250100025", "ref:UAI": null, "room": "restaurant", "shop": null, "short_name": null, "source": null, "source:opening_hours": null, "start_date": null, "takeaway": null, "vending": null, "was:name": null, "website": "https://restaurants.wafflefactory.com/fr/centre-val-de-loire/indre-et-loire/tours/waffle-factory-tours-lheure-tranquille-31", "website:menu": null, "wheelchair": "yes", "wikidata": null }, "geometry": { "type": "Point", "coordinates": [ 0.678611813772831, 47.3660139 ] } },
{ "type": "Feature", "properties": { "id": "way/390130396", "@id": "way/390130396", "access": null, "addr:city": null, "addr:housenumber": null, "addr:postcode": null, "addr:street": null, "amenity": null, "atm": null, "backrest": null, "beauty": null, "bicycle_parking": null, "bicycle_rental": null, "brand": "ikxis", "brand:email": null, "brand:facebook": null, "brand:instagram": null, "brand:website": "https://www.ikxis.com", "brand:wikidata": null, "brand:wikipedia": null, "brewery": null, "building": null, "building:levels": null, "building:min_level": null, "capacity": null, "capacity:delivery": null, "capacity:disabled": null, "changing_table": null, "changing_table:location": null, "check_date": null, "check_date:capacity": null, "check_date:opening_hours": null, "check_date:panoramax": "2025-06-14", "clothes": null, "collection_times": null, "contact:city": "Tours", "contact:facebook": null, "contact:housenumber": "59", "contact:instagram": null, "contact:phone": "+33 2 47 28 96 47", "contact:postcode": "37200", "contact:street": "Marcel Mérieux", "contact:website": "https://www.ikxis.com/ikxis-street-hair-tours/", "covered": null, "cuisine": null, "currency:EUR": null, "delivery": null, "delivery:partner": null, "delivery_hours": null, "description": null, "diet:vegetarian": null, "disabled": null, "disused:shop": null, "drinking_water": null, "email": null, "entrance": null, "fee": null, "female": null, "fixme": null, "indoor": "room", "indoor_seating": null, "internet_access": null, "layer": null, "level": "0", "male": "yes", "maxheight": null, "microbrewery": null, "mobile": null, "name": "ikxis coiffure", "network": null, "network:wikidata": null, "network:wikipedia": null, "not:brand:wikidata": null, "note": null, "old_name": null, "old_name:-2023": null, "old_name:-2025": null, "opening_hours": "Mo-Sa 10:00-20:00", "operator": null, "operator:type": null, "operator:wikidata": null, "operator:wikipedia": null, "orientation": null, "outdoor_seating": null, "panoramax": "26c61540-9636-4fe4-8b5f-57cdaed05016", "park_ride": null, "parking": null, "parking_space": null, "payment:coins": null, "payment:credit_cards": null, "phone": null, "post_box:type": null, "ref": "21", "ref:FR:SIRET": "49207204600021", "ref:UAI": null, "room": "shop", "shop": "hairdresser", "short_name": null, "source": null, "source:opening_hours": null, "start_date": null, "takeaway": null, "vending": null, "was:name": null, "website": null, "website:menu": null, "wheelchair": null, "wikidata": null }, "geometry": { "type": "Point", "coordinates": [ 0.679199642891741, 47.36599025 ] } },
{ "type": "Feature", "properties": { "id": "way/390130397", "@id": "way/390130397", "access": null, "addr:city": null, "addr:housenumber": null, "addr:postcode": null, "addr:street": null, "amenity": null, "atm": null, "backrest": null, "beauty": null, "bicycle_parking": null, "bicycle_rental": null, "brand": "Zara", "brand:email": null, "brand:facebook": null, "brand:instagram": null, "brand:website": null, "brand:wikidata": "Q147662", "brand:wikipedia": "fr:Zara (vêtements)", "brewery": null, "building": null, "building:levels": null, "building:min_level": null, "capacity": null, "capacity:delivery": null, "capacity:disabled": null, "changing_table": null, "changing_table:location": null, "check_date": "2023-12-16", "check_date:capacity": null, "check_date:opening_hours": null, "check_date:panoramax": "2025-06-14", "clothes": null, "collection_times": null, "contact:city": "Tours", "contact:facebook": null, "contact:housenumber": "59", "contact:instagram": null, "contact:phone": null, "contact:postcode": "37200", "contact:street": "Marcel Mérieux", "contact:website": null, "covered": null, "cuisine": null, "currency:EUR": null, "delivery": null, "delivery:partner": null, "delivery_hours": null, "description": null, "diet:vegetarian": null, "disabled": null, "disused:shop": null, "drinking_water": null, "email": null, "entrance": null, "fee": null, "female": null, "fixme": null, "indoor": "room", "indoor_seating": null, "internet_access": null, "layer": null, "level": "0", "male": null, "maxheight": null, "microbrewery": null, "mobile": null, "name": "Zara", "network": null, "network:wikidata": null, "network:wikipedia": null, "not:brand:wikidata": null, "note": null, "old_name": null, "old_name:-2023": null, "old_name:-2025": null, "opening_hours": "Mo-Sa 10:00-20:00", "operator": null, "operator:type": null, "operator:wikidata": null, "operator:wikipedia": null, "orientation": null, "outdoor_seating": null, "panoramax": "24346e86-c77a-46bb-8d99-3dee2421c767", "park_ride": null, "parking": null, "parking_space": null, "payment:coins": null, "payment:credit_cards": null, "phone": "+33 8 01 84 13 91", "post_box:type": null, "ref": "1", "ref:FR:SIRET": "34899155501468", "ref:UAI": null, "room": "shop", "shop": "clothes", "short_name": null, "source": null, "source:opening_hours": "website", "start_date": null, "takeaway": null, "vending": null, "was:name": null, "website": "https://www.zara.com/fr/fr/stores-locator/zara-tours-l'heure-tranquille-s3958", "website:menu": null, "wheelchair": "yes", "wikidata": null }, "geometry": { "type": "Point", "coordinates": [ 0.676348376642977, 47.366284 ] } },
{ "type": "Feature", "properties": { "id": "way/390269190", "@id": "way/390269190", "access": null, "addr:city": null, "addr:housenumber": null, "addr:postcode": null, "addr:street": null, "amenity": "toilets", "atm": null, "backrest": null, "beauty": null, "bicycle_parking": null, "bicycle_rental": null, "brand": null, "brand:email": null, "brand:facebook": null, "brand:instagram": null, "brand:website": null, "brand:wikidata": null, "brand:wikipedia": null, "brewery": null, "building": null, "building:levels": null, "building:min_level": null, "capacity": null, "capacity:delivery": null, "capacity:disabled": null, "changing_table": "yes", "changing_table:location": "room", "check_date": null, "check_date:capacity": null, "check_date:opening_hours": null, "check_date:panoramax": null, "clothes": null, "collection_times": null, "contact:city": null, "contact:facebook": null, "contact:housenumber": null, "contact:instagram": null, "contact:phone": null, "contact:postcode": null, "contact:street": null, "contact:website": null, "covered": null, "cuisine": null, "currency:EUR": null, "delivery": null, "delivery:partner": null, "delivery_hours": null, "description": null, "diet:vegetarian": null, "disabled": null, "disused:shop": null, "drinking_water": null, "email": null, "entrance": null, "fee": null, "female": null, "fixme": null, "indoor": "room", "indoor_seating": null, "internet_access": null, "layer": null, "level": "0", "male": null, "maxheight": null, "microbrewery": null, "mobile": null, "name": "Toilettes", "network": null, "network:wikidata": null, "network:wikipedia": null, "not:brand:wikidata": null, "note": null, "old_name": null, "old_name:-2023": null, "old_name:-2025": null, "opening_hours": null, "operator": null, "operator:type": null, "operator:wikidata": null, "operator:wikipedia": null, "orientation": null, "outdoor_seating": null, "panoramax": null, "park_ride": null, "parking": null, "parking_space": null, "payment:coins": null, "payment:credit_cards": null, "phone": null, "post_box:type": null, "ref": null, "ref:FR:SIRET": null, "ref:UAI": null, "room": "toilets", "shop": null, "short_name": null, "source": null, "source:opening_hours": null, "start_date": null, "takeaway": null, "vending": null, "was:name": null, "website": null, "website:menu": null, "wheelchair": null, "wikidata": null }, "geometry": { "type": "Point", "coordinates": [ 0.679327592926829, 47.3659372 ] } },
{ "type": "Feature", "properties": { "id": "way/390269195", "@id": "way/390269195", "access": null, "addr:city": null, "addr:housenumber": null, "addr:postcode": null, "addr:street": null, "amenity": null, "atm": null, "backrest": null, "beauty": null, "bicycle_parking": null, "bicycle_rental": null, "brand": null, "brand:email": null, "brand:facebook": null, "brand:instagram": null, "brand:website": null, "brand:wikidata": null, "brand:wikipedia": null, "brewery": null, "building": null, "building:levels": null, "building:min_level": null, "capacity": null, "capacity:delivery": null, "capacity:disabled": null, "changing_table": null, "changing_table:location": null, "check_date": null, "check_date:capacity": null, "check_date:opening_hours": null, "check_date:panoramax": "2025-06-14", "clothes": null, "collection_times": null, "contact:city": "Tours", "contact:facebook": null, "contact:housenumber": "59", "contact:instagram": null, "contact:phone": null, "contact:postcode": "37200", "contact:street": "Marcel Mérieux", "contact:website": null, "covered": null, "cuisine": null, "currency:EUR": null, "delivery": null, "delivery:partner": null, "delivery_hours": null, "description": null, "diet:vegetarian": null, "disabled": null, "disused:shop": null, "drinking_water": null, "email": null, "entrance": null, "fee": null, "female": null, "fixme": null, "indoor": "room", "indoor_seating": null, "internet_access": null, "layer": null, "level": "0", "male": null, "maxheight": null, "microbrewery": null, "mobile": null, "name": "Docteur IT", "network": null, "network:wikidata": null, "network:wikipedia": null, "not:brand:wikidata": null, "note": null, "old_name": null, "old_name:-2023": null, "old_name:-2025": null, "opening_hours": "Mo-Sa 10:00-20:00", "operator": null, "operator:type": null, "operator:wikidata": null, "operator:wikipedia": null, "orientation": null, "outdoor_seating": null, "panoramax": "ae44edc5-304a-4953-b07a-316ff49b8a88", "park_ride": null, "parking": null, "parking_space": null, "payment:coins": null, "payment:credit_cards": null, "phone": "+33 9 61 61 10 95", "post_box:type": null, "ref": "28", "ref:FR:SIRET": "82198887000027", "ref:UAI": null, "room": "shop", "shop": "computer", "short_name": null, "source": "INSEE - 2022-08", "source:opening_hours": null, "start_date": null, "takeaway": null, "vending": null, "was:name": null, "website": null, "website:menu": null, "wheelchair": null, "wikidata": null }, "geometry": { "type": "Point", "coordinates": [ 0.680276093987579, 47.36628955 ] } },
{ "type": "Feature", "properties": { "id": "way/390269196", "@id": "way/390269196", "access": null, "addr:city": null, "addr:housenumber": null, "addr:postcode": null, "addr:street": null, "amenity": null, "atm": null, "backrest": null, "beauty": null, "bicycle_parking": null, "bicycle_rental": null, "brand": null, "brand:email": null, "brand:facebook": null, "brand:instagram": null, "brand:website": null, "brand:wikidata": null, "brand:wikipedia": null, "brewery": null, "building": null, "building:levels": null, "building:min_level": null, "capacity": null, "capacity:delivery": null, "capacity:disabled": null, "changing_table": null, "changing_table:location": null, "check_date": "2024-04-16", "check_date:capacity": null, "check_date:opening_hours": null, "check_date:panoramax": "2025-06-14", "clothes": null, "collection_times": null, "contact:city": "Tours", "contact:facebook": null, "contact:housenumber": "59", "contact:instagram": null, "contact:phone": null, "contact:postcode": "37200", "contact:street": "Marcel Mérieux", "contact:website": null, "covered": null, "cuisine": null, "currency:EUR": null, "delivery": null, "delivery:partner": null, "delivery_hours": null, "description": null, "diet:vegetarian": null, "disabled": null, "disused:shop": null, "drinking_water": null, "email": null, "entrance": null, "fee": null, "female": null, "fixme": null, "indoor": "room", "indoor_seating": null, "internet_access": null, "layer": null, "level": "0", "male": null, "maxheight": null, "microbrewery": null, "mobile": null, "name": "Biotech USA", "network": null, "network:wikidata": null, "network:wikipedia": null, "not:brand:wikidata": null, "note": null, "old_name": "Lav' 2 lions", "old_name:-2023": null, "old_name:-2025": null, "opening_hours": "Mo-Sa 10:00-20:00", "operator": null, "operator:type": null, "operator:wikidata": null, "operator:wikipedia": null, "orientation": null, "outdoor_seating": null, "panoramax": "9b30fc39-98cb-4a97-ae14-0650b098ff76", "park_ride": null, "parking": null, "parking_space": null, "payment:coins": null, "payment:credit_cards": null, "phone": "+33 2 47 28 05 77", "post_box:type": null, "ref": "29", "ref:FR:SIRET": "82751727700444", "ref:UAI": null, "room": "shop", "shop": "health_food", "short_name": null, "source": null, "source:opening_hours": "website", "start_date": null, "takeaway": null, "vending": null, "was:name": null, "website": "https://biotechusa.fr/store/biotechusa-heure-tranquille/", "website:menu": null, "wheelchair": null, "wikidata": null }, "geometry": { "type": "Point", "coordinates": [ 0.680341706627095, 47.36631365 ] } },
{ "type": "Feature", "properties": { "id": "way/733401862", "@id": "way/733401862", "access": null, "addr:city": null, "addr:housenumber": null, "addr:postcode": null, "addr:street": null, "amenity": "fast_food", "atm": null, "backrest": null, "beauty": null, "bicycle_parking": null, "bicycle_rental": null, "brand": "Pitaya", "brand:email": null, "brand:facebook": null, "brand:instagram": null, "brand:website": null, "brand:wikidata": "Q114970230", "brand:wikipedia": null, "brewery": null, "building": null, "building:levels": null, "building:min_level": null, "capacity": null, "capacity:delivery": null, "capacity:disabled": null, "changing_table": null, "changing_table:location": null, "check_date": null, "check_date:capacity": null, "check_date:opening_hours": null, "check_date:panoramax": "2025-06-14", "clothes": null, "collection_times": null, "contact:city": "Tours", "contact:facebook": null, "contact:housenumber": "59", "contact:instagram": null, "contact:phone": null, "contact:postcode": "37200", "contact:street": "Marcel Mérieux", "contact:website": null, "covered": null, "cuisine": "thai", "currency:EUR": null, "delivery": "yes", "delivery:partner": null, "delivery_hours": null, "description": null, "diet:vegetarian": null, "disabled": null, "disused:shop": null, "drinking_water": null, "email": null, "entrance": null, "fee": null, "female": null, "fixme": null, "indoor": "room", "indoor_seating": null, "internet_access": null, "layer": null, "level": "0", "male": null, "maxheight": null, "microbrewery": null, "mobile": null, "name": "Pitaya", "network": null, "network:wikidata": null, "network:wikipedia": null, "not:brand:wikidata": null, "note": null, "old_name": null, "old_name:-2023": null, "old_name:-2025": null, "opening_hours": "Mo-Th 11:30-22:30; Fr-Sa 11:30-23:00; Su 12:00-22:30", "operator": null, "operator:type": null, "operator:wikidata": null, "operator:wikipedia": null, "orientation": null, "outdoor_seating": null, "panoramax": "22b52f02-a11a-4e51-83c6-07be738b4ce2", "park_ride": null, "parking": null, "parking_space": null, "payment:coins": null, "payment:credit_cards": null, "phone": "+33 2 57 54 55 90", "post_box:type": null, "ref": "56", "ref:FR:SIRET": "82834482000018", "ref:UAI": null, "room": null, "shop": null, "short_name": null, "source": null, "source:opening_hours": "website", "start_date": null, "takeaway": "yes", "vending": null, "was:name": null, "website": "https://pitaya-thaistreetfood.com/r/pitaya-tours-2", "website:menu": null, "wheelchair": null, "wikidata": null }, "geometry": { "type": "Point", "coordinates": [ 0.67796539143617, 47.36632245 ] } },
{ "type": "Feature", "properties": { "id": "way/993611133", "@id": "way/993611133", "access": null, "addr:city": null, "addr:housenumber": null, "addr:postcode": null, "addr:street": null, "amenity": "restaurant", "atm": null, "backrest": null, "beauty": null, "bicycle_parking": null, "bicycle_rental": null, "brand": "Au Bureau", "brand:email": null, "brand:facebook": null, "brand:instagram": null, "brand:website": null, "brand:wikidata": "Q100701566", "brand:wikipedia": null, "brewery": null, "building": null, "building:levels": null, "building:min_level": null, "capacity": null, "capacity:delivery": null, "capacity:disabled": null, "changing_table": null, "changing_table:location": null, "check_date": "2023-12-16", "check_date:capacity": null, "check_date:opening_hours": null, "check_date:panoramax": "2025-06-14", "clothes": null, "collection_times": null, "contact:city": "Tours", "contact:facebook": "https://www.facebook.com/aubureau2lions/", "contact:housenumber": "59", "contact:instagram": "https://www.instagram.com/aubureau2lions/", "contact:phone": null, "contact:postcode": "37200", "contact:street": "Marcel Mérieux", "contact:website": null, "covered": null, "cuisine": "french;american;european", "currency:EUR": null, "delivery": null, "delivery:partner": null, "delivery_hours": null, "description": null, "diet:vegetarian": null, "disabled": null, "disused:shop": null, "drinking_water": null, "email": "tours.sud@aubureau.fr", "entrance": null, "fee": null, "female": null, "fixme": null, "indoor": "room", "indoor_seating": "yes", "internet_access": null, "layer": null, "level": "0", "male": null, "maxheight": null, "microbrewery": "yes", "mobile": null, "name": "Au Bureau", "network": null, "network:wikidata": null, "network:wikipedia": null, "not:brand:wikidata": null, "note": "15 juil. 2025 : Sur le site internet, les adresses des restaurants de Tours Nord et des 2 Lions sont inversées.", "old_name": null, "old_name:-2023": null, "old_name:-2025": null, "opening_hours": "Su-We 12:00-23:00; Th-Sa 12:00-24:00", "operator": null, "operator:type": null, "operator:wikidata": null, "operator:wikipedia": null, "orientation": null, "outdoor_seating": "yes", "panoramax": "f5f5941d-9433-498a-8a97-86d3561216c8", "park_ride": null, "parking": null, "parking_space": null, "payment:coins": null, "payment:credit_cards": null, "phone": "+33 2 47 28 69 80", "post_box:type": null, "ref": "18", "ref:FR:SIRET": null, "ref:UAI": null, "room": "restaurant", "shop": null, "short_name": null, "source": null, "source:opening_hours": "website", "start_date": null, "takeaway": null, "vending": null, "was:name": null, "website": "https://www.aubureau.fr/restaurant-brasserie/au-bureau-tours-sud", "website:menu": "https://www.goodmeal.fr/groups/50/sous_groupes/1331/restaurants/1209/fr/my_menu?page=from_sm", "wheelchair": null, "wikidata": null }, "geometry": { "type": "Point", "coordinates": [ 0.678979511324768, 47.3659198 ] } },
{ "type": "Feature", "properties": { "id": "way/993611135", "@id": "way/993611135", "access": null, "addr:city": null, "addr:housenumber": null, "addr:postcode": null, "addr:street": null, "amenity": null, "atm": null, "backrest": null, "beauty": null, "bicycle_parking": null, "bicycle_rental": null, "brand": "Chaussea", "brand:email": null, "brand:facebook": null, "brand:instagram": null, "brand:website": null, "brand:wikidata": "Q62082044", "brand:wikipedia": null, "brewery": null, "building": null, "building:levels": null, "building:min_level": null, "capacity": null, "capacity:delivery": null, "capacity:disabled": null, "changing_table": null, "changing_table:location": null, "check_date": null, "check_date:capacity": null, "check_date:opening_hours": null, "check_date:panoramax": "2025-06-14", "clothes": null, "collection_times": null, "contact:city": "Tours", "contact:facebook": null, "contact:housenumber": "59", "contact:instagram": null, "contact:phone": null, "contact:postcode": "37200", "contact:street": "Marcel Mérieux", "contact:website": null, "covered": null, "cuisine": null, "currency:EUR": null, "delivery": null, "delivery:partner": null, "delivery_hours": null, "description": null, "diet:vegetarian": null, "disabled": null, "disused:shop": null, "drinking_water": null, "email": null, "entrance": null, "fee": null, "female": null, "fixme": null, "indoor": "room", "indoor_seating": null, "internet_access": null, "layer": null, "level": "0", "male": null, "maxheight": null, "microbrewery": null, "mobile": null, "name": "Chaussea", "network": null, "network:wikidata": null, "network:wikipedia": null, "not:brand:wikidata": null, "note": null, "old_name": null, "old_name:-2023": null, "old_name:-2025": null, "opening_hours": "Mo-Sa 10:00-20:00", "operator": null, "operator:type": null, "operator:wikidata": null, "operator:wikipedia": null, "orientation": null, "outdoor_seating": null, "panoramax": "a0a62132-3365-4794-aabe-90aa736a4a95", "park_ride": null, "parking": null, "parking_space": null, "payment:coins": null, "payment:credit_cards": null, "phone": "+33 2 47 21 03 45", "post_box:type": null, "ref": "42", "ref:FR:SIRET": "33026769107364", "ref:UAI": null, "room": "shop", "shop": "shoes", "short_name": null, "source": "INSEE - 2022-08", "source:opening_hours": "website", "start_date": null, "takeaway": null, "vending": null, "was:name": null, "website": "https://www.chaussea.com/fr/magasin/3702-tours-l-heure-tranquille", "website:menu": null, "wheelchair": null, "wikidata": null }, "geometry": { "type": "Point", "coordinates": [ 0.678915174671566, 47.36638355 ] } },
{ "type": "Feature", "properties": { "id": "way/993611136", "@id": "way/993611136", "access": null, "addr:city": null, "addr:housenumber": null, "addr:postcode": null, "addr:street": null, "amenity": null, "atm": null, "backrest": null, "beauty": null, "bicycle_parking": null, "bicycle_rental": null, "brand": "Undiz", "brand:email": null, "brand:facebook": null, "brand:instagram": null, "brand:website": null, "brand:wikidata": "Q105306275", "brand:wikipedia": null, "brewery": null, "building": null, "building:levels": null, "building:min_level": null, "capacity": null, "capacity:delivery": null, "capacity:disabled": null, "changing_table": null, "changing_table:location": null, "check_date": null, "check_date:capacity": null, "check_date:opening_hours": null, "check_date:panoramax": "2025-06-14", "clothes": "underwear", "collection_times": null, "contact:city": "Tours", "contact:facebook": null, "contact:housenumber": "59", "contact:instagram": null, "contact:phone": null, "contact:postcode": "37200", "contact:street": "Marcel Mérieux", "contact:website": null, "covered": null, "cuisine": null, "currency:EUR": null, "delivery": null, "delivery:partner": null, "delivery_hours": null, "description": null, "diet:vegetarian": null, "disabled": null, "disused:shop": null, "drinking_water": null, "email": null, "entrance": null, "fee": null, "female": null, "fixme": null, "indoor": "room", "indoor_seating": null, "internet_access": null, "layer": null, "level": "0", "male": null, "maxheight": null, "microbrewery": null, "mobile": null, "name": "Undiz", "network": null, "network:wikidata": null, "network:wikipedia": null, "not:brand:wikidata": null, "note": null, "old_name": null, "old_name:-2023": null, "old_name:-2025": null, "opening_hours": "Mo-Tu,Th-Sa 10:00-20:00", "operator": null, "operator:type": null, "operator:wikidata": null, "operator:wikipedia": null, "orientation": null, "outdoor_seating": null, "panoramax": "a2a2b391-ffa7-4d42-a4b0-74f8856cdf46", "park_ride": null, "parking": null, "parking_space": null, "payment:coins": null, "payment:credit_cards": null, "phone": "+33 2 47 73 59 49", "post_box:type": null, "ref": "58", "ref:FR:SIRET": "47835611601810", "ref:UAI": null, "room": null, "shop": "clothes", "short_name": null, "source": null, "source:opening_hours": "website", "start_date": null, "takeaway": null, "vending": null, "was:name": null, "website": "https://www.undiz.com/fr/nos-boutiques/villes/magasins?storeid=5617", "website:menu": null, "wheelchair": null, "wikidata": null }, "geometry": { "type": "Point", "coordinates": [ 0.679049256835067, 47.3662544 ] } },
{ "type": "Feature", "properties": { "id": "way/1413565011", "@id": "way/1413565011", "access": null, "addr:city": null, "addr:housenumber": null, "addr:postcode": null, "addr:street": null, "amenity": null, "atm": null, "backrest": null, "beauty": null, "bicycle_parking": null, "bicycle_rental": null, "brand": "Nyx", "brand:email": null, "brand:facebook": null, "brand:instagram": null, "brand:website": null, "brand:wikidata": "Q23671513", "brand:wikipedia": null, "brewery": null, "building": null, "building:levels": null, "building:min_level": null, "capacity": null, "capacity:delivery": null, "capacity:disabled": null, "changing_table": null, "changing_table:location": null, "check_date": null, "check_date:capacity": null, "check_date:opening_hours": null, "check_date:panoramax": "2025-06-14", "clothes": null, "collection_times": null, "contact:city": "Tours", "contact:facebook": null, "contact:housenumber": "59", "contact:instagram": null, "contact:phone": null, "contact:postcode": "37200", "contact:street": "Marcel Mérieux", "contact:website": null, "covered": null, "cuisine": null, "currency:EUR": null, "delivery": null, "delivery:partner": null, "delivery_hours": null, "description": null, "diet:vegetarian": null, "disabled": null, "disused:shop": null, "drinking_water": null, "email": null, "entrance": null, "fee": null, "female": null, "fixme": null, "indoor": "room", "indoor_seating": null, "internet_access": null, "layer": null, "level": "0", "male": null, "maxheight": null, "microbrewery": null, "mobile": null, "name": "Nyx", "network": null, "network:wikidata": null, "network:wikipedia": null, "not:brand:wikidata": null, "note": null, "old_name": null, "old_name:-2023": null, "old_name:-2025": null, "opening_hours": null, "operator": null, "operator:type": null, "operator:wikidata": null, "operator:wikipedia": null, "orientation": null, "outdoor_seating": null, "panoramax": "3b71dafe-f867-478c-a4ce-2b2eb79ff92a", "park_ride": null, "parking": null, "parking_space": null, "payment:coins": null, "payment:credit_cards": null, "phone": null, "post_box:type": null, "ref": "54", "ref:FR:SIRET": "90463231200297", "ref:UAI": null, "room": "shop", "shop": "cosmetics", "short_name": null, "source": null, "source:opening_hours": null, "start_date": null, "takeaway": null, "vending": null, "was:name": null, "website": null, "website:menu": null, "wheelchair": null, "wikidata": null }, "geometry": { "type": "Point", "coordinates": [ 0.677005317116013, 47.36646985 ] } }
]
}
