{"type":"FeatureCollection","features":[{"type":"Feature","geometry":{"coordinates":[[-1.67653167577212,48.11072273262451],[-1.676792495175476,48.110829983742185],[-1.676832459111142,48.11084642294864],[-1.676872402318444,48.110862885512184],[-1.676912301525362,48.110879396708434],[-1.676952133134227,48.110895978222004],[-1.676991877894763,48.11091265516502],[-1.677031510950255,48.11092945017444],[-1.677071008947438,48.11094638762821],[-1.677110348288808,48.11096348921111],[-1.677149505458315,48.110980777505645],[-1.677188454340278,48.11099827610121],[-1.677227168656177,48.1110160067917],[-1.677265620705542,48.111033990527794],[-1.677303785469027,48.111052248151175],[-1.677580248389663,48.11119877794692],[-1.677836630283926,48.11136085667294],[-1.678070989934102,48.11153725688401],[-1.678281549604275,48.111726640860226],[-1.678466712350494,48.11192757341365],[-1.678625074823447,48.11213852947227],[-1.678755434266817,48.11235791181234],[-1.678770612000855,48.11238763161778],[-1.678785315042268,48.11241745814162],[-1.678799579949308,48.112447379083534],[-1.678813446205834,48.112477384727335],[-1.678826953132877,48.11250746356129],[-1.67884013895532,48.11253760682152],[-1.678853044416393,48.11256780383944],[-1.678865709163188,48.112598046694345],[-1.678878171420834,48.11262832662221],[-1.678890473680694,48.11265863738872],[-1.678902654086601,48.112688969332076],[-1.678914753708046,48.11271931537469],[-1.678926813696062,48.1127496693367],[-1.6790546995118,48.11307174850055],[-1.679059940020898,48.11308494144707],[-1.67906518187328,48.11309813433876],[-1.679070432949652,48.1131113250528],[-1.679075694672084,48.113124514432364],[-1.679080970899476,48.113137700518294],[-1.67908626573512,48.11315088404468],[-1.679091584378531,48.113164062997804],[-1.679096928251789,48.11317723822084],[-1.679239981691114,48.11350436959065],[-1.679401415926931,48.1138276432186],[-1.679581000725186,48.114146594444726],[-1.67958856696332,48.114159271923384],[-1.679596158106857,48.11417194208058],[-1.679603770215399,48.11418460597771],[-1.679611399429999,48.114197265574035],[-1.679619044410042,48.11420992092406],[-1.679626699955949,48.11422257404154],[-1.679634361964353,48.11423522419242],[-1.679642029339049,48.1142478741245],[-1.679855142084826,48.11459949686295]],"type":"LineString"},"properties":{"objectid":32,"ligne":"b","ordre":17,"ouvrage":"Tunnel","exploitation":"Desserte voyageurs","longueur":514.57888176,"geo_point_2d":{"lon":-1.678462763961317,"lat":48.112389395377264}}},{"type":"Feature","geometry":{"coordinates":[[-1.701710688566759,48.09777252519791],[-1.702926323991848,48.09799367987549],[-1.702971572397636,48.0980019163879],[-1.703016809871631,48.0980101803632],[-1.703062026644166,48.09801849743179],[-1.703107207830483,48.09802689613665],[-1.703152346341463,48.09803540199854],[-1.70319742587048,48.09804404271755],[-1.703242436730066,48.0980528448219],[-1.703287365130415,48.09806183410659],[-1.703332196105337,48.09807103821691],[-1.703376914524996,48.098080483002775],[-1.703421506599826,48.09809019425919],[-1.703465954519761,48.09810019794575],[-1.703510240392948,48.09811051912433],[-1.703832846476902,48.09819769499284],[-1.704143088674215,48.09830310142501],[-1.704438677993132,48.09842595994748],[-1.70471743058911,48.09856536254663],[-1.704977290183887,48.09872028155954],[-1.70521633626621,48.098889571135686],[-1.705432804408791,48.09907198352125],[-1.705625095732479,48.09926616956793],[-1.705791789433005,48.09947069803966],[-1.705931656270826,48.099684055957184],[-1.706043663307212,48.099904670927806],[-1.706056584115847,48.099934863965714],[-1.706069023646939,48.09996514879315],[-1.706081019783613,48.09999551304623],[-1.706092610736709,48.10002594795198],[-1.706103837315707,48.1000564437299],[-1.70611473915376,48.100086992449874],[-1.706125357224347,48.10011758612689],[-1.706135729902465,48.10014821778337],[-1.706145899583916,48.100178880277156],[-1.706155904643879,48.10020956663066],[-1.70616578890049,48.10024027054452],[-1.706175589470782,48.100270985993745],[-1.706185351677147,48.100301708419614],[-1.706328488834191,48.10075352092968]],"type":"LineString"},"properties":{"objectid":78,"ligne":"b","ordre":7,"ouvrage":"Tunnel","exploitation":"Desserte voyageurs","longueur":772.89017656,"geo_point_2d":{"lon":-1.7043986696934879,"lat":48.098776112107956}}},{"type":"Feature","geometry":{"coordinates":[[-1.698051720307014,48.0962658248656],[-1.698305861917516,48.09645331719868],[-1.698637894898922,48.09669826954612],[-1.698667062816167,48.09671978208239],[-1.698696252395524,48.0967412811114],[-1.698725489213521,48.096762752071236],[-1.698747053129063,48.09677852098062]],"type":"LineString"},"properties":{"objectid":25,"ligne":"b","ordre":4,"ouvrage":"Station","exploitation":"Desserte voyageurs","longueur":77.01538896,"geo_point_2d":{"lon":-1.698399325267407,"lat":48.09652225648458}}},{"type":"Feature","geometry":{"coordinates":[[-1.676013844407011,48.110509792247235],[-1.676266119500569,48.11061353175506],[-1.67653167577212,48.11072273262451]],"type":"LineString"},"properties":{"objectid":31,"ligne":"b","ordre":16,"ouvrage":"Station","exploitation":"Desserte voyageurs","longueur":45.24599869,"geo_point_2d":{"lon":-1.6762727600836727,"lat":48.11061626245021}}},{"type":"Feature","geometry":{"coordinates":[[-1.680292248231525,48.114376683862886],[-1.680289242891907,48.114374630990135],[-1.680278797811084,48.11436749339926],[-1.680265749700491,48.11435856949719],[-1.680255314862338,48.11435142608107],[-1.680244887663464,48.11434427784779],[-1.6802344679409,48.11433712300184],[-1.680224059879515,48.114329963175045],[-1.680213663234861,48.11432279567414],[-1.680203280525239,48.11431561859447],[-1.680192914513401,48.114308432724656],[-1.680182563532771,48.114301234528234],[-1.680172231768229,48.114294025637044],[-1.680161920152985,48.11428680150772],[-1.680151630272128,48.114279564778975],[-1.680141364562473,48.114272312648396],[-1.680131125705284,48.1142650450069],[-1.680120912196962,48.11425776011351],[-1.68011072931856,48.114250456852204],[-1.680100576907109,48.11424313342751],[-1.680090456384724,48.114235790682585],[-1.68008037018822,48.11422842581506],[-1.680070319821195,48.11422104056589],[-1.680060307638985,48.11421363123492],[-1.680050336322847,48.114206197713024],[-1.680040404532152,48.11419874005479],[-1.68003051746646,48.114191256246436],[-1.680020676303432,48.114183744437916],[-1.680010879865398,48.1141762064793],[-1.680001135951703,48.11416863934994],[-1.679991440540442,48.11416104321356],[-1.679981798831178,48.11415341605638],[-1.679972212246009,48.11414575872162],[-1.679962684643868,48.11413806925008],[-1.679953213343478,48.11413034775091],[-1.679943803462921,48.11412259131257],[-1.679936775138936,48.11411676086035],[-1.679903848148773,48.11408867363894],[-1.679875594222846,48.11406362387344],[-1.679847996994163,48.11403824821817],[-1.679821065157861,48.11401255352831],[-1.679794806231341,48.11398654850912],[-1.679769230250252,48.11396023996119],[-1.679744343391258,48.11393363664433],[-1.679720154430742,48.11390674631145],[-1.679696669545261,48.11387957772237],[-1.679673896170468,48.11385213868452],[-1.679651841741961,48.11382443700538],[-1.679630512517617,48.11379648234247],[-1.67960991467378,48.113768283455535],[-1.679590055564429,48.113739847254266],[-1.679570940106668,48.11371118345071],[-1.679552574395239,48.11368229990688],[-1.679534964769248,48.11365320717794],[-1.679518115901245,48.1136239122827],[-1.679502032708168,48.11359442493316],[-1.679486721447523,48.11356475478675],[-1.679472185532602,48.11353490981452],[-1.679458428539604,48.113504899782974],[-1.679445456562988,48.11347473255402],[-1.67943327334182,48.113444419689706],[-1.679421880867184,48.11341396831776],[-1.679411284055753,48.11338338815013],[-1.679401486483578,48.11335268895327],[-1.67939249038606,48.1133218805482],[-1.679383491259854,48.113287761715014],[-1.679381911460855,48.11328134006488],[-1.679380366355141,48.11327491520073],[-1.679378853098548,48.11326848543616],[-1.679377373194605,48.11326205251213],[-1.679375926643305,48.113255616428646],[-1.679374512185487,48.11324917813802],[-1.679373129739681,48.1132427367425],[-1.679371777883794,48.11323629139887],[-1.679370458121359,48.11322984384811],[-1.679369167608211,48.1132233924038],[-1.679367907847891,48.11321693880694],[-1.67936667749977,48.11321048311204],[-1.679365476563843,48.11320402531911],[-1.679364303536558,48.11319756368722],[-1.679363160002909,48.11319110085505],[-1.679362043118739,48.11318463513624],[-1.679360954387583,48.113178168271716],[-1.679359893727961,48.11317169936375],[-1.679358857036577,48.11316522767821],[-1.679357848498171,48.113158754846985],[-1.679356862587381,48.11315227929278],[-1.679355903570415,48.11314580354519],[-1.679354968521649,48.11313932502002],[-1.679354058944613,48.11313284545832],[-1.679353173417229,48.11312636401681],[-1.679352309339741,48.11311988170238],[-1.679351469393357,48.113113398405936],[-1.679350650815384,48.11310691333882],[-1.679349854864958,48.113100425548716],[-1.679349081867934,48.113093938626655],[-1.679348327558092,48.11308745004305],[-1.679347594616634,48.11308095968875],[-1.679346880443809,48.11307446857067],[-1.679346187802287,48.11306797747745],[-1.67934551258878,48.11306148567497],[-1.679344857403026,48.11305499215639],[-1.679344220985874,48.11304849787401],[-1.679343600656115,48.11304200293695],[-1.679342999094952,48.11303550723609],[-1.679342412280564,48.1130290109351],[-1.679341844234756,48.11302251387031],[-1.679341292276316,48.11301601615085],[-1.679340753642568,48.113009516988065],[-1.679340231177644,48.11300301806835],[-1.67933972220033,48.112996519500804],[-1.6793392292289,48.11299001938084],[-1.679338748323002,48.112983518769845],[-1.679338282245304,48.1129770184565],[-1.679337828151667,48.11297051675438],[-1.679337384864414,48.112964015513555],[-1.67933695498328,48.11295751372716],[-1.679336535745592,48.11295101060655],[-1.679336128654876,48.11294450789269],[-1.679335729689332,48.112938005749236],[-1.679335341367219,48.11293150227157],[-1.67933496251087,48.11292499930977],[-1.679334594297946,48.11291849501375],[-1.679334232869577,48.112911991342685],[-1.679333880825495,48.11290548728973],[-1.679333535565963,48.11289898386175],[-1.679333198268645,48.11289247920866],[-1.679332866333806,48.11288597433733],[-1.679332541183512,48.11287947009098],[-1.67933222273629,48.112872965571846],[-1.679331908229478,48.11286645999126],[-1.6793316005072,48.11285995503565],[-1.679331294207067,48.11285345092325],[-1.679330994447066,48.11284694474252],[-1.679330696109202,48.11284043940499],[-1.679330403133804,48.11283393384924],[-1.679329965722474,48.11282417588262],[-1.679329389319233,48.112811166184684],[-1.679328816856605,48.112798155425274],[-1.679247586446794,48.11094982475301],[-1.679247296359468,48.11094324699175],[-1.679247006353676,48.11093667012824],[-1.679246716185034,48.11093009146921],[-1.679246424838843,48.11092351466022],[-1.679246130811631,48.11091693796036],[-1.679245835362482,48.110910360417265],[-1.679245537232315,48.11090378298327],[-1.679245237761681,48.110897205603834],[-1.679244934188015,48.110890627490285],[-1.679244626755713,48.110884051335916],[-1.679244317820016,48.11087747344056],[-1.679244003603674,48.110870896661176],[-1.679243683943765,48.11086431920226],[-1.679243360343762,48.11085774280475],[-1.679243032722202,48.110851166570875],[-1.679242698316538,48.110844589712016],[-1.679242358548773,48.11083801307137],[-1.679242013337451,48.11083143575117],[-1.679241660164408,48.11082485965605],[-1.67924130028873,48.11081828383369],[-1.679234303773598,48.11070932664739],[-1.679225332547564,48.110600433602905],[-1.679224728452991,48.11059386501585],[-1.679224117737336,48.11058729759933],[-1.679223498978599,48.1105807305101],[-1.679222876116946,48.110574162686774],[-1.679222246634219,48.11056759603397],[-1.679221611789494,48.11056102959938],[-1.679220972841858,48.110554462430656],[-1.679220327273155,48.11054789643249],[-1.679219679023541,48.110541330543384],[-1.679219025330476,48.11053476397473],[-1.67921836769743,48.110528198467506],[-1.67921770872401,48.11052163301481],[-1.679217045729148,48.11051506772577],[-1.67921638005338,48.110508502545834],[-1.679215711696709,48.11050193747497],[-1.679215040577672,48.110495371615464],[-1.679214368199727,48.11048880670825],[-1.679213697162492,48.110482241746475],[-1.679213023444355,48.11047567689379],[-1.679212349726391,48.11046911204109],[-1.679211538915836,48.110461229087214],[-1.679210596293496,48.110452026916136],[-1.679209652249499,48.11044282390183],[-1.67920871364944,48.11043362156706],[-1.679207777649323,48.11042441822538],[-1.679206847174604,48.110415216460986],[-1.679205924661957,48.110406013471476],[-1.679205007430321,48.110396809365966],[-1.679204102426735,48.11038760656496],[-1.679203206644288,48.11037840158653],[-1.679202652310119,48.11037264824996],[-1.679201993625306,48.11036574488197],[-1.679201448675144,48.11035999116348],[-1.679200911768303,48.11035423711768],[-1.679200273273408,48.1103473338291],[-1.679199747091091,48.11034157934684],[-1.679199230292621,48.11033582448268],[-1.679198615846302,48.11032891931432],[-1.679198111031416,48.110323163061395],[-1.679197615681825,48.110317407324345],[-1.679197029387115,48.11031050101031],[-1.679196550287072,48.11030474641412],[-1.679196078985941,48.110298988797304],[-1.679195526204934,48.110292081119375],[-1.679195072493865,48.11028632458885],[-1.679189624599214,48.110204189770684],[-1.679185900232593,48.11011739833486],[-1.679185725679549,48.11011163404788],[-1.679185528630259,48.110104717299336],[-1.679185373007594,48.1100989540441],[-1.679185226687186,48.11009318950921],[-1.679185061810661,48.110086271451344],[-1.679184930399033,48.11008050811186],[-1.679184808371112,48.110074744390495],[-1.679184667705623,48.1100678262484],[-1.679184559164479,48.110062062879216],[-1.679184457244525,48.11005629833952],[-1.679184340790049,48.11004938011317],[-1.679184250934871,48.11004361508247],[-1.679184165182748,48.110037850785865],[-1.679184070339665,48.110030933482136],[-1.67918399531178,48.11002516874907],[-1.67918388496785,48.110015945322026],[-1.679183784007627,48.11000672151308],[-1.679183692512567,48.10999749822001],[-1.679183606379634,48.10998827470869],[-1.679183528289871,48.10997905087003],[-1.679183452881185,48.10996982692224],[-1.679183381575556,48.109960603708544],[-1.679183314210057,48.109951379433404],[-1.679183245585518,48.10994215611055],[-1.679182874567339,48.10989116490985]],"type":"LineString"},"properties":{"objectid":65,"ligne":"a","ordre":15,"ouvrage":"Tunnel","exploitation":"Desserte voyageurs","longueur":519.31926495,"geo_point_2d":{"lon":-1.6794203940656034,"lat":48.112278132375266}}},{"type":"Feature","geometry":{"coordinates":[[-1.674397887272715,48.09332462204992],[-1.674382761215722,48.0932104023237],[-1.674379385584133,48.09317736470465],[-1.674376647345899,48.09315119799637],[-1.67437419044821,48.093125018945464],[-1.67437206865695,48.09309882716757],[-1.674370326438623,48.093072623557546],[-1.674369010777116,48.09304640710574],[-1.674368173245927,48.09302018292337],[-1.674367863752968,48.09299395258509],[-1.674368214725409,48.09296300258549],[-1.674369362851763,48.092932062517804],[-1.674371304761138,48.09290113972761],[-1.674374033469139,48.09287024621284],[-1.674376965504422,48.09284409039395],[-1.674380419201644,48.09281796201791],[-1.674384346398398,48.092791863944356],[-1.674388699947069,48.092765795387415],[-1.674393432944181,48.09273975825446],[-1.674398493815327,48.092713747434296],[-1.674403839352069,48.092687761079716],[-1.674409418468285,48.09266179946613],[-1.674415187467638,48.09263585535979],[-1.674421098877679,48.09260992438377],[-1.674427102789958,48.092584004963406],[-1.674433152746898,48.092558089076235],[-1.674540473233784,48.09209902447878],[-1.674549546656321,48.0920601506896],[-1.674558541284031,48.092021268389445],[-1.674567378417331,48.09198236996617],[-1.674575975418031,48.09194344886892],[-1.674584253424328,48.09190449569003],[-1.674593044304514,48.091860723421554],[-1.674599541396085,48.09182647420103],[-1.674606396199413,48.09178740048771],[-1.674612548818853,48.09174872657493],[-1.674618078740157,48.09171000860399],[-1.674622982758061,48.09167125571615],[-1.674627269847575,48.09163246304114],[-1.674630974664238,48.09159319665313],[-1.674634115104093,48.09155390636235],[-1.674636776730432,48.09151460130402],[-1.674639036496539,48.09147528465595],[-1.674640975456953,48.09143596033023],[-1.674642673244574,48.091396631395654],[-1.674644210588052,48.09135729817321],[-1.674645668541195,48.09131796457495],[-1.674711759482187,48.089519096321844],[-1.674714640885891,48.08944267777363],[-1.674718019911176,48.08936627412573],[-1.67472182018715,48.08929739895683],[-1.674726405207885,48.08922854593244],[-1.67473177354891,48.08915971420928],[-1.674738573225132,48.08908340570302],[-1.674745857596169,48.08900711802828],[-1.674755075820782,48.08891168220924],[-1.674762360224582,48.08883539542859],[-1.67476915177306,48.08875908724256],[-1.67477445206916,48.08869127198549],[-1.674778990222475,48.088623431859915],[-1.674782225029159,48.08856547549255],[-1.674782777850619,48.08855557630531],[-1.674786187292355,48.08847916869489],[-1.674791418389434,48.088340786621586],[-1.674810219194918,48.08783591449699]],"type":"LineString"},"properties":{"objectid":16,"ligne":"a","ordre":25,"ouvrage":"Tranch\u00e9e couverte","exploitation":"Desserte voyageurs","longueur":611.92972358,"geo_point_2d":{"lon":-1.6746382748397826,"lat":48.09058830640565}}},{"type":"Feature","geometry":{"coordinates":[[-1.698747053129063,48.09677852098062],[-1.698754794826207,48.09678418056437],[-1.698784190953202,48.09680555398867],[-1.698813700327157,48.096826856096236],[-1.698843345926081,48.09684807333242],[-1.698873149306039,48.09686919129955],[-1.698903133281473,48.096890194647365],[-1.698933316728125,48.09691106908779],[-1.69896372237865,48.09693179837278],[-1.698994370367158,48.096952367261615],[-1.699025279405798,48.09697275967059],[-1.699056469546876,48.09699295946119],[-1.699087959338937,48.097012948754156],[-1.699119767494083,48.09703271146573],[-1.699151909798712,48.09705222892845],[-1.699184403624705,48.097071485113275],[-1.699406419218974,48.09719072339586],[-1.699642631949106,48.097297019654434],[-1.699891364029596,48.09738961789795],[-1.700150849806493,48.097467861252206],[-1.70019122661573,48.09747849217784],[-1.700231792767615,48.097488794558636],[-1.700272531053332,48.09749878621884],[-1.700313426944448,48.09750848487307],[-1.700354465994384,48.09751790913371],[-1.700395633838413,48.097527078510964],[-1.70043691737022,48.09753601156246],[-1.700478303483537,48.09754472684586],[-1.700519781834323,48.097553243707004],[-1.700561340820204,48.09756158244425],[-1.700602971437424,48.097569762348655],[-1.700644661920102,48.097577801923165],[-1.700686402088027,48.097585722309105],[-1.70071092735456,48.09759031282878]],"type":"LineString"},"properties":{"objectid":21,"ligne":"b","ordre":5,"ouvrage":"Tranch\u00e9e couverte","exploitation":"Desserte voyageurs","longueur":772.89017656,"geo_point_2d":{"lon":-1.6996944459214611,"lat":48.097266091113546}}},{"type":"Feature","geometry":{"coordinates":[[-1.651584769579402,48.1245739481953],[-1.651505979865203,48.12412850018786],[-1.651454640491643,48.12383824501855],[-1.651450693476431,48.12381596210765],[-1.651446715785661,48.12379368223937],[-1.651442675318515,48.123771407613035],[-1.651438539974221,48.12374914042796],[-1.651434279073981,48.123726883726995],[-1.651429860679126,48.123704641505],[-1.651425254029958,48.12368241590706],[-1.651420427187925,48.123660210928],[-1.651418687881632,48.123652612404065]],"type":"LineString"},"properties":{"objectid":10,"ligne":"b","ordre":26,"ouvrage":"Station","exploitation":"Desserte voyageurs","longueur":103.18273805,"geo_point_2d":{"lon":-1.6515030833670579,"lat":48.12411301935065}}},{"type":"Feature","geometry":{"coordinates":[[-1.644371473075521,48.08748702696898],[-1.644264337679201,48.0874852579641],[-1.64421066696196,48.08748425234057],[-1.644157039035194,48.087482526822015],[-1.644103561285438,48.08747937694941],[-1.644050378948986,48.087474458958816],[-1.643997629967954,48.08746776637595],[-1.643945437565239,48.08745933837427],[-1.643894464809451,48.087449653654446],[-1.64389378612038,48.08744952429419],[-1.643842435638879,48.08743901953662],[-1.643220431802508,48.08731026293558],[-1.6431691860952,48.08729952929287],[-1.643118275345822,48.0872881090083],[-1.643070265090852,48.087275952499894],[-1.64305295782784,48.08727113544358],[-1.643035777671633,48.08726611681994],[-1.64301873148385,48.08726089815394],[-1.643001824786124,48.087255481024684],[-1.642985060420135,48.08724986711957],[-1.642968445247475,48.08724405796354],[-1.642951983530581,48.08723805608766],[-1.642935682050229,48.08723186211911],[-1.642919542308105,48.087225477799414],[-1.642903572667324,48.087218906395016],[-1.642887777309491,48.08721214953916],[-1.64287215899544,48.08720520802145],[-1.642856724829085,48.087198086060255],[-1.642841477571238,48.08719078444516],[-1.642826636679436,48.087183410546785],[-1.642826424083418,48.087183304701185],[-1.642811567449588,48.08717565120907],[-1.642796911770515,48.08716782470433],[-1.642782462648504,48.087159827663854],[-1.642768223086702,48.08715166357065],[-1.642754199946576,48.0871433339497],[-1.642740394810493,48.08713484144033],[-1.64272681328072,48.08712618851948],[-1.64271345836037,48.087117378670136],[-1.642700336910865,48.08710841341728],[-1.642687449255362,48.087099296352186],[-1.642674802416839,48.08709003079543],[-1.642662397816038,48.08708061759076],[-1.642650239876771,48.08707106106482],[-1.642638334282031,48.087061364592316],[-1.642626682452518,48.08705152901702],[-1.642615287552851,48.08704155961748],[-1.642604155185191,48.087031458870605],[-1.642593288190979,48.08702122846385],[-1.642582688314036,48.087010872832074],[-1.642572359897332,48.08700039540415],[-1.642562305863054,48.086989798765245],[-1.642552530473366,48.08697908544642],[-1.642543034132093,48.086968259936725],[-1.642533822441331,48.08695732471306],[-1.642524895724108,48.086946283366686],[-1.64251625974408,48.0869351401701],[-1.642507913322715,48.08692389697306],[-1.642499862223659,48.0869125580481],[-1.642492108029077,48.0869011260345],[-1.642484652563492,48.08688960626496],[-1.642477497328269,48.086878000480986],[-1.642470646747059,48.086866313009196],[-1.642461882332914,48.086850409322125],[-1.642453175334601,48.08683339501873],[-1.642444978666899,48.08681626819295],[-1.642437164695932,48.0867990601311],[-1.642429610986238,48.08678180010738],[-1.642422181460549,48.086764515243836],[-1.642269764071483,48.086408648203026],[-1.641953505239351,48.08567022276028],[-1.641945782413769,48.08565221536263],[-1.641938014682112,48.08563421698683],[-1.641930154372349,48.08561623586577],[-1.641922153974049,48.085598282027874],[-1.641913966057621,48.08558036639938],[-1.641905547213315,48.085562499744086],[-1.641896853950661,48.085544691928085],[-1.641887836483462,48.08552695757696],[-1.641878451563674,48.08550930925006],[-1.641868654603368,48.08549175956091],[-1.641858408279704,48.085474327136886],[-1.641847659190757,48.08545703125483],[-1.641836638021038,48.0854402536547],[-1.641825108921575,48.08542362992493],[-1.641813073878847,48.085407167193594],[-1.641800544258791,48.085390872209906],[-1.641787519367998,48.08537475221015],[-1.641774000546717,48.08535880714007],[-1.641759699837294,48.085342706229426],[-1.641744941328691,48.08532679320561],[-1.641729772046854,48.085311052653275],[-1.641714240761429,48.085295473592026],[-1.641698385118798,48.085280040985396],[-1.641682251902455,48.08526473672475],[-1.641665880260171,48.085249547515204],[-1.641649315312375,48.08523445171108],[-1.641632592187012,48.08521943617987],[-1.641615751903931,48.08520447854054],[-1.641598835806033,48.08518956000325],[-1.641581881135664,48.08517466104277],[-1.640590302385386,48.084303863227724],[-1.640127214370674,48.08389717015402],[-1.64011848025877,48.0838894998284],[-1.640101514948231,48.083874607417364],[-1.640084508305132,48.08385973379301],[-1.640067424669661,48.083844901119356],[-1.640050229318209,48.083830127017315],[-1.640032877131042,48.08381543313168],[-1.640015337807932,48.083800841410046],[-1.639997572928603,48.083786373226694],[-1.639979545331939,48.08377204900403],[-1.639961223942998,48.08375789702816],[-1.639942574199687,48.083743936715415],[-1.639923566286208,48.08373019540002],[-1.639904151789835,48.08371670296906],[-1.639885188813574,48.08370402938351],[-1.639865850797535,48.083691611518205],[-1.639846143504907,48.083679453645516],[-1.63982608240096,48.083667563250366],[-1.63980566906771,48.08365594297184],[-1.639784914789257,48.083644598661536],[-1.639763825167213,48.083633532796284],[-1.639742411485635,48.08362275122769],[-1.639720680847431,48.08361225817406],[-1.639698641776104,48.0836020586974],[-1.639676303892819,48.083592155112285],[-1.639653674381146,48.0835825525348],[-1.63963076428281,48.08357325412322],[-1.639607582121221,48.083564264939575],[-1.639584136096836,48.08355558645472],[-1.639559393414778,48.083546859395604],[-1.639534405014993,48.08353845041146],[-1.639509204732743,48.083530332005616],[-1.639483817266354,48.08352247975346],[-1.639458269509572,48.08351486373545],[-1.639432584497991,48.083507455989945],[-1.639406787866287,48.08350022754933],[-1.63938089587002,48.08349314982463],[-1.639354935483828,48.08348619379423],[-1.639328917200224,48.08347932659657],[-1.639302865556365,48.08347252201162],[-1.639276793724623,48.083465747069646],[-1.638242638216079,48.08319720870143],[-1.63378574560825,48.08204121497845]],"type":"LineString"},"properties":{"objectid":49,"ligne":"a","ordre":37,"ouvrage":"Viaduc","exploitation":"Arri\u00e8re gare","longueur":1064.92446785,"geo_point_2d":{"lon":-1.6394169537533445,"lat":48.084339909533284}}},{"type":"Feature","geometry":{"coordinates":[[-1.679180893822138,48.10961863131818],[-1.679175219731457,48.108838060076174],[-1.679175175363752,48.10883190663131],[-1.679175129737022,48.10882575413876],[-1.679175086709828,48.10881960063932],[-1.679175045023139,48.108813447085325],[-1.67917500333646,48.108807293531314],[-1.67917496575273,48.10880114071141],[-1.679174929428041,48.108794986939174],[-1.679174897206297,48.10878883390103],[-1.679174869087495,48.10878268159698],[-1.679174840887242,48.108776528395154],[-1.679174820729947,48.108770374866],[-1.679174801913149,48.10876422128228],[-1.679174789798817,48.108758067425796],[-1.679174783209366,48.1087519151466],[-1.679174781818968,48.10874576085366],[-1.679174787212484,48.10873960718568],[-1.679174798049419,48.108733454197264],[-1.679174816929297,48.108727300881526],[-1.679174842593084,48.10872114819074],[-1.679174876299806,48.10871499517265],[-1.679174919389954,48.108708841772646],[-1.679174969264001,48.10870268899764],[-1.679175029861955,48.108696535786194],[-1.679175098421378,48.108690381349646],[-1.679175177949077,48.10868422916995],[-1.679175266778724,48.10867807571061],[-1.679175367754216,48.108671922658026],[-1.679175479535053,48.10866577006677],[-1.679175603461723,48.10865961788226],[-1.679175738112278,48.10865346526135],[-1.679175887589631,48.10864731293807],[-1.679176046450371,48.1086411602329],[-1.679176221478395,48.10863500777084],[-1.679176407311738,48.10862885577011],[-1.679176609312356,48.10862270401246],[-1.679176824799259,48.10861655260705],[-1.679177056453423,48.10861040144473],[-1.679177301512413,48.10860424973686],[-1.679181855358431,48.10852531305966],[-1.679187320191086,48.108462629860966],[-1.679194418279546,48.108400019858045],[-1.679203146048038,48.108337503019534],[-1.679213501098398,48.108275097463945],[-1.679225481113963,48.10821282220753],[-1.679239082437656,48.10815069632096],[-1.679240501935305,48.108144617558764],[-1.679241937599783,48.10813853903964],[-1.679243388416444,48.108132464409216],[-1.679244852637514,48.10812638923319],[-1.679246330507364,48.1081203162049],[-1.679247820604055,48.10811424448108],[-1.679249325608534,48.108108173952665],[-1.679250842839846,48.10810210472876],[-1.679252372379443,48.1080960377071],[-1.679253912723935,48.10808997114675],[-1.679255465376703,48.108083906788636],[-1.679257028915813,48.10807784378959],[-1.679258601919335,48.10807178130639],[-1.679260188408676,48.10806571917537],[-1.67926178184439,48.108059659464836],[-1.679263384825955,48.1080536011679],[-1.679264997190458,48.108047542489054],[-1.679266619182268,48.10804148612158],[-1.679268247957518,48.10803543037904],[-1.679269884938141,48.108029376104675],[-1.67927152862074,48.1080233215575],[-1.679273179086773,48.108017267635276],[-1.679274837758169,48.10801121518123],[-1.679276501953979,48.108005164304444],[-1.679278171592749,48.10799911410716],[-1.679279845252539,48.107993063746164],[-1.679281524273824,48.10798701316695],[-1.679283207560502,48.10798096511729],[-1.679284897467685,48.107974915897074],[-1.679286588796403,48.10796886752003],[-1.679288284309053,48.10796282077481],[-1.679289981080319,48.107956773077234],[-1.679291681872599,48.107950725215964],[-1.679293384086407,48.10794467819787],[-1.67929508906222,48.10793863196839],[-1.679296792778618,48.1079325866912],[-1.679298499012643,48.107926539509336],[-1.679300205409184,48.10792049412297],[-1.679304042770662,48.107906899294704],[-1.67930883080664,48.10788990295796],[-1.679310744793721,48.10788310573461],[-1.679312654595974,48.10787630687937],[-1.679314560376321,48.10786950818775],[-1.679316463312309,48.10786270780967],[-1.679318360885926,48.10785590764977],[-1.679320255778105,48.107849107598966],[-1.679322142382606,48.10784230518215],[-1.679324026305672,48.107835502874416],[-1.679325902103979,48.10782869999622],[-1.679327771117996,48.107821896492986],[-1.679329633429188,48.1078150932625],[-1.67933148745271,48.107808287666025],[-1.679333334610494,48.10780148054677],[-1.67933517088114,48.10779467206841],[-1.67933700044897,48.107787863862775],[-1.679338817789204,48.10778105435259],[-1.679340625582781,48.107774243428736],[-1.679342423748243,48.107767430193455],[-1.679344209767581,48.10776061655137],[-1.679345983559341,48.10775380160474],[-1.679347745123528,48.10774698535355],[-1.679349494378687,48.107740166900044],[-1.679351230065818,48.10773334719654],[-1.679352952184923,48.10772652624305],[-1.67935465931409,48.107719703196366],[-1.679356352875241,48.10771287889967],[-1.679358030187456,48.1077060534621],[-1.67935969250975,48.10769922593132],[-1.6793613384202,48.10769239546414],[-1.679362966822728,48.107685564808406],[-1.6793645761325,48.107678731325386],[-1.679366169111909,48.10767189580372],[-1.679367744501959,48.107665059195725],[-1.679369300799272,48.10765821976046],[-1.679370838166776,48.10765137929342],[-1.679372356523021,48.10764453689686],[-1.679373851683707,48.107637690938915],[-1.679375327996063,48.10763084484697],[-1.67937678111288,48.10762399519366],[-1.679378212619004,48.10761714461769],[-1.679379621011062,48.10761029137812],[-1.679381008969986,48.10760343536583],[-1.679382372637319,48.10759657853999],[-1.679383711768694,48.10758971820736],[-1.679385026608494,48.10758285706119],[-1.679386315653356,48.10757599336052],[-1.679387580325206,48.10756912794855],[-1.679388817780213,48.1075622591389],[-1.679390029603228,48.10755538957027],[-1.679391214209421,48.107548516603956],[-1.679392371761725,48.10754164203546],[-1.679393500919689,48.10753476591935],[-1.679394600261407,48.10752788741242],[-1.679395671127345,48.10752100646012],[-1.679396713680437,48.10751412485797],[-1.679397726335856,48.10750723996723],[-1.679398705153697,48.10750035284936],[-1.679399654155351,48.10749346334065],[-1.679400570822829,48.10748657334578],[-1.679401456333687,48.10747968101463],[-1.679402309428932,48.10747278729958],[-1.679403130027126,48.107465891302816],[-1.67940391544736,48.10745899313346],[-1.679404667111566,48.10745209363472],[-1.6794053849383,48.10744519190885],[-1.679406066328121,48.10743828896272],[-1.679406711281042,48.10743138479632],[-1.679407319715614,48.10742447851188],[-1.679407891794781,48.10741757190496],[-1.679408427355628,48.10741066318002],[-1.679408923798722,48.10740375334391],[-1.679409383804991,48.10739684228755],[-1.679409992857325,48.107386473140956],[-1.679411782014191,48.10732895399221],[-1.679411599169561,48.10729756522549],[-1.67941059896758,48.10726618359404],[-1.67940878088387,48.10723481813],[-1.679406145815975,48.10720347870875],[-1.679402694661422,48.107172175205534],[-1.679398428236275,48.10714091659795],[-1.679389312140577,48.10708792587363],[-1.679382852980395,48.10705683310195],[-1.679375583153785,48.107025821081336],[-1.679367507498089,48.10699489862561],[-1.679358626910749,48.106964075609966],[-1.679348943466717,48.106933360059514],[-1.679338462247643,48.10690276348126],[-1.679327185328423,48.10687229390032],[-1.679315116205842,48.10684196018496],[-1.679302258539555,48.10681177299892],[-1.679288615744823,48.10678174031273],[-1.679274192658774,48.10675187094001],[-1.679258992940969,48.10672217554454],[-1.679243022687449,48.10669266198762],[-1.679226285476238,48.10666334003521],[-1.679208786144315,48.10663421850092],[-1.679190530787602,48.106605305246056],[-1.679171525664872,48.10657660992739],[-1.679151775612983,48.10654814135855],[-1.679131285387278,48.10651990745532],[-1.679110063927272,48.10649191776538],[-1.67908811598822,48.10646418020451],[-1.679065449087648,48.10643670347715],[-1.679042068062164,48.10640949639686],[-1.679017982947154,48.106382565763404],[-1.678993200001001,48.10635592123353],[-1.678967726659569,48.10632957061391],[-1.678941569018239,48.106303521765696],[-1.678914738534048,48.10627778233191],[-1.678887240043289,48.106252361125996],[-1.678859083499553,48.10622726405003],[-1.678830277841751,48.10620250065157],[-1.678800831764381,48.10617807778496],[-1.678770752621461,48.10615400235902],[-1.67874005195112,48.106130282914506],[-1.678708737025813,48.10610692546252],[-1.678676817961671,48.106083937700575],[-1.678644304793328,48.10606132642843],[-1.678611208977211,48.10603909928907],[-1.678577537704098,48.106017261395856],[-1.678543302511747,48.105995821289476],[-1.678508513271655,48.10597478397424],[-1.678473182698989,48.1059541561408],[-1.678437319569033,48.10593394554127],[-1.678400935012091,48.10591415622758],[-1.678364039143748,48.1058947958973],[-1.678326645856465,48.10587586939108],[-1.678288765102832,48.10585738261097],[-1.678250408257231,48.105839342302225],[-1.678211586449681,48.10582175251687],[-1.678172313653846,48.105804618993325],[-1.678132599822089,48.10578794763369],[-1.678092457424677,48.105771742435444],[-1.67805189909469,48.105756009191644],[-1.678010936043312,48.10574075285203],[-1.677969582081067,48.10572597735966],[-1.677927849759443,48.1057116876098],[-1.677885751548452,48.10569788760001],[-1.677843299918056,48.10568458132788],[-1.677800508760014,48.105671773634164],[-1.67778834154863,48.10566826070275],[-1.677780223321049,48.10566592833369],[-1.677772093318631,48.105663614464675],[-1.677763952718934,48.10566131724566],[-1.677755800100105,48.10565903583341],[-1.67774763830582,48.10565677191436],[-1.677739467336071,48.10565452548852],[-1.677731284265747,48.10565229397168],[-1.677723093360361,48.105650079893486],[-1.677714892953783,48.10564787971747],[-1.677706682031305,48.10564569708917],[-1.677698464288447,48.10564352825397],[-1.677690237207233,48.10564137511642],[-1.67768199936582,48.10563923683332],[-1.677673753445024,48.1056371132956],[-1.677665500703829,48.10563500355093],[-1.677657238624251,48.10563290950392],[-1.67764896972426,48.10563082924998],[-1.677640691241599,48.10562876200042],[-1.677632407197502,48.10562670759161],[-1.677624113733571,48.10562466798272],[-1.677615816048606,48.105622641160025],[-1.677607510121363,48.10562062728716],[-1.677599195951829,48.10561862636413],[-1.677590876057984,48.105616636486324],[-1.677582550602669,48.10561465944928],[-1.677574218245464,48.10561269530752],[-1.677565880082502,48.105610741313235],[-1.677557533677229,48.10560880026874],[-1.67754918422844,48.10560687016042],[-1.677540827633467,48.10560495025409],[-1.677532466654559,48.10560304133845],[-1.677524099951296,48.105601143468014],[-1.677515728701237,48.10559925479276],[-1.677507351808238,48.10559737806047],[-1.677498969028022,48.10559551057787],[-1.67749058304141,48.10559365223588],[-1.677482191167577,48.10559180314359],[-1.677473794828349,48.105589964144215],[-1.677465393860877,48.10558813344223],[-1.67745698952415,48.10558631008534],[-1.677448580640594,48.105584495923594],[-1.67744016989103,48.10558269084793],[-1.677431753009954,48.10558089232865],[-1.677423333003867,48.10557910384777],[-1.677414909384245,48.10557732001867],[-1.677406483898598,48.105575545275656],[-1.677398053540413,48.10557377613672],[-1.677389619812945,48.10557201434287],[-1.677381185397011,48.105570259785054],[-1.677372744768124,48.105568510885846],[-1.677364303287922,48.10556676742714],[-1.677355859697413,48.10556503036122],[-1.677347411152934,48.10556329800163],[-1.677338961838551,48.10556157198028],[-1.677330510169596,48.10555984965843],[-1.67732205639032,48.10555813372936],[-1.677313601596878,48.10555642144526],[-1.677305144530276,48.105554713758416],[-1.67729668510909,48.105553009771064],[-1.677288221992909,48.105551309537745],[-1.677279759202963,48.10554961289484],[-1.677271295398842,48.105547919896914],[-1.677262829158707,48.10554622970069],[-1.677254361904395,48.105544543149456],[-1.677245894813473,48.10554285839311],[-1.677237423864712,48.10554117559528],[-1.677228954501168,48.10553949543555],[-1.677220483960602,48.10553781712528],[-1.677212012161592,48.10553613976667],[-1.677199303286539,48.10553362557764],[-1.677189683962774,48.105531726381074]],"type":"LineString"},"properties":{"objectid":67,"ligne":"a","ordre":17,"ouvrage":"Tunnel","exploitation":"Desserte voyageurs","longueur":536.74811541,"geo_point_2d":{"lon":-1.678835519398727,"lat":48.10716165939479}}},{"type":"Feature","geometry":{"coordinates":[[-1.706328488834191,48.10075352092968],[-1.706486864617786,48.1012513691347]],"type":"LineString"},"properties":{"objectid":29,"ligne":"b","ordre":8,"ouvrage":"Station","exploitation":"Desserte voyageurs","longueur":56.59493367,"geo_point_2d":{"lon":-1.7064076767259886,"lat":48.101002445032194}}},{"type":"Feature","geometry":{"coordinates":[[-1.691683597751142,48.121478883307425],[-1.691671770215092,48.1214772185427],[-1.691660067250414,48.12147545858656],[-1.691648367049841,48.12147369941758],[-1.691636665509261,48.121471940302115],[-1.691624965228594,48.121470180233004],[-1.691613262430491,48.1214684220676],[-1.691601555404565,48.12146657306418],[-1.691589847038665,48.12146472411428],[-1.691578138591914,48.121462874265426],[-1.691566424740016,48.121460935428765],[-1.691554849198383,48.121459081957916],[-1.691543128438085,48.12145705239145],[-1.691531413329706,48.12145511450366],[-1.691519832303043,48.12145317114492],[-1.691508244367173,48.12145113705756],[-1.691496656513909,48.12144910386681],[-1.691485061833216,48.121446980845185],[-1.691473341078408,48.12144495127161],[-1.691461879221299,48.12144282373038],[-1.691450277796856,48.12144061177333],[-1.691438684379096,48.12143848779459],[-1.691427082874928,48.12143627493745],[-1.691415608706025,48.12143396767754],[-1.691404005863056,48.12143175487277],[-1.691392533036992,48.12142944755587],[-1.69138105887115,48.12142714029252],[-1.691369577796503,48.12142474230059],[-1.691358095463804,48.12142234525995],[-1.691346614554669,48.12141994906122],[-1.691335133483222,48.12141755106586],[-1.691323779828913,48.12141505956561],[-1.691312293272387,48.12141257168357],[-1.691300931533141,48.1214099913038],[-1.69128957105415,48.12140740997048],[-1.691278210494606,48.121404827738274],[-1.691266843189932,48.12140215657301],[-1.69125855861311,48.121400234606],[-1.691247395338469,48.12139760197229],[-1.69123602120908,48.12139484097428],[-1.691224779820803,48.12139207456041],[-1.691213539856223,48.1213893089885],[-1.691202293065007,48.12138645358578],[-1.691191046275036,48.12138359818195],[-1.691179926739185,48.12138064747797],[-1.69116867186481,48.12137770319469],[-1.691157552331511,48.121374752488535],[-1.691146432881165,48.12137180267905],[-1.69113530526356,48.12136876309348],[-1.691124172160371,48.12136563362243],[-1.691113045886214,48.12136259398001],[-1.69110204552553,48.12135945909222],[-1.691090904339593,48.121356240740674],[-1.691079898494791,48.12135301596636],[-1.691068892733044,48.121349792088736],[-1.691057886972672,48.12134656821006],[-1.691047007125902,48.12134324908609],[-1.691036127362212,48.12133993085884],[-1.691025106610129,48.121336527372286],[-1.691014221362563,48.12133311925856],[-1.691003336034751,48.12132971024603],[-1.690992583693177,48.12132629851129],[-1.69098169154078,48.121322799667006],[-1.690970925465533,48.12131920737304],[-1.690960166219196,48.121315704907786],[-1.690949400146924,48.1213121126118],[-1.690938762670101,48.1213084249613],[-1.69092799660084,48.1213048326633],[-1.690917359208728,48.121301145908575],[-1.690906713650012,48.12129736937783],[-1.690896068092856,48.1212935928461],[-1.690885423796383,48.12128981536093],[-1.690874911063684,48.12128603431064],[-1.690864392846091,48.12128216337499],[-1.690853875889196,48.12127829148593],[-1.690843357756438,48.121274421446095],[-1.690832832634712,48.121270459780064],[-1.690822443017505,48.12126649348716],[-1.690812045397303,48.1212624392138],[-1.690801520280423,48.12125847754489],[-1.690791249916763,48.121254327970966],[-1.690780850878979,48.12125027285171],[-1.690770581777738,48.12124612232351],[-1.690760311419025,48.12124197274683],[-1.690750041061958,48.121237823169224],[-1.690739763879531,48.12123358376096],[-1.690729620779121,48.12122933888294],[-1.690719470935079,48.12122500507203],[-1.690709327919705,48.12122076108996],[-1.690699171170427,48.12121633654975],[-1.690689155493472,48.12121199816511],[-1.690678998829325,48.12120757452088],[-1.690668976247194,48.12120314540697],[-1.6906590879104,48.121198712618934],[-1.690649058586523,48.12119419457131],[-1.690639163344638,48.12118967105404],[-1.690629266845363,48.121185148488365],[-1.690619364861824,48.12118053603742],[-1.69060959696026,48.1211759181169],[-1.690599693639449,48.12117130571893],[-1.690589918996322,48.12116659886473],[-1.690580144354977,48.12116189200971],[-1.690570503795578,48.121157179685184],[-1.69056072907611,48.121152471930756],[-1.690551080516114,48.121147671625046],[-1.690541567297168,48.12114286489745],[-1.690531913091557,48.12113797291019],[-1.690522391790432,48.12113307730369],[-1.690512871750238,48.121128180743966],[-1.690503351793524,48.1211232850812],[-1.690493823671243,48.12111829964257],[-1.690484430971659,48.1211133086799],[-1.690475038273893,48.12110831771646],[-1.690465771735674,48.1211032342019],[-1.690456379041544,48.121098243236936],[-1.690447105517132,48.1210930680956],[-1.690437840243529,48.121087983626346],[-1.690428566722824,48.1210828084835],[-1.690419428869765,48.12107763051001],[-1.690410289514396,48.12107245079495],[-1.690401144675254,48.12106718119472],[-1.69039213408126,48.12106190792082],[-1.690382987905039,48.12105663837381],[-1.690373970406711,48.121051274370956],[-1.690365092639035,48.12104599657892],[-1.690356075226097,48.121040633472404],[-1.690347183727796,48.12103517512169],[-1.690338299057667,48.12102980660007],[-1.690329541806296,48.12102434457508],[-1.690320644828145,48.12101879633787],[-1.690311887498839,48.12101333341379],[-1.690303257588302,48.12100777698642],[-1.690294493518166,48.121002225129004],[-1.690285864870487,48.12099666774789],[-1.690277228139358,48.12099102148879],[-1.690268733656829,48.12098545953582],[-1.690260224183037,48.12097971797734],[-1.690251721537269,48.12097406624802],[-1.690243212148916,48.12096832558603],[-1.690234836842146,48.120962579455146],[-1.690226461537243,48.12095683332363],[-1.690218087656671,48.12095108803459],[-1.690209705611107,48.120945252969825],[-1.690201457647079,48.12093941243621],[-1.690193211025709,48.120933571847324],[-1.690185090400677,48.12092763691229],[-1.690176976685173,48.120921792704195],[-1.690168854723065,48.12091585782267],[-1.690160727277652,48.12090983305612],[-1.690152740821304,48.12090389354833],[-1.690144748881655,48.120897864155545],[-1.690136755684741,48.12089183571461],[-1.690128896569201,48.12088580180497],[-1.690121030629606,48.120879678065],[-1.69011317017696,48.12087364420895],[-1.690105438402207,48.12086751589753],[-1.690097701225901,48.12086129859887],[-1.690089969454837,48.12085517028638],[-1.690082230859784,48.120848952143604],[-1.690074625086866,48.12084272948464],[-1.690067154817629,48.12083650220015],[-1.690059551729952,48.12083027943081],[-1.690052073379438,48.12082396326801],[-1.690044596289882,48.12081764615224],[-1.690037253363141,48.1208113244657],[-1.690029774936438,48.120805007403646],[-1.690022426528393,48.12079859583169],[-1.690015209601528,48.12079217979834],[-1.690007994017247,48.12078576370986],[-1.69000077709397,48.120779347675594],[-1.68999356285407,48.120772931531505],[-1.689986473269611,48.1207664210963],[-1.689979385109396,48.12075991150372],[-1.689972431030146,48.12075339644274],[-1.689965342791825,48.120746885951505],[-1.689958514710531,48.12074027654434],[-1.689951553810978,48.12073367165228],[-1.689946889040589,48.1207291555398]],"type":"LineString"},"properties":{"objectid":60,"ligne":"a","ordre":10,"ouvrage":"Zone de transition","exploitation":"Desserte voyageurs","longueur":157.76382392,"geo_point_2d":{"lon":-1.690774387262668,"lat":48.121194311159606}}},{"type":"Feature","geometry":{"coordinates":[[-1.63874528261033,48.12222794012347],[-1.637941488710593,48.12244189266591],[-1.637895621967664,48.12245410702586],[-1.637849770953991,48.12246634686263],[-1.637803953003629,48.12247864031061],[-1.637758182688003,48.12249101471467],[-1.637712477017973,48.12250349461809],[-1.637666853327354,48.122516108155374],[-1.637621327447474,48.122528881719575],[-1.637575920411651,48.12254183969188],[-1.637530648131828,48.122555009363154],[-1.637485531721932,48.12256841601244],[-1.637440591035703,48.122582085870675],[-1.637395848366333,48.12259604236731],[-1.637351324908331,48.122610311679296],[-1.637307045717331,48.1226249180258],[-1.637095081950552,48.12270124274453],[-1.636890262786706,48.12278586323719],[-1.636693315007159,48.12287848172739],[-1.63665395819371,48.12289842987233],[-1.636614942895825,48.122918674193244],[-1.636576245478812,48.12293919131517],[-1.636537843406701,48.12295995511559],[-1.636499711623247,48.1229809413757],[-1.636461827915524,48.12300212756414],[-1.636424164626282,48.1230234904679],[-1.636386696699376,48.12304500586808],[-1.636349397979986,48.12306665229314],[-1.636312239550767,48.123088407481845],[-1.6362751938353,48.12311024911887],[-1.636238234678818,48.123132155732556],[-1.636201331742394,48.12315410421784],[-1.636164456431669,48.12317607590447],[-1.631748131118183,48.12580800233218],[-1.63169799583702,48.12583787059697],[-1.631647827154767,48.12586771225024],[-1.631597592051005,48.125897504293555],[-1.63154725576107,48.12592721929351],[-1.63149678644426,48.12595683240198],[-1.63144614949727,48.12598631798102],[-1.631395314259132,48.12601564933281],[-1.63134424746759,48.126044800765285],[-1.631292918381099,48.12607374468273],[-1.631241296338812,48.12610245438717],[-1.63118935202092,48.12613090312661],[-1.630761481747636,48.12634793851913],[-1.630313023884794,48.12654547174032],[-1.629845960838469,48.126722629852416],[-1.629799163364849,48.12673889774],[-1.629752201117873,48.126754949683416],[-1.62970506650604,48.126770776076704],[-1.629657755638418,48.12678636356069],[-1.629610263605604,48.12680170242136],[-1.629562586678,48.126816781095165],[-1.629514718282778,48.12683158633087],[-1.629466656192691,48.12684610830652],[-1.629418397858037,48.12686033360897],[-1.629369938289008,48.12687425162633],[-1.629321277618045,48.12688784883755],[-1.629272412196442,48.12690111457679],[-1.629223342237359,48.12691403622069],[-1.629174063850346,48.12692660041009],[-1.629097882974266,48.12694520480837],[-1.629021235458369,48.12696292960003],[-1.628944143861557,48.126979771173275],[-1.628891404556883,48.126990740023565],[-1.628838497593921,48.12700134076455],[-1.62878544988211,48.12701161826602],[-1.628732283047275,48.12702161851148],[-1.628679021477716,48.12703138827428],[-1.628625682614633,48.127040971904314],[-1.628572289504969,48.12705041622899],[-1.628518859750792,48.12705976739385],[-1.628465412375629,48.1270690723883],[-1.628341227818164,48.127090672072775]],"type":"LineString"},"properties":{"objectid":5,"ligne":"b","ordre":31,"ouvrage":"Viaduc","exploitation":"Desserte voyageurs","longueur":955.57865355,"geo_point_2d":{"lon":-1.6335595712753253,"lat":48.124704841559314}}},{"type":"Feature","geometry":{"coordinates":[[-1.710956892786075,48.121295413308374],[-1.71157334357199,48.12130282675211]],"type":"LineString"},"properties":{"objectid":2,"ligne":"a","ordre":2,"ouvrage":"Station","exploitation":"Desserte voyageurs","longueur":45.89849645,"geo_point_2d":{"lon":-1.7112651181790326,"lat":48.121299120030244}}},{"type":"Feature","geometry":{"coordinates":[[-1.656748305213845,48.12941312660681],[-1.656031959178097,48.129437118567814],[-1.655989270428524,48.129438544699006],[-1.655946579973786,48.129439951961146],[-1.65590388745219,48.12944132144668],[-1.655861191079977,48.1294426334046],[-1.655818490576664,48.12944386982515],[-1.655775782736471,48.12944501011382],[-1.655733068701185,48.129446037104316],[-1.655690349288322,48.1294469300393],[-1.655647621535536,48.12944767101757],[-1.655604889104742,48.12944824096874],[-1.655562151553676,48.129448620087516],[-1.655519411203321,48.12944878935779],[-1.655476670455807,48.129448730661274],[-1.655433931470085,48.12944842318632],[-1.655391199492676,48.12944785050162],[-1.655348476601579,48.12944699089778],[-1.655305770725545,48.12944582783496],[-1.655263088046943,48.1294443403387],[-1.65522043373145,48.129442511079965],[-1.654917848505064,48.129419053448075],[-1.654619649473364,48.1293774478028],[-1.654328259221386,48.1293180322727],[-1.654046046056697,48.129241289571134],[-1.653775304818438,48.12914784326475],[-1.653518235005771,48.12903845414979],[-1.653276926387183,48.12891401001782],[-1.653053339896074,48.12877552282022],[-1.652849293244445,48.1286241184333],[-1.652666443856965,48.12846102653166],[-1.652506276073716,48.128287572992],[-1.652370094655275,48.12810516753717],[-1.652259004960867,48.127915292820596],[-1.652173907798885,48.12771949201658],[-1.652164087785807,48.12769164388324],[-1.652154766980465,48.12766371969281],[-1.652145919129,48.12763572681465],[-1.652137516555575,48.12760767177452],[-1.652129533006427,48.127579561941744],[-1.652121940805822,48.12755140384206],[-1.652114713457058,48.12752320215146],[-1.652107823284505,48.12749496339566],[-1.652101241028539,48.12746669146131],[-1.652094940192621,48.12743839102433],[-1.652088894199253,48.12741006586287],[-1.652083072366966,48.12738171901999],[-1.652077448118376,48.12735335427385],[-1.652071993535164,48.12732497545678],[-1.652066679115009,48.12729658376207],[-1.652061479621712,48.12726818291356],[-1.652056362952096,48.127239775110795],[-1.652051303789065,48.12721136317984],[-1.652046272630545,48.127182948313944],[-1.651920883779888,48.126474120557184],[-1.651584769579402,48.1245739481953]],"type":"LineString"},"properties":{"objectid":8,"ligne":"b","ordre":25,"ouvrage":"Tunnel","exploitation":"Desserte voyageurs","longueur":783.79821291,"geo_point_2d":{"lon":-1.6533385901488105,"lat":48.12793394691697}}},{"type":"Feature","geometry":{"coordinates":[[-1.692345238146983,48.105057816618675],[-1.692137338918296,48.10505681607137],[-1.692090443757516,48.1050565944216],[-1.692043548529987,48.10505640159021],[-1.691996653005095,48.10505626461922],[-1.691949757033807,48.1050562114483],[-1.691902861807377,48.105056269962525],[-1.691855967176563,48.105056468101644],[-1.691809074414079,48.10505683464843],[-1.691762185969585,48.10505739653546],[-1.69171530453764,48.105058183388586],[-1.69166843382641,48.105059221187965],[-1.691621580469732,48.10506053849757],[-1.691574746998533,48.105062163147785],[-1.691527942727208,48.10506412359325],[-1.691214522515894,48.10508667728457],[-1.690904673276694,48.10512549316698],[-1.690600270218114,48.10518033525772],[-1.690303159810975,48.10525087325141],[-1.690259700382416,48.105262676224896],[-1.690216433281808,48.10527478941777],[-1.690173343995696,48.105287186389745],[-1.690130421950245,48.10529983963876],[-1.69008765263217,48.10531272272449],[-1.690045020269513,48.10532581015906],[-1.690002511689539,48.105339075447475],[-1.689960109698404,48.10535249225865],[-1.689917797265614,48.105366036057134],[-1.689875557197467,48.10537968051185],[-1.689833371041566,48.105393400244104],[-1.689791221767624,48.10540717071835],[-1.689749090841734,48.10542096565811],[-1.689626441145638,48.10546114162529],[-1.689584308872929,48.105474937457025],[-1.689542160724775,48.105488706887414],[-1.689499974472857,48.10550242739495],[-1.689457734101103,48.10551607079819],[-1.689415421402507,48.10552961441153],[-1.689373017761968,48.10554303106063],[-1.689330508830542,48.10555629610024],[-1.689287877415289,48.10556938319908],[-1.689245107663753,48.10558226597106],[-1.689202185145569,48.105594918873166],[-1.689159095348823,48.10560731546466],[-1.689115826360853,48.105619428297636],[-1.689072366350717,48.10563123082197],[-1.688739880227746,48.10570901758974],[-1.688398558667258,48.10576715691338],[-1.688050982781455,48.10580520827738],[-1.687699785285211,48.105822884079416],[-1.687347622332583,48.10582005077999],[-1.68730081311694,48.105818130513704],[-1.687254038054817,48.105815875435624],[-1.687207296995665,48.105813313485505],[-1.687160593810065,48.1058104724392],[-1.687113924407633,48.105807381298135],[-1.687067289896335,48.10580406704971],[-1.687020687444409,48.105800557742974],[-1.686974112879575,48.10579688148161],[-1.686927563369871,48.10579306631469],[-1.686881034742815,48.1057891403459],[-1.686834521403847,48.105785130835784],[-1.686788019261874,48.105781066785816],[-1.686741522558963,48.10577697366099],[-1.68550487546466,48.10566799165292],[-1.685449924437191,48.105663154962905],[-1.68539496705493,48.105658351846095],[-1.685339995775357,48.10565361775194],[-1.685285005655065,48.105648987123],[-1.685229990410088,48.10564449445638],[-1.685174943674762,48.10564017335143],[-1.685119863267606,48.10563605903914],[-1.685064742985777,48.10563218691435],[-1.685009580402829,48.10562858951479],[-1.68495437484035,48.10562530381228],[-1.684899125375109,48.10562236408545],[-1.684430764095698,48.10561268701134],[-1.683962915797552,48.105630281755005],[-1.68349911427596,48.10567501785151],[-1.683444704769237,48.10568208213888],[-1.683390394751284,48.105689486559534],[-1.683336181123125,48.10569719699878],[-1.683282053920836,48.10570517781944],[-1.683228006106035,48.105713395968316],[-1.683174029218534,48.10572181754915],[-1.683120109355135,48.105730407986215],[-1.683066239314814,48.1057391324308],[-1.683012405357688,48.10574795810268],[-1.682958596424819,48.10575685211245],[-1.68290479987243,48.10576577893194],[-1.68260309178274,48.10581587697216]],"type":"LineString"},"properties":{"objectid":28,"ligne":"b","ordre":11,"ouvrage":"Tunnel","exploitation":"Desserte voyageurs","longueur":743.78033706,"geo_point_2d":{"lon":-1.6874874186994586,"lat":48.10555334964866}}},{"type":"Feature","geometry":{"coordinates":[[-1.657852221942023,48.12937614570238],[-1.657423014270208,48.12939052505381],[-1.656748305213845,48.12941312660681]],"type":"LineString"},"properties":{"objectid":7,"ligne":"b","ordre":24,"ouvrage":"Station","exploitation":"Desserte voyageurs","longueur":82.26995753,"geo_point_2d":{"lon":-1.6573002635948892,"lat":48.12939463666072}}},{"type":"Feature","geometry":{"coordinates":[[-1.703980409630374,48.091684177064295],[-1.703744715648412,48.09192163833466],[-1.703374997135421,48.09229412247186],[-1.703346832839661,48.092322485391556],[-1.703318620823467,48.09235082682717],[-1.703290311975391,48.092379124458745],[-1.703261858605814,48.09240735680917],[-1.703259825488632,48.09240935483414]],"type":"LineString"},"properties":{"objectid":23,"ligne":"b","ordre":2,"ouvrage":"Station","exploitation":"Desserte voyageurs","longueur":96.85884272,"geo_point_2d":{"lon":-1.7036203011791653,"lat":48.09204694935855}}},{"type":"Feature","geometry":{"coordinates":[[-1.675489349168384,48.09767444069521],[-1.675416333121207,48.09741992819122]],"type":"LineString"},"properties":{"objectid":72,"ligne":"a","ordre":22,"ouvrage":"Station","exploitation":"Desserte voyageurs","longueur":28.81523445,"geo_point_2d":{"lon":-1.6754528411447955,"lat":48.097547184443215}}},{"type":"Feature","geometry":{"coordinates":[[-1.672470400331878,48.10416565056157],[-1.672097942970447,48.10421134370878],[-1.671710294184981,48.10425889821743]],"type":"LineString"},"properties":{"objectid":30,"ligne":"b","ordre":14,"ouvrage":"Station","exploitation":"Desserte voyageurs","longueur":57.54573612,"geo_point_2d":{"lon":-1.6720903473272937,"lat":48.10421227495085}}},{"type":"Feature","geometry":{"coordinates":[[-1.679182874567339,48.10989116490985],[-1.679180893822138,48.10961863131818]],"type":"LineString"},"properties":{"objectid":66,"ligne":"a","ordre":16,"ouvrage":"Station","exploitation":"Desserte voyageurs","longueur":30.30150384,"geo_point_2d":{"lon":-1.6791818841947386,"lat":48.10975489811401}}},{"type":"Feature","geometry":{"coordinates":[[-1.639487194266445,48.12203045238719],[-1.639136709507497,48.12212374742075],[-1.63874528261033,48.12222794012347]],"type":"LineString"},"properties":{"objectid":12,"ligne":"b","ordre":30,"ouvrage":"Station","exploitation":"Desserte voyageurs","longueur":59.43468116,"geo_point_2d":{"lon":-1.6391162384771203,"lat":48.12212919640085}}},{"type":"Feature","geometry":{"coordinates":[[-1.679855142084826,48.11459949686295],[-1.67994381862281,48.11474580517904],[-1.680044665826784,48.11491219325902]],"type":"LineString"},"properties":{"objectid":33,"ligne":"b","ordre":18,"ouvrage":"Station","exploitation":"Desserte voyageurs","longueur":37.52104782,"geo_point_2d":{"lon":-1.6799499038789731,"lat":48.11475584510755}}},{"type":"Feature","geometry":{"coordinates":[[-1.660572529858572,48.0864407865548],[-1.66038829189796,48.08643767289635],[-1.660142651483059,48.0864335192793]],"type":"LineString"},"properties":{"objectid":42,"ligne":"a","ordre":30,"ouvrage":"Station","exploitation":"Desserte voyageurs","longueur":32.03369244,"geo_point_2d":{"lon":-1.6603575906626862,"lat":48.08643715339796}}},{"type":"Feature","geometry":{"coordinates":[[-1.654037858176749,48.08772773080162],[-1.653517236842121,48.08771874981877],[-1.653427784321836,48.087717183404536],[-1.653338334724307,48.08771548524766],[-1.653248895149634,48.08771352530782],[-1.653156078403993,48.087711085703795],[-1.653063287362952,48.087708215178274],[-1.652970530149641,48.087704914303615],[-1.652877785776135,48.08770117401798],[-1.652788497841846,48.087697196414204],[-1.652699238295868,48.087692951779395],[-1.652609989804542,48.087688575974575],[-1.65106817892457,48.08761257222482],[-1.650978933309326,48.087608194148636],[-1.650889671466852,48.08760394911633],[-1.65080038146167,48.08759995835282],[-1.650703570916963,48.087596070907445],[-1.650606722070775,48.08759265348212],[-1.650509836179512,48.08758970512475],[-1.650412930534081,48.08758723865139],[-1.650323489079116,48.08758534140352],[-1.650234035484996,48.087583712192234],[-1.650147000784573,48.087582256260355]],"type":"LineString"},"properties":{"objectid":45,"ligne":"a","ordre":33,"ouvrage":"Tranch\u00e9e couverte","exploitation":"Desserte voyageurs","longueur":290.34858534,"geo_point_2d":{"lon":-1.652092268288329,"lat":48.08766004794577}}},{"type":"Feature","geometry":{"coordinates":[[-1.712099199001614,48.12130933808315],[-1.712088829058588,48.12130915564179],[-1.712078466061846,48.121309063925686],[-1.712067961958623,48.12130888607843],[-1.712057592097847,48.12130870453199],[-1.712047222155096,48.121308522086885],[-1.712036859076507,48.12130842946932],[-1.712026353632774,48.121308251673206],[-1.712015990554276,48.12130815905374],[-1.712005620693829,48.121307977502624],[-1.71199525627464,48.12130788493623],[-1.711984759117989,48.121307797807596],[-1.711974389175676,48.12130761535593],[-1.711964026097399,48.1213075227318],[-1.711952448794291,48.121307382538426],[-1.71157334357199,48.12130282675211]],"type":"LineString"},"properties":{"objectid":1,"ligne":"a","ordre":1,"ouvrage":"Tranch\u00e9e couverte","exploitation":"Arri\u00e8re gare","longueur":39.15371937,"geo_point_2d":{"lon":-1.7118362728344825,"lat":48.121305997103576}}},{"type":"Feature","geometry":{"coordinates":[[-1.619904805704743,48.13160866191141],[-1.618352128580623,48.13275641369567]],"type":"LineString"},"properties":{"objectid":15,"ligne":"b","ordre":35,"ouvrage":"Viaduc","exploitation":"Arri\u00e8re gare","longueur":172.16123605,"geo_point_2d":{"lon":-1.619128467142683,"lat":48.13218253780354}}},{"type":"Feature","geometry":{"coordinates":[[-1.704136712510882,48.12124489384849],[-1.703730112385343,48.121236563852]],"type":"LineString"},"properties":{"objectid":53,"ligne":"a","ordre":4,"ouvrage":"Station","exploitation":"Desserte voyageurs","longueur":30.2831612,"geo_point_2d":{"lon":-1.7039334124481125,"lat":48.121240728850246}}},{"type":"Feature","geometry":{"coordinates":[[-1.68260309178274,48.10581587697216],[-1.681705549307259,48.10596490772475]],"type":"LineString"},"properties":{"objectid":39,"ligne":"b","ordre":12,"ouvrage":"Station","exploitation":"Desserte voyageurs","longueur":68.85994342,"geo_point_2d":{"lon":-1.6821543205449996,"lat":48.105890392348456}}},{"type":"Feature","geometry":{"coordinates":[[-1.664269811901193,48.125340881914475],[-1.664058926563015,48.12560454898173],[-1.664039756823617,48.12562852329292],[-1.664020613519041,48.12565250734085],[-1.664001525783843,48.12567651075684],[-1.663982518648558,48.12570054243758],[-1.663963618647142,48.12572461302094],[-1.663944856173991,48.12574873118615],[-1.663926254837578,48.12577290498653],[-1.663907845194828,48.12579714489694],[-1.663760347203872,48.12600585762281],[-1.663628992127983,48.12621934894824],[-1.663514122640874,48.12643706079908],[-1.663501690765658,48.12646294957455],[-1.663489461889249,48.12648888057665],[-1.663477408705258,48.126514849506236],[-1.663465502241429,48.126540848527476],[-1.663453712265699,48.12656687075666],[-1.66344201004934,48.126592911051226],[-1.663430366782367,48.12661896337081],[-1.663418752313763,48.12664502172946],[-1.663305313925293,48.12689965751585],[-1.663291897837671,48.126929755372444],[-1.66327844203385,48.126959845826285],[-1.663264906569568,48.12698991878305],[-1.663251250565539,48.127019968691634],[-1.663237434077334,48.12704998545765],[-1.663223418663836,48.12707996072792],[-1.66320916446166,48.12710988530579],[-1.663194630185145,48.12713974915126],[-1.663179780074906,48.12716954380226],[-1.663164572682712,48.12719925742319],[-1.663148970664424,48.12722887891308],[-1.663132935334846,48.12725839722525],[-1.663116430447065,48.12728779851101],[-1.663010326932038,48.12745633835021],[-1.662887493437573,48.12761970480343],[-1.662748490112598,48.12777715786061],[-1.662723178665941,48.12780340644559],[-1.662697421590724,48.12782946043847],[-1.662671228192405,48.127855318560655],[-1.662644606516659,48.12788098048568],[-1.662617565868996,48.12790644493497],[-1.662590115636158,48.1279317115277],[-1.662562261181888,48.12795678004615],[-1.662534011892984,48.1279816501095],[-1.662505377075059,48.128006320439155],[-1.662476364936351,48.128030792504255],[-1.662446980840697,48.12805506608703],[-1.662417235516008,48.12807914075237],[-1.662387134326162,48.128103016282545],[-1.662356686901689,48.1281266949901],[-1.662325899866335,48.12815017570519],[-1.662294781428459,48.12817345989694],[-1.662263339715248,48.12819654813672],[-1.66223158017188,48.1282194411046],[-1.662199510925583,48.12824213937196],[-1.662167140265981,48.128264645305734],[-1.662134472216092,48.12828695874256],[-1.661791110306794,48.12850003520135],[-1.661421342756192,48.128692292999965],[-1.661027977178443,48.12886227103642],[-1.66061400234984,48.129008679306295],[-1.660182557840534,48.12913040554763],[-1.659736922822302,48.129226525613255],[-1.659280480327864,48.12929631033103],[-1.658816694754941,48.12933923002398],[-1.658758135698648,48.129342709239715],[-1.658699530651125,48.129345813646],[-1.658640889845798,48.129348596891795],[-1.658582220590362,48.12935111004141],[-1.65852353202011,48.12935340949147],[-1.658464830182339,48.12935554725841],[-1.658406119945316,48.1293575772085],[-1.658347404917143,48.129359554160125],[-1.657852221942023,48.12937614570238]],"type":"LineString"},"properties":{"objectid":3,"ligne":"b","ordre":23,"ouvrage":"Tunnel","exploitation":"Desserte voyageurs","longueur":718.24313251,"geo_point_2d":{"lon":-1.6615024366993756,"lat":48.128064112620905}}},{"type":"Feature","geometry":{"coordinates":[[-1.67048601441637,48.11867496231386],[-1.670443073589217,48.11867741541975],[-1.670265515668079,48.118687242247695],[-1.670222928328492,48.11868960162099],[-1.670180344114733,48.118691980674924],[-1.670137764653077,48.11869439736482],[-1.670095191732366,48.11869687144151],[-1.670052629660267,48.118699420751405],[-1.670010080306809,48.11870206594316],[-1.669967546557459,48.11870482401987],[-1.669925032882337,48.11870771462351],[-1.669882542410728,48.11871075745049],[-1.669840080790755,48.118713970292816],[-1.669797651151584,48.118717372846945],[-1.669755260481986,48.118720982850434],[-1.669712914511211,48.11872481899306],[-1.669670619049778,48.118728900862415],[-1.669628382508339,48.11873324703941],[-1.669586213134888,48.11873787430944],[-1.669544119502595,48.11874280304901],[-1.669502112540862,48.11874804993466],[-1.669460200660141,48.118753633547364],[-1.669163904667893,48.118803843198876],[-1.668875597091569,48.1188717770109],[-1.668597637523062,48.118956879696256],[-1.668332302875354,48.119058455175534],[-1.668081762241887,48.11917567119901],[-1.66784806841212,48.11930756959934],[-1.667633132645307,48.11945307001466],[-1.667438715003202,48.11961098199068],[-1.66726640622918,48.119780012920316],[-1.667117616653908,48.11995877930213],[-1.666993566439396,48.12014581794495],[-1.666895267857317,48.12033959839671],[-1.66682352901805,48.12053853450346],[-1.666815649148425,48.120566657532265],[-1.666808272684191,48.120594841227785],[-1.66680137341936,48.120623078543964],[-1.66679492396959,48.12065136428473],[-1.666788896787973,48.12067969145843],[-1.666783263149241,48.120708054923384],[-1.666777997090967,48.120736450326795],[-1.666773069887779,48.12076487252697],[-1.666768454398836,48.12079331902105],[-1.666764120557825,48.12082178472171],[-1.666760042564612,48.12085026707169],[-1.666756190677797,48.12087876457473],[-1.666752537593785,48.12090727293241],[-1.666749053571062,48.12093579064847],[-1.666745712971768,48.120964316961164],[-1.666742484550918,48.12099284863307],[-1.666739341248447,48.12102138405907],[-1.666736254744676,48.12104992258626],[-1.666733196719855,48.12107846356165],[-1.666693968114043,48.12144516778388],[-1.666690609322301,48.121476497139106],[-1.666687209976362,48.121507824535215],[-1.666683726763069,48.12153914722443],[-1.666680117791271,48.121570463302355],[-1.666676342510541,48.12160177081014],[-1.66667235894826,48.12163306694557],[-1.666668125131712,48.12166434890649],[-1.666663601525976,48.12169561108854],[-1.666658743557718,48.121726851696096],[-1.666653511773077,48.121758066022586],[-1.666647865133481,48.12178924672251],[-1.666641762844055,48.12182038914369],[-1.666635163947289,48.12185148683838],[-1.666591504685644,48.1220145796149],[-1.666533050307423,48.12217558301041],[-1.666460019326585,48.122333894329486],[-1.666444561012802,48.122363550248785],[-1.666428630902981,48.12239309375287],[-1.666412269872274,48.12242253039151],[-1.666395516357968,48.12245186851663],[-1.666378412820021,48.122481116316955],[-1.666360997614639,48.12251028124666],[-1.666343312023595,48.122539373344466],[-1.666325394484514,48.122568400962365],[-1.666307282337991,48.12259737520008],[-1.666289016866037,48.12262630609638],[-1.666270636750261,48.12265520469664],[-1.666252179250223,48.12268408120289],[-1.666233683047679,48.12271294666055],[-1.66593771637286,48.12317464047205],[-1.665929673317775,48.12318718520715],[-1.665921627495764,48.12319972915266],[-1.665913574721691,48.12321227067628],[-1.665905510972905,48.12322480994119],[-1.665897431983009,48.123237344417305],[-1.665889336411107,48.123249874158994],[-1.665881219990796,48.12326239663615],[-1.665873077521036,48.12327491386192],[-1.665736498417777,48.12347759126647],[-1.665592489429292,48.12367794957056],[-1.665441136390431,48.123875867222665],[-1.66543160740363,48.12388793695733],[-1.665422053382518,48.123899997794794],[-1.665412479853169,48.123912051313056],[-1.665402889578612,48.123924098301046],[-1.665393285403123,48.12393614044556],[-1.665383671511885,48.12394817937891],[-1.665374050667932,48.12396021589008],[-1.665364425715545,48.12397225166585],[-1.664666091497335,48.12484541094257]],"type":"LineString"},"properties":{"objectid":19,"ligne":"b","ordre":21,"ouvrage":"Tunnel","exploitation":"Desserte voyageurs","longueur":884.53997066,"geo_point_2d":{"lon":-1.6671471699394402,"lat":48.12113017071282}}},{"type":"Feature","geometry":{"coordinates":[[-1.671710294184981,48.10425889821743],[-1.671668314651506,48.1042640488677],[-1.671629459397303,48.10426881844563],[-1.671590611611731,48.10427361113451],[-1.671551776008459,48.10427844926963],[-1.671512958478826,48.1042833533362],[-1.671474167920159,48.10428834730168],[-1.671435409045922,48.10429345350135],[-1.671396689168971,48.10429869326378],[-1.671358018445501,48.104304089604184],[-1.671319404188242,48.104309663851204],[-1.671280855131569,48.10431543817675],[-1.67124238135018,48.10432143469828],[-1.671203994177776,48.10432767458109],[-1.671165706451023,48.104334180731534],[-1.671127529340897,48.10434097251937],[-1.671089477024333,48.10434807279649],[-1.67105156469337,48.10435550076935],[-1.671013807783914,48.10436327833766],[-1.670796943047377,48.10441602002655],[-1.670587595683214,48.104480974467045],[-1.670387295254974,48.10455766686778],[-1.670197505750594,48.10464553680616],[-1.670019613847332,48.10474394230764],[-1.669854919856499,48.10485216381597],[-1.669704626311422,48.10496941186318],[-1.669569834027696,48.10509482812873],[-1.669451525652446,48.105227496918275],[-1.669350565906103,48.105366447854955],[-1.669267694512348,48.10551066697747],[-1.669203517055079,48.10565909981268],[-1.669158500424775,48.10581066056969],[-1.669132975210095,48.10596424375524],[-1.669130645256516,48.10598979088759],[-1.66912884976888,48.10601535686223],[-1.669127589682018,48.10604093713594],[-1.669126857806895,48.10606652659429],[-1.669126652397466,48.1060921208029],[-1.669126970204701,48.10611771358623],[-1.669127806964234,48.10614330241434],[-1.66912915934574,48.10616888021389],[-1.669131021744405,48.10619444450935],[-1.669133392251595,48.106219989070716],[-1.669136265262479,48.10624551142243],[-1.669139637527967,48.106271005388905],[-1.669143503443209,48.10629646849459],[-1.669147861180805,48.10632189540725],[-1.669152703795439,48.10634728370569],[-1.669158028119259,48.10637262811213],[-1.669163829887802,48.1063979260965],[-1.669170103333581,48.106423173387654],[-1.669176845369989,48.10644836560554],[-1.669184050473362,48.106473501172275],[-1.669191714216616,48.10649857576227],[-1.669199832253935,48.10652358594764],[-1.669208397558608,48.10654852840945],[-1.669217408628243,48.10657340140647],[-1.669226858354806,48.10659820072196],[-1.669236742473706,48.10662292382583],[-1.669247056801622,48.10664756908573],[-1.669257795489637,48.1066721313327],[-1.669268953176513,48.10669661078436],[-1.669280525435032,48.10672100311509],[-1.66929250808181,48.10674530669254],[-1.669304895511713,48.10676951904102],[-1.669317682200877,48.106793638582644],[-1.669330863803301,48.1068176618895],[-1.669344434876372,48.10684158828145],[-1.669358391074059,48.10686541433062],[-1.669372725613266,48.106889139411294],[-1.669387435650954,48.106912761836675],[-1.669402514322702,48.10693628008329],[-1.669417958622874,48.10695969066878],[-1.669433760590424,48.106982994817464],[-1.669449918478852,48.10700618809472],[-1.669466425667534,48.10702927167045],[-1.669483276632429,48.1070522439667],[-1.669500467108654,48.10707510245332],[-1.669517991653426,48.10709784645019],[-1.669535846245688,48.10712047612048],[-1.669554026620516,48.107142988934044],[-1.669572524654162,48.107165384319615],[-1.669761952139927,48.10737024216247],[-1.669977784034355,48.10756302880238],[-1.67021831927415,48.107742221905504],[-1.670481657793718,48.10790640543249],[-1.670765720753251,48.108054285041874],[-1.670805022716652,48.108072702092024],[-1.670844623898457,48.108090827642286],[-1.670884496677848,48.1081086835391],[-1.670924617374176,48.10812629056772],[-1.67096495954453,48.10814366872466],[-1.671005496989954,48.10816084069972],[-1.671046208873478,48.108177828964884],[-1.671087068914908,48.1081946553123],[-1.671128056277335,48.10821134221403],[-1.671169148864732,48.10822791309439],[-1.671210324499795,48.10824439047999],[-1.671251563767562,48.10826079768629],[-1.671292843231641,48.10827715819216],[-1.671334144898979,48.10829349615646],[-1.671742703612774,48.108455055800576],[-1.671786062534546,48.10847220838998],[-1.671829393175007,48.108489390046515],[-1.671872670149069,48.108506632438136],[-1.671915866568565,48.10852396549171],[-1.671958955545392,48.10854141913424],[-1.672001907429185,48.108559022503826],[-1.672044693991466,48.108576805582004],[-1.67208728684114,48.10859479655476],[-1.672129653647018,48.108613024669374],[-1.67217176333711,48.10863151822083],[-1.672213583417635,48.108650304660934],[-1.672255079973012,48.10866941059824],[-1.672343634286839,48.108711918914516],[-1.672430439560164,48.10875601474916],[-1.672515433804882,48.1088016672857],[-1.672554092735161,48.10882327898444],[-1.672592378866726,48.108845186055014],[-1.672630321768795,48.108867358461794],[-1.67266795259507,48.108889768807984],[-1.672705303677037,48.108912387846686],[-1.672742407590171,48.1089351890243],[-1.672779298169091,48.10895814483489],[-1.672816009329737,48.1089812286703],[-1.672852577831736,48.10900441560883],[-1.672889036169145,48.10902767819895],[-1.672925423863935,48.10905099230767],[-1.672961774831988,48.10907433132666],[-1.673101302165083,48.10916394611132],[-1.673131569270093,48.109183381116196],[-1.673161859225403,48.10920280076809],[-1.67319219461447,48.1092221870287],[-1.673222597168349,48.109241527300846],[-1.673253090729643,48.10926080259392],[-1.673283695526185,48.10927999856962],[-1.673314434222759,48.10929909808735],[-1.673345328306341,48.10931808585648],[-1.673622765861151,48.109478500915706],[-1.673912863130568,48.10962853761242],[-1.674214753353011,48.10976774811096],[-1.674250023368305,48.10978297870606],[-1.674285414805281,48.10979807910586],[-1.674320913204983,48.10981306791948],[-1.674356498746387,48.10982796397412],[-1.674392152867643,48.10984278514468],[-1.674427858510214,48.109857551047085],[-1.674463599793357,48.10987227944736],[-1.674499358236697,48.1098869891182],[-1.676001767807612,48.11050482647789],[-1.676013844407011,48.110509792247235]],"type":"LineString"},"properties":{"objectid":51,"ligne":"b","ordre":15,"ouvrage":"Tunnel","exploitation":"Desserte voyageurs","longueur":1045.35762238,"geo_point_2d":{"lon":-1.6716380236807333,"lat":48.10754742630872}}},{"type":"Feature","geometry":{"coordinates":[[-1.681705549307259,48.10596490772475],[-1.681095197468047,48.106066248442204],[-1.68105768041136,48.10607247419849],[-1.681020158872112,48.10607868030096],[-1.680982623178124,48.10608484912188],[-1.68094506617515,48.106090961128785],[-1.680907482130891,48.10609699763242],[-1.680869863891199,48.106102939100325],[-1.680832207064306,48.10610876678866],[-1.680794504577653,48.1061144620627],[-1.680756750617674,48.1061200053354],[-1.680718943392126,48.10612537685596],[-1.680681075910089,48.10613055888744],[-1.680643146216476,48.1061355298835],[-1.680605150001325,48.106140271998036],[-1.680567088153458,48.10614476537107],[-1.680528956200083,48.10614899036101],[-1.680490756289088,48.10615292615553],[-1.68045248813201,48.10615655474481],[-1.680414155217295,48.10615985526201],[-1.680375757093644,48.106162807901754],[-1.680150985033667,48.10617270865662],[-1.679925762402703,48.10617005368029],[-1.679701650247667,48.10615486053329],[-1.679480200251346,48.10612723637581],[-1.679262948794939,48.106087371901296],[-1.679051401030596,48.10603554378584],[-1.678847022345287,48.10597210962818],[-1.678651230558272,48.10589751096901],[-1.67846538027688,48.10581226401418],[-1.678434591427445,48.10579661542303],[-1.678404123221675,48.10578068976123],[-1.678373959781705,48.10576450479556],[-1.678344090591302,48.10574807807463],[-1.678314498350684,48.105731426522034],[-1.678285171203139,48.1057145677409],[-1.678256090345547,48.10569751691375],[-1.678227239899909,48.10568029180734],[-1.67819860374389,48.10566290749507],[-1.678170163074323,48.10564537915943],[-1.678141900509871,48.10562772282614],[-1.678113797084466,48.105609951882094],[-1.678085832817368,48.10559208335979],[-1.678057990001473,48.10557412969386],[-1.678030248493158,48.1055561061212],[-1.678002586726944,48.105538027035514],[-1.677974987158585,48.10551990666688],[-1.677947428059744,48.1055017576134],[-1.677919887946368,48.1054835951665],[-1.677311533286594,48.105082266013376],[-1.677275283659811,48.105058360186916],[-1.677238994712568,48.105034480279016],[-1.677202628512645,48.10501065306292],[-1.677166148468219,48.10498690525731],[-1.677129516484231,48.10496326183986],[-1.677092693532299,48.10493975233149],[-1.677055645538532,48.104916401546134],[-1.677018334814909,48.10489323895015],[-1.676980727613155,48.10487029294842],[-1.676942790184967,48.104847591945834],[-1.676630801664686,48.1046781356268],[-1.676298434412897,48.1045270576876],[-1.675948093515661,48.10439545404951],[-1.675582317530759,48.10428427645618],[-1.675203754126686,48.10419433076721],[-1.674815144374427,48.10412626678929],[-1.674419302656738,48.104080579098046],[-1.674019095602735,48.10405759708542],[-1.673617419563759,48.10405748858169],[-1.673217183896938,48.10408025332839],[-1.673166757685771,48.10408475400141],[-1.673116400190245,48.10408958255249],[-1.673066105312229,48.1040947013845],[-1.673015869797173,48.104100074586874],[-1.672965687628573,48.10410566546023],[-1.672915551368344,48.10411143646189],[-1.672865452482196,48.10411735279698],[-1.67281538219194,48.104123376977256],[-1.672765331963557,48.104129474207795],[-1.67271529033838,48.10413560710931],[-1.672470400331878,48.10416565056157]],"type":"LineString"},"properties":{"objectid":17,"ligne":"b","ordre":13,"ouvrage":"Tunnel","exploitation":"Desserte voyageurs","longueur":764.17737343,"geo_point_2d":{"lon":-1.6771067478344406,"lat":48.10507179438742}}},{"type":"Feature","geometry":{"coordinates":[[-1.650147000784573,48.087582256260355],[-1.65014457905198,48.08758221548225],[-1.648760458133516,48.087559419258575]],"type":"LineString"},"properties":{"objectid":46,"ligne":"a","ordre":34,"ouvrage":"Zone de transition","exploitation":"Desserte voyageurs","longueur":103.31850009,"geo_point_2d":{"lon":-1.6494537294664622,"lat":48.08757083731407}}},{"type":"Feature","geometry":{"coordinates":[[-1.687701459067712,48.11819107512342],[-1.687495136878944,48.11808182057096],[-1.687399402258404,48.11803112600087]],"type":"LineString"},"properties":{"objectid":62,"ligne":"a","ordre":12,"ouvrage":"Station","exploitation":"Desserte voyageurs","longueur":28.66978988,"geo_point_2d":{"lon":-1.6875504306825437,"lat":48.118111100525354}}},{"type":"Feature","geometry":{"coordinates":[[-1.677189683962774,48.105531726381074],[-1.677182357825178,48.10553027994337],[-1.677165409685197,48.105526934415664],[-1.676511327927749,48.10539785606726]],"type":"LineString"},"properties":{"objectid":68,"ligne":"a","ordre":18,"ouvrage":"Station","exploitation":"Desserte voyageurs","longueur":52.66220962,"geo_point_2d":{"lon":-1.6768505060934298,"lat":48.10546479047348}}},{"type":"Feature","geometry":{"coordinates":[[-1.672405209526736,48.10396429100555],[-1.672100942305497,48.103741944456694]],"type":"LineString"},"properties":{"objectid":70,"ligne":"a","ordre":20,"ouvrage":"Station","exploitation":"Desserte voyageurs","longueur":33.53423984,"geo_point_2d":{"lon":-1.6722530759161163,"lat":48.10385311773112}}},{"type":"Feature","geometry":{"coordinates":[[-1.671046870856625,48.11864399824062],[-1.670749043527014,48.118660482400614],[-1.67048601441637,48.11867496231386]],"type":"LineString"},"properties":{"objectid":34,"ligne":"b","ordre":20,"ouvrage":"Station","exploitation":"Desserte voyageurs","longueur":41.89624801,"geo_point_2d":{"lon":-1.6707664437796057,"lat":48.11865950098597}}},{"type":"Feature","geometry":{"coordinates":[[-1.668177965592323,48.08656905962487],[-1.667856765478727,48.08656365198096],[-1.667660882698667,48.086560354301454]],"type":"LineString"},"properties":{"objectid":40,"ligne":"a","ordre":28,"ouvrage":"Station","exploitation":"Desserte voyageurs","longueur":38.53180556,"geo_point_2d":{"lon":-1.6679194241462971,"lat":48.08656470691551}}},{"type":"Feature","geometry":{"coordinates":[[-1.680044665826784,48.11491219325902],[-1.680116290899251,48.11503036645208],[-1.68013290623866,48.11505779114474],[-1.680149482190916,48.11508522644939],[-1.680165981950974,48.11511268197374],[-1.680182367454538,48.1151401682778],[-1.680198597955947,48.11516769603073],[-1.680214637909113,48.115195273887984],[-1.680230445064594,48.11522291077781],[-1.68024598269848,48.115250617205774],[-1.680261211079524,48.11527840019554],[-1.680276089298706,48.115306268620856],[-1.680290577543137,48.11533422860766],[-1.680304635999834,48.115362286281915],[-1.680318224855735,48.115390447769606],[-1.680331300194208,48.115418718462614],[-1.680404829069105,48.115611574476],[-1.68045275595918,48.11580801085675],[-1.680474711287024,48.11600650903697],[-1.680470522821061,48.116205530684766],[-1.680440224020262,48.11640353538606],[-1.680384048157315,48.11659898989513],[-1.680302430893094,48.116790381547155],[-1.680196002976739,48.11697622666692],[-1.680065589203985,48.11715508863517],[-1.679912197944659,48.11732558102099],[-1.679737018594512,48.11748638390818],[-1.679541404884782,48.11763625268785],[-1.679326872856176,48.11777402535325],[-1.679095083394037,48.11789863763164],[-1.678847831420576,48.11800912252677],[-1.678587031107198,48.11810462534149],[-1.678314701366383,48.11818440697463],[-1.678032951504653,48.11824784901312],[-1.67774396293314,48.11829445988498],[-1.677701598070547,48.11829980096084],[-1.67765914142764,48.118304797939786],[-1.677616601500746,48.11830947029974],[-1.677573990726915,48.11831383645733],[-1.677531314757989,48.11831791420404],[-1.677488583512313,48.11832172386111],[-1.677445805323099,48.11832528311101],[-1.677402984664158,48.11832861159535],[-1.677360128690726,48.11833172884669],[-1.677317241713614,48.11833465271112],[-1.677274329547192,48.118337402775765],[-1.677231396583587,48.118339997784496],[-1.677188444696258,48.118342458385776],[-1.677145479617946,48.11834480326897],[-1.677102501718362,48.118347051341566],[-1.677059515389384,48.118349221347465],[-1.677016523844952,48.11835133388064],[-1.676973526113843,48.118353407903086],[-1.676930526587741,48.118355462158746],[-1.67252761090789,48.11856541930202],[-1.67249411740985,48.11856701626148],[-1.672460625413205,48.118568614952245],[-1.672427132399154,48.118570217278815],[-1.672393641130552,48.11857182402995],[-1.672360150510702,48.118573437953486],[-1.672326660783648,48.11857506174267],[-1.672293171868019,48.11857669449976],[-1.672259684170563,48.11857834071356],[-1.672144987027905,48.11858404411842],[-1.672030312348312,48.118589951038096],[-1.671915660049089,48.118596060574845],[-1.671882190584862,48.118597863624196],[-1.671848723597889,48.11859967917805],[-1.671815256162602,48.11860150465205],[-1.671781790879147,48.11860333903949],[-1.671748326244064,48.11860518059932],[-1.671714863435405,48.11860702748153],[-1.67168139960897,48.11860887799955],[-1.671647935861477,48.118610729405624],[-1.671046870856625,48.11864399824062]],"type":"LineString"},"properties":{"objectid":18,"ligne":"b","ordre":19,"ouvrage":"Tunnel","exploitation":"Desserte voyageurs","longueur":980.89991087,"geo_point_2d":{"lon":-1.676649576343145,"lat":48.117834887692155}}},{"type":"Feature","geometry":{"coordinates":[[-1.62021786527031,48.131377236168895],[-1.619904805704743,48.13160866191141]],"type":"LineString"},"properties":{"objectid":14,"ligne":"b","ordre":34,"ouvrage":"Station","exploitation":"Desserte voyageurs","longueur":34.71311537,"geo_point_2d":{"lon":-1.6200613354875262,"lat":48.13149294904015}}},{"type":"Feature","geometry":{"coordinates":[[-1.703259825488632,48.09240935483414],[-1.70323321302506,48.09243550240129],[-1.7032043286379,48.092463537009806],[-1.70317515775456,48.09249143915747],[-1.703145655037906,48.092519183666354],[-1.703115775314478,48.09254674715391],[-1.703085474423427,48.092574102591776],[-1.70305470836758,48.092601224747014],[-1.702798326618806,48.092803165566565],[-1.70251373852489,48.09298737187398],[-1.702203663396168,48.0931520832093],[-1.701871063647322,48.0932957256232],[-1.70182687459578,48.09331258155748],[-1.701782403092482,48.09332909850172],[-1.701737680306992,48.0933453085211],[-1.701692738830699,48.0933612445238],[-1.701647607152909,48.09337693868471],[-1.701602316688446,48.09339242576244],[-1.701556896008284,48.093407738829704],[-1.701511369826743,48.09342291291926],[-1.701465766878267,48.093437982899445],[-1.701420113135242,48.09345298285049],[-1.701374431971653,48.09346794786009],[-1.699783994588696,48.09398871284043],[-1.699738313899102,48.094003678041915],[-1.699692657732485,48.094018676463],[-1.699647053727331,48.094033745720665],[-1.699601527772991,48.09404891899798],[-1.699556104664007,48.09406423222607],[-1.699510812887939,48.094079717580755],[-1.699465680001124,48.09409541178145],[-1.699420737089355,48.094111345996716],[-1.699376012885314,48.09412755509575],[-1.699331539896539,48.094144071090156],[-1.699287349372186,48.09416092694416],[-1.698994207409357,48.09428586159799],[-1.698718133418751,48.09442717433119],[-1.698461161576228,48.0945838224467],[-1.698225182999785,48.09475465376755],[-1.698011935275427,48.094938409763486],[-1.697822990036212,48.09513373686687],[-1.697810717816091,48.09514780347514],[-1.697798587677571,48.09516192374692],[-1.697786612335886,48.09517610437133],[-1.697774810961593,48.095190349070364],[-1.697763196188191,48.09520466363542],[-1.697751787104512,48.09521905089074],[-1.697740597684199,48.09523351657296],[-1.697729644254122,48.09524806271812],[-1.69771894598493,48.09526269304829],[-1.697708516686793,48.09527741150455],[-1.697698375285123,48.09529221911573],[-1.697688539610507,48.09530711965863],[-1.697679027166517,48.095322113319085],[-1.697669854198385,48.09533720123543],[-1.697661039795126,48.09535238623199],[-1.697652602555236,48.09536766574655],[-1.697644560064145,48.09538304086272],[-1.697636932424042,48.09539851075901],[-1.697629736893377,48.095414072928044],[-1.697622993574397,48.09542972654832],[-1.697616720820471,48.095445466364446],[-1.697610938733895,48.09546129155492],[-1.697605664246212,48.09547719602135],[-1.697589408963467,48.09554409598772],[-1.69758244006145,48.09561171666599],[-1.697584816483029,48.0956794789518],[-1.69759651919856,48.095746804221896],[-1.697617449014622,48.09581311983017],[-1.697647425068813,48.09587785736708],[-1.697686194095523,48.09594046579743],[-1.69773342356043,48.096000409939116],[-1.697746335860418,48.09601474122588],[-1.697759706961487,48.096028881652074],[-1.697773502592499,48.09604283892583],[-1.697787692175663,48.096056617],[-1.69780224420181,48.09607022437092],[-1.697817129842027,48.096083669425425],[-1.697832319008993,48.0960969615029],[-1.697847782955503,48.096110109887924],[-1.697863494519766,48.096123126503635],[-1.697879426458204,48.09613602237536],[-1.697895554207517,48.09614880841897],[-1.697911849429243,48.0961614984078],[-1.697928287805343,48.096174105951064],[-1.697944846194392,48.09618664280753],[-1.697961498938189,48.09619912264114],[-1.697978223222348,48.09621156080176],[-1.697994993306891,48.096223970055576],[-1.698011787717572,48.096236365697735],[-1.698051720307014,48.0962658248656]],"type":"LineString"},"properties":{"objectid":20,"ligne":"b","ordre":3,"ouvrage":"Tranch\u00e9e couverte","exploitation":"Desserte voyageurs","longueur":654.46689827,"geo_point_2d":{"lon":-1.7000130690006303,"lat":48.094117757799445}}},{"type":"Feature","geometry":{"coordinates":[[-1.672100942305497,48.103741944456694],[-1.671990658873617,48.10366135244924],[-1.67189634707872,48.10359243255576],[-1.671885762551436,48.10358469807405],[-1.671875181885771,48.10357696163243],[-1.671861959733626,48.103567287100084],[-1.671856674643442,48.10356341731377],[-1.671851389310083,48.10355954483389],[-1.671846105317878,48.1035556722993],[-1.671840825103598,48.103551796907766],[-1.671835547570836,48.10354792140704],[-1.671830271297911,48.10354404495384],[-1.67182499746254,48.103540165698156],[-1.671819728826777,48.10353628442881],[-1.671814461450847,48.10353240220699],[-1.671809196512472,48.103528517182696],[-1.671803938114067,48.10352463009028],[-1.671798682153219,48.10352074019537],[-1.67179342997029,48.10351684744351],[-1.671788182986963,48.103512952678],[-1.671782941121921,48.1035090550011],[-1.671777701694434,48.10350515452169],[-1.671772468725593,48.10350125107641],[-1.671767240875037,48.10349734471971],[-1.671762019401801,48.10349343449938],[-1.671756804468531,48.10348952221092],[-1.671751593150539,48.103485605269995],[-1.671746389550235,48.10348168441094],[-1.671741192327252,48.10347775968825],[-1.671736001562914,48.10347383199968],[-1.671730817013257,48.10346989865193],[-1.671725640181286,48.103465961386085],[-1.671720468467595,48.103462021208806],[-1.67171530707099,48.10345807610673],[-1.671710153229432,48.103454125291016],[-1.67170500978628,48.10345017044827],[-1.67169987129877,48.103446210898575],[-1.671694741706663,48.10344224558077],[-1.671689621172596,48.103438276290404],[-1.671684510874298,48.10343430117746],[-1.671679409471405,48.10343032029643],[-1.671674317045233,48.10342633454506],[-1.671669233595782,48.10342234392334],[-1.671664161641139,48.103418346526844],[-1.671659098581897,48.10341434336224],[-1.671654047180096,48.103410335218385],[-1.671649005932737,48.10340632035419],[-1.671643974921142,48.10340229966744],[-1.67163895532303,48.10339827130812],[-1.671633948722719,48.1033942379151],[-1.671628953535886,48.103390196849524],[-1.671623969925174,48.10338614990691],[-1.671618997809264,48.10338209618952],[-1.671614039868868,48.1033780355884],[-1.671609093423274,48.10337396821251],[-1.671604159731516,48.103369893109615],[-1.67159924029659,48.10336581202077],[-1.671594333534187,48.103361722307135],[-1.671589440947296,48.1033576257098],[-1.671584563794961,48.103353521276524],[-1.671579700736817,48.10334940906179],[-1.671574850513822,48.1033452900178],[-1.671570015644064,48.10334116224012],[-1.671565195031125,48.103337028476496],[-1.671560391030464,48.10333288502696],[-1.671555602464345,48.10332873374148],[-1.671550829251454,48.10332457372231],[-1.671546072732149,48.103320404914996],[-1.671541331728701,48.103316229169515],[-1.671536608759193,48.10331204458142],[-1.671529540369664,48.10330575938707],[-1.671496055935952,48.103275116651936],[-1.671467741485223,48.10324815736074],[-1.671440134664236,48.10322087105509],[-1.67141324164694,48.10319326649532],[-1.671387072628314,48.103165352278346],[-1.671361636300277,48.10313713526002],[-1.67133693765888,48.10310862605063],[-1.671312985395932,48.10307983150605],[-1.671289788528424,48.103050762073124],[-1.671267350467958,48.10302142572335],[-1.671245682830803,48.102991831896865],[-1.671224787688099,48.10296198861958],[-1.671204674056618,48.102931906338334],[-1.671185346688101,48.102901592970085],[-1.67116681317756,48.10287105811832],[-1.671149078439256,48.10284031149553],[-1.67113214604706,48.10280936286856],[-1.671116023433225,48.10277822004543],[-1.671100715593195,48.10274689363625],[-1.671086224760368,48.102715393462354],[-1.671072558448185,48.10268372822945],[-1.671059717630928,48.102651908710975],[-1.671047709821969,48.10261994361265],[-1.671036534573881,48.102587842864615],[-1.671026199481265,48.102555616070255],[-1.67101670417795,48.10252327405746],[-1.671008053496499,48.102490825640764],[-1.671000249670059,48.102458280641336],[-1.670993296353409,48.102425649723635],[-1.670987193098996,48.10239294281771],[-1.670981942139917,48.102360169744706],[-1.670977546968278,48.10232733937349],[-1.670974007299098,48.1022944634296],[-1.670971325202818,48.10226154993856],[-1.670969501816073,48.102228611469215],[-1.670968536447322,48.10219565525817],[-1.670968428892857,48.10216269392867],[-1.670969181304404,48.10212973640393],[-1.670970791812706,48.10209679177056],[-1.67097326147308,48.10206387169948],[-1.670977641318615,48.102022038108295],[-1.670982056405051,48.101989209294146],[-1.670987326863553,48.101956437633994],[-1.670993450824908,48.10192373221433],[-1.671000425160899,48.101891103073825],[-1.671008248083655,48.1018585601967],[-1.671016919226946,48.10182611441046],[-1.671026433959683,48.10179377401265],[-1.671036789316349,48.10176155083745],[-1.671047982006234,48.10172945312791],[-1.671060010241582,48.10169749086817],[-1.671072869554026,48.10166567415122],[-1.671086555475239,48.10163401307013],[-1.671101064795943,48.10160251676561],[-1.67111639296657,48.10157119443293],[-1.671132534178592,48.10154005621947],[-1.671149483882527,48.10150911132044],[-1.671167237528934,48.10147836893101],[-1.671185789309408,48.10144783919854],[-1.671205133334289,48.101417531372675],[-1.671225264972968,48.10138745375075],[-1.67124617707687,48.101357616534585],[-1.671267863593872,48.10132802717819],[-1.671290317456811,48.10129869678116],[-1.671313531354671,48.101269633749716],[-1.671337499235473,48.101240845537845],[-1.671362213950928,48.10121234234733],[-1.671387666768559,48.10118413174109],[-1.671413851880492,48.101156223866376],[-1.671440759214079,48.10112862634059],[-1.671468382717623,48.10110134661765],[-1.671496711222236,48.101074395062696],[-1.671525738595032,48.101047778231916],[-1.671555454844925,48.101021504640414],[-1.671585849899572,48.10099558190554],[-1.671616917870222,48.10097001927676],[-1.671648645922756,48.10094482358258],[-1.671681025325326,48.10092000238587],[-1.671714046087177,48.10089556420172],[-1.671747699313961,48.10087151479749],[-1.671781973674754,48.100847862742725],[-1.671816859016362,48.10082461475703],[-1.67185234526698,48.100801778457694],[-1.671888420933255,48.10077936061883],[-1.671925074440582,48.10075736711667],[-1.671962297138962,48.1007358064119],[-1.672000074692026,48.10071468359197],[-1.672038395606687,48.10069400543096],[-1.672077251070502,48.100673778594],[-1.672116626828625,48.10065400906634],[-1.672156512647124,48.10063470266986],[-1.672196894352604,48.10061586628759],[-1.672237760208332,48.100597504000376],[-1.6722791000619,48.100579622527825],[-1.672320898237158,48.100562227011984],[-1.672363143078885,48.10054532243146],[-1.672405821591625,48.10052891381938],[-1.672448922282928,48.100513007949885],[-1.672497274604218,48.100495928064966],[-1.672506982528883,48.1004925959845],[-1.672516710153188,48.10048928833247],[-1.672526456055532,48.10048600426564],[-1.672536219058302,48.100482745633975],[-1.672546000257801,48.100479509689706],[-1.672555799816694,48.10047629822836],[-1.672565614973101,48.10047311046112],[-1.67257544824494,48.10046994448349],[-1.672585295774029,48.10046680225444],[-1.672595160159611,48.10046368276722],[-1.672605041320371,48.100460585124104],[-1.67261493657575,48.10045750943401],[-1.672624847266045,48.10045445564247],[-1.672634771888313,48.10045142200839],[-1.672644710605235,48.10044841032735],[-1.672654663335484,48.10044541970156],[-1.672664629997738,48.10044244923324],[-1.672674610673341,48.100439499820155],[-1.672684603778025,48.10043656882349],[-1.672694610814746,48.10043365798429],[-1.67270462902161,48.10043076651373],[-1.672714659657586,48.10042789345959],[-1.672724701463724,48.1004250397741],[-1.672734755780323,48.10042220540277],[-1.672744821104438,48.100419388604536],[-1.672754897354752,48.10041658848164],[-1.672764984612602,48.10041380593186],[-1.672775082959328,48.100411041852944],[-1.672785190810662,48.100408293606066],[-1.67279530824794,48.10040556208898],[-1.672805436611458,48.100402847247224],[-1.67281557439827,48.100400147339734],[-1.672825720430773,48.100397464216535],[-1.672835875886587,48.10039479602758],[-1.672846039344103,48.1003921419296],[-1.672856213646562,48.100389503609165],[-1.672866393270177,48.10038687948867],[-1.672876582235801,48.10038426940465],[-1.67288677912182,48.100381672513834],[-1.672896982587962,48.10037908887068],[-1.672907195396131,48.10037651926401],[-1.672917414703102,48.100373962007254],[-1.672927640427544,48.10037141620262],[-1.672937872650806,48.100368882747894],[-1.672948111372884,48.10036636164307],[-1.672958356512451,48.10036385199037],[-1.672968607988182,48.10036135289204],[-1.672978865962752,48.10035886614361],[-1.672989127430258,48.10035638826296],[-1.672999396574223,48.100353920882185],[-1.673009669373811,48.10035146416473],[-1.673019947006629,48.10034901626058],[-1.673030229472689,48.10034657716974],[-1.673040518193606,48.10034414773548],[-1.673050810326157,48.10034172627123],[-1.67306110721062,48.10033931272252],[-1.673071407506721,48.100336907143806],[-1.673081712473405,48.100334508582876],[-1.67309202085174,48.100332117991954],[-1.673102332479046,48.10032973357551],[-1.673112648858287,48.100327357074576],[-1.673122967146231,48.100324986802605],[-1.673133288439139,48.1003226200118],[-1.673143613062374,48.10032026029325],[-1.673153939431643,48.10031790500812],[-1.673164269049906,48.10031555589747],[-1.673174600414203,48.100313211220225],[-1.673184933361865,48.10031086918089],[-1.673195269477182,48.100308532418225],[-1.673205607257209,48.10030619919124],[-1.673215946539258,48.10030386770436],[-1.673226287567357,48.1003015406509],[-1.673236628757204,48.10029921539204],[-1.673246971449082,48.10029689187332],[-1.673262486561998,48.10029341105505],[-1.67328317685576,48.10028877372398],[-1.673303868811455,48.10028413992576],[-1.673324559260472,48.10027950438277],[-1.673350421798429,48.100273707942435],[-1.673360765983044,48.100271386154525],[-1.673371108745103,48.100269063522376],[-1.673381451343548,48.100266739093776],[-1.673391792194067,48.100264410229904],[-1.673402131540688,48.10026207962405],[-1.673412469302069,48.100259746378455],[-1.67342280397524,48.10025740875207],[-1.673433137063166,48.10025506848594],[-1.673443468321813,48.10025272288677],[-1.673453799091452,48.10025037190008],[-1.67346412559529,48.10024801838262],[-1.673474450188495,48.10024565863434],[-1.673484771530786,48.10024329270976],[-1.673495091043782,48.100240921452134],[-1.673505404543965,48.100238543229416],[-1.673515717555121,48.10023615961916],[-1.67352602447211,48.10023376814604],[-1.67353632955979,48.100231371339866],[-1.673546631071159,48.10022896476634],[-1.673556927991311,48.10022655207098],[-1.67356722007621,48.100224130560505],[-1.673577507488542,48.10022170203042],[-1.673587791161843,48.10021926193745],[-1.673598068740951,48.100216813981596],[-1.673608342825059,48.100214357156176],[-1.673618610570919,48.10021188977457],[-1.673628873318802,48.10020941178232],[-1.673639129728424,48.10020692323391],[-1.673649379881129,48.10020442502713],[-1.673659624954493,48.100201915311914],[-1.673669863608233,48.1001993941428],[-1.673680095760994,48.100196860622006],[-1.673690322834397,48.100194315592795],[-1.673700542066532,48.100191758266426],[-1.673710753376049,48.10018918774509],[-1.673720958184561,48.10018660487206],[-1.673731153648815,48.10018400796082],[-1.673741343870976,48.100181397745644],[-1.673751524748869,48.10017877349226],[-1.67376169620113,48.10017613430287],[-1.673771860989659,48.10017348096631],[-1.673782015012266,48.100170812748246],[-1.673792162208422,48.10016812858747],[-1.673802299978924,48.100165429490715],[-1.673812426820777,48.10016271371693],[-1.673822545495888,48.10015998205493],[-1.673832653323688,48.10015723461369],[-1.673842751563096,48.10015447044094],[-1.67385283871113,48.10015168779566],[-1.673862914849131,48.10014888757563],[-1.673872978636817,48.10014606983531],[-1.673883034176352,48.10014323530902],[-1.673893077202848,48.100140381466915],[-1.673903107797655,48.1001375092068],[-1.673913125798051,48.10013461673313],[-1.673923131366739,48.10013170584143],[-1.673933124422354,48.10012877563394],[-1.67394310354326,48.100125825267405],[-1.673953070151079,48.100122855585084],[-1.673963024083089,48.10011986479145],[-1.673972962658737,48.10011685299551],[-1.673982888558561,48.10011382008827],[-1.673992797680375,48.100110765335444],[-1.674002692867427,48.100107690423584],[-1.674012572454017,48.10010459181612],[-1.674022438024469,48.10010147215188],[-1.674032285313893,48.10009832890101],[-1.674042117246888,48.10009516464787],[-1.674051932157754,48.10009197585587],[-1.674061731549463,48.100088764266054],[-1.674071512578748,48.10008552819188],[-1.674081275326955,48.10008226853114],[-1.674091021215701,48.10007898612707],[-1.674100747320369,48.10007567839539],[-1.674115300341373,48.100070666904315],[-1.674191092089635,48.10004341208193],[-1.674233875303922,48.10002713004944],[-1.674276227296764,48.10001035011948],[-1.674318136493087,48.099993078169575],[-1.674359588474621,48.09997531839078],[-1.674400571747774,48.09995707755841],[-1.674441073234664,48.09993835980901],[-1.67448290152555,48.09991828153419],[-1.674522381235771,48.09989860601076],[-1.674561343176493,48.0998784721554],[-1.674599775854443,48.09985788674352],[-1.67463766485179,48.099836853966224],[-1.674675000178381,48.09981538233992],[-1.674711770178412,48.09979347684451],[-1.674747963440232,48.099771145153184],[-1.674783569811173,48.09974839398686],[-1.674818579057241,48.09972522916868],[-1.674852978508105,48.09970165932415],[-1.674886758011286,48.09967769117416],[-1.674919908754623,48.09965333138517],[-1.674952419326883,48.09962858763039],[-1.674984279657153,48.09960346752853],[-1.675015481096209,48.09957797954153],[-1.675046014750797,48.09955212943807],[-1.675075869454047,48.09952592758466],[-1.675105036312832,48.09949937974995],[-1.675133506759563,48.09947249529368],[-1.675161273485605,48.09944528262327],[-1.675188326339122,48.09941774845967],[-1.67521465817435,48.099389903005836],[-1.675240260261209,48.099361753825946],[-1.6752651252913,48.09933330932743],[-1.675289244697415,48.099304578869955],[-1.675312612511527,48.099275570806434],[-1.675335220085162,48.09924629359877],[-1.675357062953402,48.09921675734087],[-1.675378131046263,48.099186969651356],[-1.675398421157809,48.09915693967187],[-1.675417924802534,48.09912667765976],[-1.675436638774592,48.09909619275666],[-1.675454554344458,48.0990654925266],[-1.67547166721026,48.09903458885897],[-1.675487972663293,48.0990034891543],[-1.675503464898785,48.09897220356087],[-1.675518139370864,48.098940741274745],[-1.675531993036698,48.09890911323295],[-1.675545019847494,48.09887732689044],[-1.675557215501634,48.09884539413648],[-1.675568579392728,48.09881332310579],[-1.675579104375987,48.09878112400106],[-1.675588788667599,48.09874880680695],[-1.675597630483783,48.09871638150816],[-1.67560562670054,48.09868385814379],[-1.675612772772288,48.09865124590975],[-1.675619068255538,48.098618554736134],[-1.675624512788205,48.09858579545075],[-1.675629100484532,48.09855297730396],[-1.675632833662919,48.09852011101453],[-1.675635710458325,48.09848720566921],[-1.675637729087103,48.09845427125251],[-1.675638889268599,48.098421319489965],[-1.675639190315266,48.098388357618205],[-1.675638633368062,48.09835539820597],[-1.675637217902197,48.0983224502854],[-1.675634943474263,48.09828952378641],[-1.675631812402677,48.09825662942763],[-1.675627824162636,48.09822377624115],[-1.675626727940102,48.09821594182529],[-1.67562598143509,48.09821071891885],[-1.675625214989664,48.098205498625624],[-1.675624428359694,48.09820027825231],[-1.675623621789325,48.098195060492216],[-1.675622795197177,48.09818984444755],[-1.675621948420501,48.09818462832282],[-1.675621082962284,48.09817941385902],[-1.675620197482308,48.09817420111065],[-1.675619293402183,48.098168990920996],[-1.67561837055915,48.098163781494506],[-1.675617430374819,48.09815857367442],[-1.675616471508973,48.09815336751526],[-1.675615496479301,48.0981481611125],[-1.675614502849504,48.09814295726841],[-1.675613494640247,48.098137755819494],[-1.675612467668119,48.098132555133745],[-1.675611424694942,48.098127355999885],[-1.675610365720718,48.09812215841793],[-1.675609290664076,48.09811696149011],[-1.675608201028001,48.09811176695746],[-1.675607093969294,48.09810657313343],[-1.67560597359,48.098101380752304],[-1.675604838549905,48.09809618986856],[-1.67560368884901,48.09809100048219],[-1.675602527249138,48.098085813381964],[-1.675601350907098,48.09808062688134],[-1.675600161163113,48.09807544092584],[-1.675598959520159,48.09807025725646],[-1.675597744475269,48.09806507413219],[-1.675596516191199,48.09805989334856],[-1.675595277185636,48.09805471300099],[-1.67559402628112,48.09804953493958],[-1.675592763233519,48.09804435647097],[-1.675591488286974,48.098039180288495],[-1.675590204121917,48.09803400628312],[-1.675588906554951,48.09802883282285],[-1.675587600946941,48.09802365968962],[-1.67558628469884,48.09801848789024],[-1.675584960491077,48.09801331731569],[-1.675583625724608,48.09800814897275],[-1.675582281576889,48.09800298101137],[-1.675580929306761,48.09799781247928],[-1.675579566559313,48.09799264707655],[-1.675578197111057,48.09798748194638],[-1.675576820961996,48.097982317088736],[-1.675575435594455,48.09797715440818],[-1.675574043444735,48.09797199110242],[-1.675572643498134,48.097966830816986],[-1.675571238109577,48.09796166985182],[-1.675569826020224,48.097956509159204],[-1.675568408570293,48.0979513486846],[-1.675566984663701,48.09794619117583],[-1.675565553974943,48.09794103304185],[-1.67556411926583,48.097935875071364],[-1.675562680617735,48.09793071816217],[-1.675561236690446,48.09792556236876],[-1.675559788742808,48.09792040673885],[-1.675558334094383,48.0979152513815],[-1.675556878187415,48.097910096976385],[-1.675555417001259,48.09790494368707],[-1.675553954393803,48.09789978955448],[-1.675552487847377,48.09789463648316],[-1.675551019961028,48.09788948346633],[-1.675548815492316,48.09788175449896],[-1.675545866400626,48.097871449908034],[-1.675542914629687,48.097861145426045],[-1.675539957580451,48.09785084205976],[-1.675489349168384,48.09767444069521]],"type":"LineString"},"properties":{"objectid":71,"ligne":"a","ordre":21,"ouvrage":"Tunnel","exploitation":"Desserte voyageurs","longueur":869.31862461,"geo_point_2d":{"lon":-1.6730692665140405,"lat":48.10070691607346}}},{"type":"Feature","geometry":{"coordinates":[[-1.689946889040589,48.1207291555398],[-1.689944727073985,48.1207270621896],[-1.689937898997948,48.120720452781185],[-1.689931206425195,48.120713838747506],[-1.689924371527113,48.12070713950848],[-1.689917806293012,48.120700431074056],[-1.689911106899924,48.120693727209385],[-1.689904540328463,48.12068701882888],[-1.689897968274019,48.12068022056351],[-1.689891537207416,48.12067350755742],[-1.689885097976237,48.12066670477583],[-1.689878660087546,48.12065990193921],[-1.689872355020356,48.12065309458679],[-1.689866043047746,48.12064619650649],[-1.689859740665468,48.12063938904401],[-1.689853562856758,48.12063248639291],[-1.689847385131359,48.120625584639214],[-1.689837820140792,48.12061483643785],[-1.689831777920874,48.12060793005856],[-1.689825861696904,48.120600929333776],[-1.689819819480217,48.12059402295384],[-1.689813903259462,48.1205870222284],[-1.689808114375407,48.12057992710286],[-1.689802199498643,48.12057292632214],[-1.689796417361406,48.12056592012802],[-1.689790629822908,48.120558824946876],[-1.689784975105548,48.12055172525012],[-1.689779320308086,48.12054462465531],[-1.689773666934625,48.1205375249033],[-1.689768146300551,48.120530419737925],[-1.689762627090444,48.12052331541537],[-1.689757099715859,48.1205161213174],[-1.689751579168018,48.120509017048974],[-1.689746187297498,48.120501818325835],[-1.689740792665248,48.120494618814014],[-1.689735400716077,48.1204874191926],[-1.689730141669437,48.12048021595341],[-1.68972488396505,48.120473012659296],[-1.689719618014542,48.120465718692024],[-1.6897143603131,48.12045851539742],[-1.689709227266516,48.12045121781218],[-1.689703969486341,48.120444013619306],[-1.689698971861837,48.120436710511264],[-1.689693840160378,48.12042941287063],[-1.689688708460373,48.120422115229765],[-1.689683710840147,48.12041481212102],[-1.689678714643776,48.12040750985514],[-1.689673849845546,48.120400202230734],[-1.689668846826942,48.12039281013458],[-1.689663983372276,48.12038550245507],[-1.689658980274851,48.12037810946072],[-1.689654115563843,48.1203708027332],[-1.689649380870628,48.120363401496455],[-1.689644510596492,48.120356003986274],[-1.689639781390218,48.120348692633605],[-1.689635045278646,48.12034129055318],[-1.689630309168435,48.12033388847252],[-1.689625573141238,48.120326487289425],[-1.689620838374523,48.120319085153696],[-1.689616235168988,48.12031167945506],[-1.689611500486626,48.120304278216665],[-1.689606899883654,48.12029687151053],[-1.689602289775529,48.12028937508374],[-1.689597689175205,48.1202819683772],[-1.689593085976301,48.12027456267759],[-1.689588612795,48.120267062468834],[-1.689584010857851,48.12025965581641],[-1.689579409003676,48.12025225006152],[-1.689574934322205,48.12024474811137],[-1.689570466630198,48.120237337786364],[-1.689565992032976,48.12022983673361],[-1.68956151751871,48.1202223365784],[-1.689557049748912,48.12021492535508],[-1.689552575155582,48.12020742430175],[-1.689548100645209,48.12019992414599],[-1.689543634220055,48.12019251286744],[-1.689539293871676,48.120185008141604],[-1.689534819283521,48.120177507087554],[-1.689530351603091,48.12017009676087],[-1.689526011095217,48.12016259023899],[-1.689521670751917,48.12015508551245],[-1.689517196168914,48.12014758445765],[-1.689512855828156,48.12014007973073],[-1.689508381247736,48.12013257867558],[-1.689504047734244,48.12012516377814],[-1.68949970723397,48.12011765725519],[-1.689469193976538,48.12006553408289],[-1.689291718476909,48.1197615591971],[-1.689063918514335,48.11937138780362],[-1.689057969838831,48.11936120124694],[-1.689052019743272,48.119351013846874],[-1.689044574723954,48.119338283277244],[-1.689041593767592,48.1193331911695],[-1.689038610211949,48.11932810006878],[-1.689035625397789,48.1193230099204],[-1.689032637902703,48.11931791988126],[-1.689029645208479,48.11931283185624],[-1.689026649914976,48.11930774483822],[-1.689023651940557,48.119302657929445],[-1.689020648685349,48.11929757213701],[-1.689017641408473,48.1192924865085],[-1.689014628932458,48.11928740289409],[-1.689011612516418,48.11928232034134],[-1.689008590901248,48.1192772398027],[-1.689005564086941,48.11927216127815],[-1.689002531991857,48.11926708386993],[-1.688999490512094,48.11926200684431],[-1.688996445255602,48.11925693267587],[-1.688993393459225,48.11925186057618],[-1.688990333700576,48.11924678970218],[-1.688987267402044,48.119241720896916],[-1.68898419314124,48.11923665331734],[-1.6889811097407,48.1192315888136],[-1.688978021222685,48.119226527221706],[-1.688974923401649,48.11922146691016],[-1.688971817699994,48.11921640872203],[-1.688968700177101,48.11921135371909],[-1.688965574773593,48.11920630083955],[-1.688962437548857,48.119201251145206],[-1.688959293865901,48.119196204417364],[-1.688956139620834,48.11919115992228],[-1.688952973554544,48.11918611861236],[-1.688949797007786,48.11918108043295],[-1.688946608639814,48.119176045438714],[-1.688943409791378,48.119171013574984],[-1.688940199040093,48.11916598399867],[-1.688936977971636,48.11916095934837],[-1.68893374365958,48.119155937040155],[-1.688930496267215,48.119150918869515],[-1.688927237135293,48.119145904781796],[-1.688923963500677,48.119140893988586],[-1.688920676785755,48.11913588733296],[-1.688917379753686,48.11913088560334],[-1.688914065455779,48.119125886379784],[-1.688910736818477,48.11912089224624],[-1.688907395100886,48.11911590225028],[-1.688904037621508,48.11911091650121],[-1.688900665721102,48.11910593494441],[-1.688897279481307,48.119100958477595],[-1.688893877479741,48.11909598625769],[-1.688890458538938,48.11909102013486],[-1.688887023918011,48.1190860591567],[-1.68888357353532,48.11908110242543],[-1.688880104709369,48.11907615005042],[-1.688876620284948,48.119071203717795],[-1.688873120180417,48.11906626252983],[-1.688869600455173,48.119061327548266],[-1.688866062449972,48.119056398718456],[-1.688862508764672,48.11905147503327],[-1.688858934117923,48.11904655760916],[-1.688855342450335,48.11904164538436],[-1.688851732584448,48.11903674020905],[-1.688848103016232,48.119031840342366],[-1.688844455249719,48.119026947525164],[-1.688840786603426,48.119022061866765],[-1.688837098336458,48.11901718241478],[-1.68883338910807,48.11901230922383],[-1.688829660422302,48.11900744403476],[-1.688824025634026,48.119000160568795],[-1.688782278439098,48.11894842321176],[-1.688757833079159,48.118919813996015],[-1.68873264569328,48.118891494541444],[-1.688706725143115,48.118863473497086],[-1.688680077608763,48.118835759621284],[-1.688652711951759,48.11880836156314],[-1.688624635611193,48.11878128712855],[-1.688595858870845,48.118754545809665],[-1.688566389006411,48.11872814361689],[-1.688536236383185,48.11870209094011],[-1.688505408276729,48.11867639378972],[-1.688473916229673,48.11865106070543],[-1.68844176776236,48.11862610039092],[-1.68840897417238,48.118601518692614],[-1.688375544320685,48.118577324259526],[-1.688341489667997,48.11855352473362],[-1.688306818830237,48.11853012607062],[-1.688268869904884,48.11850544003704],[-1.688258181082473,48.118498648236276],[-1.688247440231442,48.118491890994626],[-1.688236651455626,48.11848516904589],[-1.688225816095755,48.118478482335384],[-1.688214933988567,48.118471829067595],[-1.688204007652266,48.11846520733766],[-1.688193038509216,48.11845861798868],[-1.688182029077618,48.118452059115825],[-1.688170979275843,48.11844552982134],[-1.688159890362988,48.118439029152746],[-1.688148767783611,48.11843255778921],[-1.688137608448103,48.118426111351255],[-1.688126417964272,48.11841969231351],[-1.688115194583244,48.11841329624183],[-1.688103943831199,48.11840692471311],[-1.688092661604306,48.118400576993544],[-1.688081352938983,48.11839424927347],[-1.688070016657746,48.11838794340308],[-1.688058659219375,48.118381656415785],[-1.688047278024023,48.118375389318665],[-1.688035874085912,48.11836913846604],[-1.68802445276797,48.118362903639266],[-1.688013011388729,48.11835668494768],[-1.688001552466392,48.11835048048642],[-1.6879900798599,48.11834428829603],[-1.687978590887789,48.118338108485815],[-1.687967088149891,48.11833194004869],[-1.68795557684588,48.11832578097054],[-1.687944052871932,48.11831963051756],[-1.687932518746258,48.118313486784935],[-1.687920978572675,48.11830735050648],[-1.68790943218793,48.11830121988662],[-1.687900769171782,48.118296623404234],[-1.6878892152372,48.118290498496805],[-1.687877657528041,48.11828437644542],[-1.687866098644141,48.118278256243045],[-1.687701459067712,48.11819107512342]],"type":"LineString"},"properties":{"objectid":61,"ligne":"a","ordre":11,"ouvrage":"Tunnel","exploitation":"Desserte voyageurs","longueur":333.93858431,"geo_point_2d":{"lon":-1.6889346915080232,"lat":48.119344625709076}}},{"type":"Feature","geometry":{"coordinates":[[-1.703730112385343,48.121236563852],[-1.703595935016506,48.12123381490911],[-1.703504423699223,48.121231940282875],[-1.70348044500097,48.121231416167774],[-1.703456470470767,48.121230981986336],[-1.703432491691544,48.1212304569635],[-1.703408383001301,48.12123002735794],[-1.703384411072032,48.121229592154066],[-1.703360302382592,48.12122916253844],[-1.703336327772549,48.12122872743425],[-1.703317614092232,48.12122847184378],[-1.703293647672522,48.121228126504846],[-1.703269554022955,48.12122787647335],[-1.703245587685738,48.12122753202217],[-1.70322150080352,48.121227370911875],[-1.703197542656343,48.12122711622483],[-1.703173461282334,48.12122704498831],[-1.703149509984156,48.12122688012027],[-1.703125428610323,48.12122680887373],[-1.703101349918136,48.12122673751246],[-1.703077411058405,48.12122675324],[-1.703067591504503,48.12122673130226],[-1.70304351697928,48.121226749867574],[-1.703019451984003,48.12122685814719],[-1.702995519808751,48.12122696189123],[-1.702971453554376,48.12122707111339],[-1.702947387299898,48.121227180330514],[-1.702923463313363,48.12122737383375],[-1.702899395717854,48.121227483095694],[-1.702879501984357,48.121227628017536],[-1.702654834352822,48.12122914972222],[-1.702608325610486,48.12122946471826]],"type":"LineString"},"properties":{"objectid":54,"ligne":"a","ordre":5,"ouvrage":"Tranch\u00e9e couverte","exploitation":"Desserte voyageurs","longueur":83.52671748,"geo_point_2d":{"lon":-1.7031692430785936,"lat":48.12122943189707}}},{"type":"Feature","geometry":{"coordinates":[[-1.674441514684796,48.09365407146496],[-1.674397887272715,48.09332462204992]],"type":"LineString"},"properties":{"objectid":36,"ligne":"a","ordre":24,"ouvrage":"Station","exploitation":"Desserte voyageurs","longueur":36.77296298,"geo_point_2d":{"lon":-1.6744197009787556,"lat":48.09348934675744}}},{"type":"Feature","geometry":{"coordinates":[[-1.675416333121207,48.09741992819122],[-1.675394509918572,48.097343860359956],[-1.675392562403009,48.09733706616772],[-1.675390612288934,48.09733027298221],[-1.675388662175377,48.097323479796685],[-1.675386709381928,48.097316686720106],[-1.675384756588998,48.0973098936435],[-1.67538279985736,48.097303101628135],[-1.675380840364465,48.097296308824],[-1.67537838536426,48.097287818723764],[-1.675376416653888,48.09728102809661],[-1.675374445182263,48.0972742366807],[-1.675372467172917,48.09726744733281],[-1.675370483803303,48.09726065820291],[-1.675368493733226,48.097253869345536],[-1.675366498465627,48.097247082501674],[-1.675364493735802,48.09724029514157],[-1.67536248388984,48.09723351069276],[-1.675360464581654,48.09722672572771],[-1.675358435973999,48.09721994204195],[-1.675356399569819,48.097213161376494],[-1.675354352444607,48.097206381147075],[-1.675352298618952,48.09719960119016],[-1.675350230214435,48.09719282362835],[-1.675348152510461,48.09718604734581],[-1.675346061486455,48.0971792725061],[-1.675343959822808,48.09717249900015],[-1.67534184492051,48.097165727834806],[-1.675339718119758,48.09715895895554],[-1.675337576577424,48.09715219067582],[-1.675335423218021,48.097145425579924],[-1.675333252436655,48.09713866119261],[-1.675331065817647,48.097131900152654],[-1.675328865878644,48.09712514055551],[-1.675326650102011,48.09711838430574],[-1.675324417066187,48.09711163056004],[-1.67532216677118,48.09710487931846],[-1.67531990039444,48.097098128730934],[-1.675317615662455,48.097091383395316],[-1.675315309569347,48.097084639829546],[-1.675313568100925,48.09707958444132],[-1.675270966753022,48.096964854041445],[-1.675246067735449,48.09690434040773],[-1.675218841367622,48.09684247249905],[-1.675215823228899,48.09683585701058],[-1.675212786572449,48.09682924497843],[-1.675209732657098,48.09682263545033],[-1.675206660386773,48.09681603117409],[-1.675203573537928,48.09680942929287],[-1.675200469511569,48.09680283081346],[-1.675197348470438,48.0967962375314],[-1.675194212850808,48.09678964664436],[-1.675191061312491,48.096783058206846],[-1.675187896617238,48.09677647300761],[-1.675184717424866,48.09676989110117],[-1.675181525075568,48.09676331243299],[-1.675178319406608,48.096756735207585],[-1.675175099321911,48.09675016217271],[-1.675171870019485,48.09674359131483],[-1.675168628818962,48.09673702274294],[-1.6751653771419,48.096730457300325],[-1.675162113566747,48.09672389414369],[-1.67515884077388,48.09671733316404],[-1.675155557423113,48.09671077441589],[-1.675152266032081,48.09670421599468],[-1.67514896558608,48.09669766154598],[-1.675145657181189,48.096691108321984],[-1.67514234223896,48.09668455716595],[-1.675139019337847,48.096678007234644],[-1.675135688477849,48.096671458528014],[-1.675132352420703,48.09666491183484],[-1.675129012343858,48.09665836530511],[-1.675125665729688,48.096651820843306],[-1.675122313837009,48.096645277497224],[-1.675119797633762,48.09664037075628],[-1.675116440381843,48.096633827628025],[-1.675113078014149,48.09662728741098],[-1.67510971296695,48.09662074730284],[-1.675106345158873,48.09661420640586],[-1.675102977514379,48.0966076673043],[-1.675099605850203,48.096601128366146],[-1.675096234186877,48.09659458942788],[-1.675092862524405,48.09658805048952],[-1.675087517777297,48.09657768473563],[-1.675082172950963,48.09656731808368],[-1.675076832065949,48.09655695037021],[-1.675070163902064,48.09654398927869],[-1.675067498700366,48.09653880385702],[-1.675064836260926,48.096533619224004],[-1.675062176339645,48.09652843268639],[-1.675059516418899,48.09652324614871],[-1.675056859179045,48.09651805950195],[-1.675054204538713,48.09651287184834],[-1.675051553919448,48.096507684031145],[-1.675048905818341,48.09650249430934],[-1.675046259139307,48.09649730543073],[-1.675043619080333,48.09649211538176],[-1.675040981539506,48.09648692342818],[-1.675038348101112,48.09648173220879],[-1.675035717180867,48.09647653908476],[-1.675033091621861,48.096471345742664],[-1.675030467322195,48.09646615144822],[-1.675027850982755,48.096460955928926],[-1.675025238501634,48.0964557584505],[-1.675022629960207,48.096450559910714],[-1.675020026780009,48.09644536115288],[-1.675017430138488,48.09644016032688],[-1.675014837518017,48.09643495933732],[-1.675012251436218,48.09642975627963],[-1.675009671974455,48.09642455205159],[-1.675007096452374,48.09641934676219],[-1.675004527550324,48.096414140302436],[-1.675001966527116,48.09640893172006],[-1.674999412123937,48.09640372196732],[-1.674996863000606,48.09639851109873],[-1.674994321756114,48.096393298107515],[-1.674991788390453,48.096388082993684],[-1.674989261726178,48.09638286760725],[-1.674986742940736,48.096377650098184],[-1.67498423211548,48.096372431364266],[-1.674981730427862,48.09636720955545],[-1.674979235360255,48.09636198657629],[-1.67497674959301,48.09635676231776],[-1.674974271623217,48.09635153503884],[-1.674971803035144,48.096346307378326],[-1.674969342244519,48.096341076697435],[-1.674966892094416,48.09633584468264],[-1.674964449823126,48.09633061054527],[-1.674962018110986,48.09632537417625],[-1.67495959569919,48.09632013652786],[-1.674957183846541,48.096314896647854],[-1.674954781131502,48.09630965369295],[-1.674952390315777,48.09630440845191],[-1.674950010140556,48.09629916187702],[-1.674947640524467,48.0962939130705],[-1.674945280127344,48.09628866208685],[-1.674942933051059,48.096283409660344],[-1.674940596452538,48.09627815410443],[-1.674938270331778,48.09627289541913],[-1.674935958872019,48.09626763523647],[-1.674933657971378,48.096262372822174],[-1.674931369051389,48.096257109019525],[-1.674929091867953,48.09625184113522],[-1.674926826583797,48.09624657096477],[-1.674924575960623,48.09624129929697],[-1.674922337155359,48.09623602444526],[-1.674920112929708,48.09623074719844],[-1.67491790052196,48.09622546676772],[-1.674915702775177,48.09622018483963],[-1.674913518267823,48.09621490057092],[-1.674911346918535,48.09620961306383],[-1.674909191407639,48.096204322209324],[-1.67490704921753,48.09619902991195],[-1.674904922947171,48.096193735164974],[-1.674902811093666,48.096188436227315],[-1.67490071264229,48.09618313674458],[-1.67489862994793,48.096177833016675],[-1.674896563173308,48.096172526839155],[-1.674894510978247,48.09616721826649],[-1.674891449945918,48.096159252903334],[-1.674862207578216,48.09607692691183],[-1.674847611599612,48.096030869148905],[-1.674845183414059,48.09602280686243],[-1.674843586269395,48.09601742842122],[-1.674842003704159,48.096012047584914],[-1.674840437221238,48.09600666609452],[-1.674838887916705,48.09600128120226],[-1.674837350592618,48.09599589492168],[-1.67483582926947,48.095990507089255],[-1.674834322444364,48.095985115963984],[-1.674832833123079,48.09597972502789],[-1.674831355619494,48.09597433090793],[-1.67482989285803,48.09596893618841],[-1.674828445934758,48.09596353812153],[-1.674827010991901,48.095958138666326],[-1.674825589450983,48.095952738666064],[-1.674824182570803,48.095947337168475],[-1.674822788929832,48.09594193333029],[-1.674821409949591,48.09593652799477],[-1.67482004160958,48.095931121325435],[-1.674818685249969,48.09592571326779],[-1.674817342210907,48.095920303767315],[-1.674816011152234,48.09591489287853],[-1.674814693414106,48.095909480546915],[-1.674813386397555,48.09590406777925],[-1.674812092620183,48.095898652670996],[-1.674810809564381,48.09589323712671],[-1.674809537067423,48.09588781935083],[-1.674808276713553,48.09588240198216],[-1.674807026918519,48.095876982381924],[-1.674805789103849,48.09587156139337],[-1.674804559330403,48.095866140077774],[-1.674803342877473,48.09586071731937],[-1.674802133044241,48.095855293390635],[-1.674800935272717,48.09584986897138],[-1.67479974546105,48.0958444433273],[-1.674798567629723,48.09583901629493],[-1.67479739792097,48.09583358983328],[-1.674796238771026,48.09582816114005],[-1.674795086240765,48.095822731276506],[-1.674793944513394,48.09581730187471],[-1.674792809405703,48.0958118713026],[-1.674791683679373,48.09580644034895],[-1.674790567171676,48.095801007218235],[-1.674789457283654,48.095795572917226],[-1.674788355518188,48.095790139186946],[-1.674787260453748,48.09578470518411],[-1.674786173349135,48.0957792699565],[-1.674785093026911,48.095773835354116],[-1.674784020583145,48.09576839862916],[-1.674782953500244,48.09576296168618],[-1.674781894377157,48.0957575235184],[-1.67478084069629,48.09575208603034],[-1.674779794975238,48.09574664731751],[-1.674778753193521,48.09574120754338],[-1.674777715432496,48.09573576760571],[-1.674776685794002,48.095730328238794],[-1.674775661434996,48.09572488775607],[-1.674774642355478,48.09571944615757],[-1.674773627378006,48.095714005293296],[-1.674772617680019,48.09570856331323],[-1.674771613261517,48.09570312021737],[-1.674770611604899,48.09569767791026],[-1.674769615227762,48.09569223448736],[-1.674768621612511,48.0956867918532],[-1.674767631936579,48.095681348157754],[-1.674766644941168,48.09567590435328],[-1.674765663387952,48.09567046122855],[-1.674764685692694,48.09566501614477],[-1.674763708079001,48.09565957195874],[-1.674762734485982,48.09565412760919],[-1.674761763492121,48.09564868225285],[-1.67476079517878,48.095643236787495],[-1.674759828287154,48.09563779216537],[-1.674758381807849,48.09562962327315],[-1.674756458584346,48.09561873179728],[-1.674754540722275,48.09560784010335],[-1.674752624201169,48.09559694835487],[-1.674750710279819,48.09558605559955],[-1.674579402609418,48.09461078809431],[-1.674577439988213,48.09459962429158],[-1.67457352396654,48.09457729450894],[-1.67457157064742,48.09456612942676],[-1.674569617329144,48.09455496434453],[-1.674565738675095,48.09453263123986],[-1.674563812080534,48.094521464169674],[-1.674561888085705,48.09451029609268],[-1.674558082901229,48.094487957296714],[-1.674556203051691,48.09447678652325],[-1.674536068573634,48.094351760258746],[-1.67451767463553,48.09422661454913],[-1.674516108837362,48.094215421091484],[-1.674513025568688,48.094193033111836],[-1.674511506758039,48.09418183864431],[-1.674509987785346,48.09417064238123],[-1.67450697806575,48.09414824960818],[-1.674505488577602,48.09413705214596],[-1.67450399766863,48.09412585384042],[-1.674501025477496,48.094103459541],[-1.674499544113979,48.094092262649376],[-1.674441514684796,48.09365407146496]],"type":"LineString"},"properties":{"objectid":73,"ligne":"a","ordre":23,"ouvrage":"Tunnel","exploitation":"Desserte voyageurs","longueur":426.39388318,"geo_point_2d":{"lon":-1.6748258540125542,"lat":48.09556573465151}}},{"type":"Feature","geometry":{"coordinates":[[-1.642298728047002,48.122251492148294],[-1.640965933626252,48.12197716457254],[-1.64093929116311,48.121971684571996],[-1.640912640854945,48.121966222001966],[-1.640885972411728,48.121960797100705],[-1.640859280745268,48.12195542809443],[-1.64083255532303,48.121950132528035],[-1.640805788536627,48.12194493053151],[-1.640778975297764,48.121939840331095],[-1.640752106414675,48.12193487941751],[-1.64072517712223,48.12193006960813],[-1.6406981821704,48.12192542733355],[-1.640671116632359,48.12192097261557],[-1.640643978262981,48.121916725367726],[-1.640616762054549,48.121912704714],[-1.640589467102729,48.12190893051378],[-1.640562092422339,48.121905421728805],[-1.640534641212389,48.121902198953926],[-1.640507113828476,48.121899281096724],[-1.640479512209454,48.12189668970398],[-1.640451844756075,48.12189444335865],[-1.640424116008033,48.12189256260154],[-1.640307120894424,48.12188886648511],[-1.640190091185887,48.121892007882394],[-1.640073914365717,48.12190196450089],[-1.640046498615951,48.12190532592484],[-1.640019188073473,48.12190904892214],[-1.63999198616212,48.121913111729576],[-1.639964895288069,48.12191749622926],[-1.639937917534377,48.12192218071205],[-1.639911051123104,48.12192714542678],[-1.63988429561723,48.12193237056811],[-1.639857646637955,48.12193783739079],[-1.639831102407475,48.12194352614362],[-1.639804657125392,48.121949417237644],[-1.639778303731275,48.12195549203579],[-1.639752036424809,48.12196173094913],[-1.639725848145633,48.12196811534057],[-1.639699727810796,48.12197462673534],[-1.639673669781676,48.12198124734001],[-1.639647664316261,48.12198795862566],[-1.639621698910031,48.121994741273795],[-1.639595766664377,48.12200157844289],[-1.639569855155632,48.12200845171214],[-1.639543953381822,48.12201534350453],[-1.639487194266445,48.12203045238719]],"type":"LineString"},"properties":{"objectid":56,"ligne":"b","ordre":29,"ouvrage":"Viaduc","exploitation":"Desserte voyageurs","longueur":217.49583742,"geo_point_2d":{"lon":-1.640893800892118,"lat":48.12201888881351}}},{"type":"Feature","geometry":{"coordinates":[[-1.70071092735456,48.09759031282878],[-1.700711621124894,48.097590442689906],[-1.70072818561797,48.09759354268801],[-1.70077000224802,48.097601283303504],[-1.700811843056518,48.09760896434445],[-1.700839014236804,48.09761392385317],[-1.700853700380222,48.097616605047186],[-1.700895566637768,48.097624225545786],[-1.701708310385613,48.09777209252857],[-1.701710688566759,48.09777252519791]],"type":"LineString"},"properties":{"objectid":77,"ligne":"b","ordre":6,"ouvrage":"Zone de transition","exploitation":"Desserte voyageurs","longueur":772.89017656,"geo_point_2d":{"lon":-1.7012107821819396,"lat":48.097681559433745}}},{"type":"Feature","geometry":{"coordinates":[[-1.692957515611497,48.10506076225872],[-1.692345238146983,48.105057816618675]],"type":"LineString"},"properties":{"objectid":26,"ligne":"b","ordre":10,"ouvrage":"Station","exploitation":"Desserte voyageurs","longueur":45.59593153,"geo_point_2d":{"lon":-1.69265137687924,"lat":48.1050592894387}}},{"type":"Feature","geometry":{"coordinates":[[-1.680748910618435,48.11468860143571],[-1.6802996890718,48.11438176583222],[-1.680292248231525,48.114376683862886]],"type":"LineString"},"properties":{"objectid":64,"ligne":"a","ordre":14,"ouvrage":"Station","exploitation":"Desserte voyageurs","longueur":48.56666309,"geo_point_2d":{"lon":-1.6805205795191096,"lat":48.114532642511485}}},{"type":"Feature","geometry":{"coordinates":[[-1.664666091497335,48.12484541094257],[-1.664541807630711,48.125000803763896],[-1.664269810560253,48.12534088196885]],"type":"LineString"},"properties":{"objectid":35,"ligne":"b","ordre":22,"ouvrage":"Station","exploitation":"Desserte voyageurs","longueur":62.48902091,"geo_point_2d":{"lon":-1.664467951125976,"lat":48.12509314653344}}},{"type":"Feature","geometry":{"coordinates":[[-1.628341227818164,48.127090672072775],[-1.628022690411058,48.12714607597359],[-1.627704711543512,48.12720138170699]],"type":"LineString"},"properties":{"objectid":13,"ligne":"b","ordre":32,"ouvrage":"Station","exploitation":"Desserte voyageurs","longueur":48.95231601,"geo_point_2d":{"lon":-1.6280229697239013,"lat":48.12714602713747}}},{"type":"Feature","geometry":{"coordinates":[[-1.706486864617786,48.1012513691347],[-1.706513209875148,48.10133434754957],[-1.706524387226697,48.10136959049193],[-1.706535487431187,48.10140484289976],[-1.706546437592676,48.10144011676853],[-1.706557161888731,48.10147542151025],[-1.706567583238356,48.10151076748956],[-1.706577626995144,48.10154616226813],[-1.706587215831928,48.101581613517475],[-1.706596273679684,48.10161712795645],[-1.706644693204474,48.10188392925958],[-1.706658919418804,48.10215252517561],[-1.706638849509504,48.102420954612384],[-1.706584628015822,48.102687254430414],[-1.706496651495597,48.10294948087974],[-1.706375561075662,48.10320571621506],[-1.706222242931493,48.10345408850367],[-1.706037814624626,48.10369278390347],[-1.705823624841087,48.10392005839297],[-1.705581238383667,48.10413425010575],[-1.705312425427903,48.1043337941938],[-1.705019150365289,48.10451723320285],[-1.704703556540179,48.10468322671435],[-1.704367948302591,48.104830561097536],[-1.70401477850087,48.104958159939265],[-1.70364662751951,48.10506509031401],[-1.703266186662574,48.10515057247969],[-1.702876235272238,48.10521397991702],[-1.702843307604892,48.10521826263221],[-1.702810335708541,48.10522238495013],[-1.702777319174174,48.10522634238203],[-1.702744257838377,48.1052301331324],[-1.702711153972899,48.10523375260278],[-1.702678008672861,48.10523719804511],[-1.702644822869662,48.10524046491579],[-1.702611599080671,48.105243551309634],[-1.702420544552762,48.10525768094644],[-1.702228704772325,48.105265722154805],[-1.702036511490063,48.10526765817641],[-1.701985421783377,48.105267151643204],[-1.70193434379643,48.105266257138084],[-1.701883282717547,48.1052650168003],[-1.701832238537062,48.10526347478385],[-1.701781213844046,48.105261674235365],[-1.701730208464802,48.10525965751337],[-1.701679217027646,48.105257468991155],[-1.701628239358533,48.10525515102719],[-1.701577270003592,48.10525274709704],[-1.701526304767322,48.105250299723636],[-1.699952081989532,48.10517447359671],[-1.699901858173943,48.10517205467231],[-1.699851634772116,48.10516964021472],[-1.699801409430527,48.10516723392453],[-1.699751183816759,48.10516483933792],[-1.699700955740889,48.10516246195098],[-1.699650725530088,48.105160105354685],[-1.699600493593332,48.10515777403774],[-1.699550257495217,48.10515547080302],[-1.69858503770054,48.10511764055234],[-1.697618918945067,48.10509208751246],[-1.696652249906101,48.10507882171791],[-1.696601899335462,48.10507846372853],[-1.696551548782638,48.10507813545236],[-1.696501197757024,48.10507783150291],[-1.696450847353673,48.10507754913218],[-1.696400495741635,48.10507728300842],[-1.696350143852488,48.105077028588134],[-1.696299792781335,48.10507678312333],[-1.696249440779021,48.10507654217999],[-1.692957515611497,48.10506076225872]],"type":"LineString"},"properties":{"objectid":24,"ligne":"b","ordre":9,"ouvrage":"Tunnel","exploitation":"Desserte voyageurs","longueur":1319.00352072,"geo_point_2d":{"lon":-1.7007839649926058,"lat":48.10459792383691}}},{"type":"Feature","geometry":{"coordinates":[[-1.64477903089304,48.087493757035816],[-1.644371473075521,48.08748702696898]],"type":"LineString"},"properties":{"objectid":48,"ligne":"a","ordre":36,"ouvrage":"Station","exploitation":"Desserte voyageurs","longueur":30.3693463,"geo_point_2d":{"lon":-1.6445752519842805,"lat":48.087490392002394}}},{"type":"Feature","geometry":{"coordinates":[[-1.693096840081479,48.121569204053756],[-1.69305897903271,48.12157075719852],[-1.693048656922334,48.121571201849555],[-1.693038333552688,48.12157164745213],[-1.693027871789026,48.121572006790785],[-1.693017549678132,48.121572451439036],[-1.693007093404357,48.121572900660105],[-1.692996764462117,48.12157325547689],[-1.692986308187999,48.121573704696075],[-1.692975980586264,48.1215740594563],[-1.692965517480867,48.121574418844],[-1.692955195368954,48.121574863486664],[-1.69294473226325,48.12157522287248],[-1.692934402061022,48.12157557863614],[-1.692924066286884,48.12157584361682],[-1.692913604521573,48.12157620294509],[-1.692903268747202,48.121576467923894],[-1.692892805722528,48.12157682820274],[-1.692882469947923,48.121577093179674],[-1.692871993179713,48.12157727289968],[-1.692861657404916,48.12157753787476],[-1.692851314799273,48.1215777130193],[-1.692840838112547,48.12157789363421],[-1.692830494165951,48.1215780688316],[-1.692820010566681,48.12157815871728],[-1.692809669301583,48.121578333803356],[-1.692799185702223,48.12157842368715],[-1.692788829434935,48.12157841916686],[-1.692778473249363,48.1215784155434],[-1.692767982819337,48.121578415594726],[-1.692757626552054,48.121578411071646],[-1.692739857344728,48.12157821073441],[-1.692722081388738,48.1215779214626],[-1.692711711460569,48.121577737276155],[-1.692701334783711,48.12157746415693],[-1.692690958025251,48.12157719013903],[-1.692680447104157,48.121576920693535],[-1.692670062174684,48.12157655689884],[-1.692659678667882,48.12157619394624],[-1.692649293738702,48.12157583014968],[-1.69263890332011,48.12157537646783],[-1.692628647064441,48.121574918211756],[-1.692618249815885,48.12157437469843],[-1.692607859397862,48.121573921013805],[-1.692597454060332,48.121573288621455],[-1.692587056812431,48.121572745105325],[-1.692576786897231,48.12157210718539],[-1.692566388390686,48.121571564619856],[-1.692555976142207,48.12157084149639],[-1.692545706227769,48.12157020357369],[-1.692535295402372,48.121569481291395],[-1.692524883154747,48.121568758165104],[-1.692514606410961,48.12156803041002],[-1.69250432966746,48.12156730265399],[-1.692493910590596,48.12156648969528],[-1.692483627099309,48.12156567300554],[-1.692473209363908,48.121564859990265],[-1.692462924532464,48.121564043353374],[-1.692452632789595,48.12156313598821],[-1.692442347877112,48.12156231845173],[-1.692431923313033,48.12156141560308],[-1.692421632912045,48.12156050818044],[-1.692411341252313,48.12155960170931],[-1.692401050852045,48.12155869428481],[-1.692390752363105,48.121557697982226],[-1.692380461963579,48.121556790555886],[-1.692370164816227,48.12155579419675],[-1.692359866165044,48.12155479609591],[-1.69234944026312,48.12155389329449],[-1.692339141776134,48.121552896987296],[-1.692328978711355,48.12155189515375],[-1.692318680225162,48.12155089884472],[-1.692308376168683,48.121549811752665],[-1.692298077683302,48.121548815441784],[-1.69228778037572,48.12154781727978],[-1.692277481891135,48.121546820967055],[-1.692267177836335,48.121545733871315],[-1.692256880693376,48.121544737502056],[-1.692239933193286,48.121542978028415],[-1.692228012439802,48.121541856871545],[-1.692216217597389,48.12154064046792],[-1.692204288674547,48.12153942953367],[-1.692192361093073,48.12153821854346],[-1.692180567674842,48.12153700297924],[-1.692168638753677,48.12153579204128],[-1.692156709751369,48.12153458020433],[-1.692144916334809,48.121533364636456],[-1.692132988756128,48.12153215364011],[-1.692121193999874,48.1215309381245],[-1.692109265081503,48.12152972718038],[-1.692097337422798,48.12152851528259],[-1.692085544009021,48.12152729970862],[-1.692073608262952,48.12152599893116],[-1.692061813509498,48.121524783409484],[-1.692049879105416,48.12152348257486],[-1.692038084353099,48.12152226705074],[-1.692026149868496,48.12152096531591],[-1.692014355117312,48.12151974978934],[-1.692002420715591,48.12151844894982],[-1.691990619136308,48.12151714359119],[-1.691978817557625,48.12151583823133],[-1.691966883076003,48.12151453649036],[-1.691955076010155,48.12151314124372],[-1.691943274433284,48.12151183588024],[-1.691931331946945,48.12151044615612],[-1.691919531630401,48.121509139837755],[-1.691907724567068,48.12150774458624],[-1.691895914822751,48.12150634944293],[-1.69188397359807,48.12150495876148],[-1.691872166536655,48.12150356350633],[-1.691860358053368,48.121502167406916],[-1.691848542823438,48.12150068237439],[-1.691836735763955,48.12149928711562],[-1.691824920535363,48.12149780208066],[-1.691813106648262,48.12149631698979],[-1.691801289998524,48.121494831109366],[-1.691789469283901,48.12149325618641],[-1.69177765539886,48.121491771091904],[-1.691765967507448,48.12149019164892],[-1.691754145372463,48.12148861587927],[-1.691742323319893,48.12148704100618],[-1.691730636771443,48.1214854615049],[-1.69171881614282,48.12148388747243],[-1.691707120003756,48.12148221735076],[-1.691695292466185,48.121480552588444],[-1.691683597751142,48.121478883307425]],"type":"LineString"},"properties":{"objectid":59,"ligne":"a","ordre":9,"ouvrage":"Viaduc","exploitation":"Desserte voyageurs","longueur":106.08487363,"geo_point_2d":{"lon":-1.6923890843711096,"lat":48.12154677062147}}},{"type":"Feature","geometry":{"coordinates":[[-1.710956892786075,48.121295413308374],[-1.709323600015167,48.1212757587259],[-1.709304617967244,48.121275513293966],[-1.709285634578721,48.12127526791382],[-1.709266652449159,48.12127502157788],[-1.709247675920226,48.12127486602012],[-1.709228693872996,48.121274620575676],[-1.709209718767106,48.12127446585449],[-1.709190735379419,48.12127422045869],[-1.709171626031302,48.121274069426086],[-1.709152649421006,48.1212739129549],[-1.709133674233605,48.12127375732343],[-1.709114705987318,48.12127369241524],[-1.709095736318297,48.12127362666106],[-1.709076767908108,48.12127355995112],[-1.709057665419467,48.12127349872826],[-1.709038702609456,48.121273522793324],[-1.709014764988698,48.121273538802605],[-1.708995676217719,48.121273657226745],[-1.708976720266376,48.12127377111026],[-1.708957772432464,48.121273973866664],[-1.708938683661194,48.12127409228134],[-1.708919742849662,48.12127438665562],[-1.708900793756509,48.12127459035529],[-1.708881718620071,48.12127488752011],[-1.708862784584491,48.12127527081592],[-1.708853649620623,48.121275406965545],[-1.708834581342123,48.12127579395119],[-1.708815654164334,48.121276267067934],[-1.708796718786971,48.12127665040779],[-1.708777657447991,48.12127712811042],[-1.70875873712757,48.12127769104646],[-1.708739675787853,48.12127816874281],[-1.708720755384647,48.121278730774854],[-1.708701835145012,48.121279294599276],[-1.708682787438678,48.12127995104581],[-1.708663867116191,48.12128051396625],[-1.708644819490913,48.121281171304226],[-1.708625906025711,48.1212818240471],[-1.708606858399469,48.12128248137879],[-1.708587944933307,48.12128313411544],[-1.708569031466667,48.12128378684897],[-1.70854501997973,48.12128461496769],[-1.708062530350813,48.12130135170213],[-1.708043616870857,48.12130200434935],[-1.708024576086856,48.12130275141343],[-1.708005662605905,48.12130340405443],[-1.707986608106765,48.12130397145483],[-1.707967694542908,48.12130462319183],[-1.707948781060552,48.121305275823474],[-1.707929733417034,48.12130593304315],[-1.707910813076812,48.12130649583986],[-1.707891758575486,48.12130706322454],[-1.707872838234437,48.121307626015025],[-1.707853783732277,48.12130819339342],[-1.707834855192836,48.12130866640381],[-1.707815927911858,48.12130913845847],[-1.707796866633781,48.12130961689648],[-1.707777939352107,48.12131008894489],[-1.707753900495682,48.12131055848149],[-1.707734966356668,48.121310940694116],[-1.707715891364036,48.121311239461264],[-1.707696949109144,48.12131153279155],[-1.707678001256347,48.121311735337365],[-1.707658919324651,48.12131194336862],[-1.707639971635499,48.12131214770364],[-1.70762101558506,48.12131226046623],[-1.707602060957301,48.12131237406856],[-1.707582965312385,48.12131240242976],[-1.707564002487399,48.121312426251976],[-1.70754504108515,48.12131245091392],[-1.707526072662706,48.12131238394853],[-1.707508721107351,48.12131235261874],[-1.707489745828812,48.12131219581863],[-1.707470769291572,48.12131203996801],[-1.707451794095235,48.12131188405939],[-1.707432812042935,48.1213116383189],[-1.707413828731997,48.121311393527904],[-1.707394846680059,48.12131114778115],[-1.707375863205547,48.12131090118841],[-1.707356874298025,48.12131056560664],[-1.707337884049963,48.12131023007664],[-1.70731889514294,48.12130989448862],[-1.707299904895371,48.121309558952355],[-1.707280916070804,48.12130922425579],[-1.707261918967952,48.12130879888451],[-1.707242930061944,48.121308463283974],[-1.70722393287772,48.121308037008674],[-1.707199959621263,48.121307603551806],[-1.704136712510882,48.12124489384849]],"type":"LineString"},"properties":{"objectid":52,"ligne":"a","ordre":3,"ouvrage":"Tranch\u00e9e couverte","exploitation":"Desserte voyageurs","longueur":507.95598325,"geo_point_2d":{"lon":-1.7075467387942527,"lat":48.12128387341571}}},{"type":"Feature","geometry":{"coordinates":[[-1.627704711543512,48.12720138170699],[-1.627640085301831,48.12721262278335],[-1.627592843460994,48.127220833420274],[-1.627545590496609,48.12722901024536],[-1.627498311357786,48.12723712052577],[-1.627450993514625,48.127245129625194],[-1.62740362602012,48.12725300554669],[-1.627356196344611,48.127260713653904],[-1.627308696062213,48.12726822004637],[-1.627261112724082,48.12727549098549],[-1.627213440506049,48.1272824915651],[-1.62716566980274,48.1272891897342],[-1.627117797311125,48.127295548683165],[-1.627069815946969,48.1273015344575],[-1.626774171501826,48.12732927832571],[-1.626476204301176,48.1273415954176],[-1.626177705984861,48.12733841096244],[-1.62613008173608,48.12733646908575],[-1.62608249317474,48.12733415993396],[-1.626034945159093,48.127331507639674],[-1.625987437505431,48.127328540142464],[-1.62593997389191,48.12732528342452],[-1.625892551291439,48.12732176373766],[-1.62584516943944,48.127318008123666],[-1.625797825389192,48.12731404373214],[-1.625750515952186,48.12730989501935],[-1.625703238181502,48.127305589134906],[-1.625655987789088,48.12730115328235],[-1.625608758904103,48.12729661202578],[-1.625561547238303,48.12729199256871],[-1.62551434708177,48.127287321270806],[-1.625467151302908,48.12728262364786],[-1.624508649385698,48.12718711820609],[-1.624470014498432,48.12718327165481],[-1.624431377285062,48.12717944410603],[-1.624392732651079,48.12717565378525],[-1.624354074241424,48.12717191986966],[-1.624315400904034,48.12716825952523],[-1.624276707785838,48.127164693670814],[-1.624237992393628,48.127161239526245],[-1.624199251054184,48.12715791616091],[-1.62416048277628,48.12715474253629],[-1.624121682545554,48.12715173777569],[-1.624082852052723,48.127148920732765],[-1.624043990306387,48.12714631036902],[-1.624005094893544,48.12714392480214],[-1.62396616892629,48.12714178372967],[-1.623927211413055,48.12713990611309],[-1.62388822672632,48.1271383106983],[-1.623849216556454,48.12713701633901],[-1.623810185436871,48.12713604357668],[-1.623771140260879,48.127135409253796],[-1.623732084220746,48.12713513396576],[-1.623490793545686,48.12714179151656],[-1.6232513517132,48.1271628223108],[-1.623015662702273,48.12719805882112],[-1.622785602928189,48.12724722111355],[-1.62256300515743,48.127309917493236],[-1.622349641402865,48.12738564879475],[-1.622147209760552,48.127473811612575],[-1.62195732424945,48.12757370501461],[-1.621781493438598,48.127684532299796],[-1.621621121414928,48.12780541176917],[-1.621477481284862,48.127935381391985],[-1.621351718418876,48.12807340498005],[-1.621244835483375,48.128218385400906],[-1.621157683210618,48.12836916674818],[-1.621090953635194,48.128524549027574],[-1.621045180731932,48.12868329533743],[-1.621039769895463,48.12870919210607],[-1.621034890789458,48.128735135089464],[-1.621030516029921,48.12876111908061],[-1.621026616730772,48.12878713713082],[-1.621023165427429,48.12881318313528],[-1.621020137578835,48.12883925357483],[-1.621017501697084,48.12886534250626],[-1.621015231899942,48.12889144646427],[-1.621013299703449,48.128917562989095],[-1.621011677964664,48.128943689567095],[-1.621010336777957,48.128969822894575],[-1.621009250421835,48.12899596130179],[-1.621008387810429,48.12902210333454],[-1.62100772464369,48.12904824816699],[-1.621007228494556,48.12907439439879],[-1.62100687380226,48.12910054215579],[-1.621006632243343,48.129126690773816],[-1.621006475413815,48.129152838690864],[-1.621006375151056,48.129178987038365],[-1.621006301870824,48.129205136103764],[-1.621003844576675,48.130152768974654],[-1.621003787064512,48.130173193151464],[-1.621003702569154,48.13019361661013],[-1.621003562927258,48.130214040482045],[-1.621003339733998,48.13023446320523],[-1.62100300884927,48.13025488574944],[-1.621002540527055,48.13027530660657],[-1.621001907864462,48.13029572595635],[-1.621001083797611,48.13031614218292],[-1.621000039921448,48.13033655372427],[-1.62099875051312,48.13035695891066],[-1.620997187087011,48.13037735528229],[-1.620995322579065,48.13039774122328],[-1.62099312960326,48.13041811152658],[-1.620990582356088,48.13043846362459],[-1.620987653531931,48.13045879320807],[-1.620984315664161,48.13047909417209],[-1.620980542627235,48.130499360357895],[-1.62097630703493,48.1305195865584],[-1.620971585202426,48.13053976381365],[-1.620966348160872,48.130559884277005],[-1.620931444959474,48.130661054855686],[-1.620882903073068,48.13075967285685],[-1.620821127925242,48.13085491645289],[-1.620746635058341,48.13094599092554],[-1.620730487473093,48.13096340775545],[-1.620713894968615,48.13098063611895],[-1.620696884850104,48.13099768032517],[-1.620679483323099,48.13101454743054],[-1.620661716432218,48.13103124269586],[-1.620643609041933,48.13104777323148],[-1.620625184595142,48.131064145303796],[-1.620606468197784,48.13108036871652],[-1.620587482112621,48.13109645158556],[-1.620568250024032,48.13111240287076],[-1.620548792853688,48.131128230741886],[-1.620529134607898,48.131143947750004],[-1.620509294786743,48.131159561221004],[-1.62048929605543,48.131175083759835],[-1.620469158235956,48.1311905262836],[-1.620448900989382,48.13120589791385],[-1.620428545720274,48.13122121220722],[-1.620408112170181,48.13123647918308],[-1.620387620241604,48.13125171065638],[-1.620367088576377,48.13126691939377],[-1.620346538337673,48.13128211625856],[-1.62021786527031,48.131377236168895]],"type":"LineString"},"properties":{"objectid":6,"ligne":"b","ordre":33,"ouvrage":"Viaduc","exploitation":"Desserte voyageurs","longueur":903.62469925,"geo_point_2d":{"lon":-1.6231726517327885,"lat":48.12821891658756}}},{"type":"Feature","geometry":{"coordinates":[[-1.660142651483059,48.0864335192793],[-1.660079675939944,48.08643245416257],[-1.660040540947374,48.08643179735648],[-1.660001400754317,48.08643117228533],[-1.659962262299677,48.08643061110613],[-1.659923119122932,48.08643014651925],[-1.659883971219868,48.08642980826002],[-1.659844822930319,48.08642962949193],[-1.659805675751985,48.08642964169155],[-1.659766528583692,48.08642987734194],[-1.659727382922939,48.08643036791965],[-1.659688249808839,48.08643114631653],[-1.659649137276202,48.08643224194201],[-1.659610042516587,48.08643369816112],[-1.65957131683489,48.08643550343381],[-1.659532634583962,48.08643768538033],[-1.659494004899257,48.086440240927146],[-1.659455434641764,48.08644317159819],[-1.65941693034817,48.08644647532639],[-1.659378499895095,48.08645014999031],[-1.659340154244428,48.086454197848745],[-1.659301903952681,48.08645861667166],[-1.659263746258108,48.08646340567],[-1.659225698497985,48.086468563239904],[-1.659187766112342,48.08647409006198],[-1.65914995815565,48.086479982164946],[-1.659112278809102,48.08648624118153],[-1.659074737289337,48.08649286493607],[-1.65903734541182,48.08649985024648],[-1.659000109956573,48.08650719773909],[-1.65896303344061,48.08651490550984],[-1.658926127760509,48.08652297127447],[-1.658889403635074,48.08653139459859],[-1.658852860739354,48.08654017189125],[-1.658816511132119,48.08654930266378],[-1.658780366628962,48.08655878373417],[-1.658744428569192,48.08656861504827],[-1.658708697562536,48.08657878847197],[-1.658672594769889,48.086589491463116],[-1.658636712876288,48.08660052609083],[-1.65860105411757,48.086611872441225],[-1.658565598966355,48.086623507878315],[-1.658530343893529,48.08663540821655],[-1.658495273715902,48.08664755424812],[-1.658460376945894,48.08665992301106],[-1.658425640999237,48.086672494291165],[-1.658391051708569,48.08668524523506],[-1.658356596651835,48.08669815742401],[-1.658322256302008,48.086711208221935],[-1.658288022175878,48.08672437814931],[-1.658253869710969,48.086737648378374],[-1.658219786161138,48.08675099689915],[-1.658185753582638,48.08676440371454],[-1.658151754274925,48.086777851520644],[-1.658117776831916,48.08679131825319],[-1.656633058374791,48.087379920881034],[-1.656599074698957,48.08739338648289],[-1.656565078503041,48.08740683275783],[-1.656531046483979,48.08742023992553],[-1.656496964718485,48.087433587825586],[-1.656462811324561,48.087446857521165],[-1.65642857079593,48.08746002621276],[-1.656394232132432,48.087473076324706],[-1.656359773290115,48.0874859871245],[-1.656325184284742,48.08749873739103],[-1.65629044591442,48.08751130807871],[-1.656255550631864,48.08752367516452],[-1.656220479397319,48.087535821398355],[-1.656185221740588,48.08754772017241],[-1.656149762722938,48.0875593549715],[-1.656114099995106,48.0875706997598],[-1.656078222395297,48.08758173516593],[-1.656042126315435,48.08759243610609],[-1.656006353906766,48.08760262563368],[-1.655970369844137,48.0876124669028],[-1.65593417262614,48.08762195817201],[-1.655897776912025,48.0876310979462],[-1.655861186560299,48.08763988426676],[-1.655824409368365,48.08764831411449],[-1.655787457396614,48.08765638700068],[-1.655750332920584,48.087664098327664],[-1.655713044304859,48.08767145136076],[-1.655675605884725,48.08767844101377],[-1.655638014818947,48.087685065599565],[-1.655600284669986,48.087691326370766],[-1.655562419215461,48.08769722047106],[-1.65552443973363,48.087702745236264],[-1.65548633834747,48.08770790278753],[-1.65544813483327,48.08771268871943],[-1.655409826673909,48.087717104935976],[-1.655371428366825,48.08772114814667],[-1.655332947871653,48.087724817127985],[-1.655294390792116,48.08772811435609],[-1.655255771625694,48.087731036540525],[-1.655217085094338,48.0877335847961],[-1.655178355156354,48.08773575635024],[-1.655139564068923,48.08773754831734],[-1.65510047429002,48.08773898113152],[-1.655061358438837,48.087740065375954],[-1.65502222320923,48.0877408305146],[-1.654983082318832,48.08774130933121],[-1.654943930482573,48.08774153267598],[-1.654904782595864,48.08774153148281],[-1.654865629839539,48.08774134215146],[-1.654826482683888,48.087740991289735],[-1.654787342786323,48.087740512169866],[-1.654748199825405,48.08773993945028],[-1.654709061753196,48.08773930164289],[-1.654669923607957,48.08773863318907],[-1.654524324880651,48.08773612203884]],"type":"LineString"},"properties":{"objectid":43,"ligne":"a","ordre":31,"ouvrage":"Tranch\u00e9e couverte","exploitation":"Desserte voyageurs","longueur":452.93363984,"geo_point_2d":{"lon":-1.6573350279370247,"lat":48.08709496928274}}},{"type":"Feature","geometry":{"coordinates":[[-1.654524324880651,48.08773612203884],[-1.654278296487971,48.08773187767509],[-1.654037858176749,48.08772773080162]],"type":"LineString"},"properties":{"objectid":44,"ligne":"a","ordre":32,"ouvrage":"Station","exploitation":"Desserte voyageurs","longueur":36.25010951,"geo_point_2d":{"lon":-1.6542810915332913,"lat":48.08773192615406}}},{"type":"Feature","geometry":{"coordinates":[[-1.648760458133516,48.087559419258575],[-1.64477903089304,48.087493757035816]],"type":"LineString"},"properties":{"objectid":47,"ligne":"a","ordre":35,"ouvrage":"Viaduc","exploitation":"Desserte voyageurs","longueur":296.67732863,"geo_point_2d":{"lon":-1.646769744513278,"lat":48.0875265881472}}},{"type":"Feature","geometry":{"coordinates":[[-1.708894975010694,48.09271899396285],[-1.708117724661799,48.09207233874026],[-1.707627541234298,48.09166935347702],[-1.707604644732558,48.0916505157596],[-1.707581811041011,48.09163164392714],[-1.707559104375063,48.091612704712134],[-1.707536586270054,48.09159366495694],[-1.707514322199404,48.09157449044149],[-1.707492378128035,48.091555152332305],[-1.707470821115053,48.091535619047775],[-1.707449721227234,48.09151586248757],[-1.707352009831005,48.091413263499064],[-1.707268335234319,48.0913052380327],[-1.707199362306179,48.091192646468954],[-1.707187397403386,48.091169714223525],[-1.707175967542448,48.09114666094345],[-1.70716499655888,48.09112350686909],[-1.707154412390237,48.091100272973875],[-1.707144137286511,48.09107697685971],[-1.707142543090874,48.09107327189679],[-1.707134093333977,48.09105363433303],[-1.70712420546288,48.09103026288595],[-1.707114395514005,48.09100687563161],[-1.706800653367399,48.09025787859325],[-1.706776439785153,48.0902000725293],[-1.706770821433832,48.09018668340269],[-1.706765148965315,48.090173305503136],[-1.706759368095726,48.09015994826245],[-1.706753426045033,48.090146622853105],[-1.706747267517114,48.09013334235275],[-1.706740839813948,48.090120118831585],[-1.706734090483278,48.09010696705298],[-1.706726969916657,48.090093903466055],[-1.706719427411424,48.09008094726802],[-1.70671141368684,48.09006811849895],[-1.70670288238786,48.090055439782354],[-1.706675509843951,48.090020271677936],[-1.706643765675077,48.089986793736564],[-1.706607880597868,48.08995524971557],[-1.706568114835751,48.08992586774609],[-1.706524756942675,48.08989886218362],[-1.706478124733501,48.089874429064466],[-1.706428554482364,48.08985274564722],[-1.706376407704526,48.089833971036214],[-1.706322062543411,48.089818240226684],[-1.706265916778372,48.08980566758611],[-1.706208374261475,48.089796345607574],[-1.706149857989948,48.08979034077011],[-1.7060907889946,48.089787698007676],[-1.706031599330461,48.08978843567181],[-1.705972718923177,48.089792548773545],[-1.705961767499894,48.089793691935924],[-1.705950844223715,48.08979495198866],[-1.705939953278271,48.089796330562656],[-1.705929097179647,48.08979782575269],[-1.705918277513418,48.08979944019715],[-1.705907499475614,48.08980117188108],[-1.705896765828006,48.08980302159253],[-1.705886077910491,48.089804989276615],[-1.705827842250646,48.08981801390011],[-1.705771628121115,48.08983454840283],[-1.70571790449528,48.089854455541975],[-1.705667118804904,48.08987756832015],[-1.705619699947958,48.08990369346655],[-1.705576040869154,48.089932612149966],[-1.705536509607419,48.08996408313068],[-1.705501435814239,48.0899978424112],[-1.705497008757456,48.09000261205439],[-1.705492658674012,48.09000741458989],[-1.705488376950858,48.09001224406265],[-1.705484151036902,48.09001709557997],[-1.705479971060997,48.090021964139375],[-1.705475824635814,48.09002684664366],[-1.705471700468345,48.09003173724748],[-1.705467588851207,48.09003663274389],[-1.704987411894517,48.090608578175654],[-1.704950344860018,48.09065271388967],[-1.704913215087956,48.09069682602512],[-1.704875961243956,48.090740890960916],[-1.704838523497264,48.09078488681645],[-1.704800840267606,48.09082878727718],[-1.704762850302075,48.090872569619485],[-1.704724494700139,48.090916207418964],[-1.704685710786755,48.09095967710892],[-1.704660435428211,48.09098762479985],[-1.704634957472631,48.09101548976608],[-1.70460927968169,48.09104327279549],[-1.704569098260104,48.091086168873105],[-1.704528498343732,48.091128886525404],[-1.704487541430293,48.09117145116869],[-1.704446286255741,48.09121388743136],[-1.704404794236172,48.091256219832154],[-1.704363125447796,48.091298472944786],[-1.704321338872525,48.09134067409109],[-1.704279492070506,48.091382849750126],[-1.703980409630374,48.091684177064295]],"type":"LineString"},"properties":{"objectid":50,"ligne":"b","ordre":1,"ouvrage":"Tranch\u00e9e couverte","exploitation":"Arri\u00e8re gare","longueur":226.24145056,"geo_point_2d":{"lon":-1.70643868299124,"lat":48.090991620829456}}},{"type":"Feature","geometry":{"coordinates":[[-1.642715582122727,48.12233728815222],[-1.642298728047002,48.122251492148294]],"type":"LineString"},"properties":{"objectid":11,"ligne":"b","ordre":28,"ouvrage":"Zone de transition","exploitation":"Desserte voyageurs","longueur":32.46476977,"geo_point_2d":{"lon":-1.6425071550848647,"lat":48.12229439015026}}},{"type":"Feature","geometry":{"coordinates":[[-1.667660882698667,48.086560354301454],[-1.660572529858572,48.0864407865548]],"type":"LineString"},"properties":{"objectid":41,"ligne":"a","ordre":29,"ouvrage":"Tranch\u00e9e couverte","exploitation":"Desserte voyageurs","longueur":528.20874776,"geo_point_2d":{"lon":-1.6641167062786195,"lat":48.08650057042813}}},{"type":"Feature","geometry":{"coordinates":[[-1.651418687881632,48.123652612404065],[-1.651415351058328,48.12363803224977],[-1.651409992199808,48.12361588212586],[-1.651404320257864,48.12359376719022],[-1.651398306137956,48.12357169312475],[-1.651391918063766,48.12354966571982],[-1.65138512450203,48.123527693459124],[-1.651377899121143,48.12350578281386],[-1.65137020912802,48.12348394321969],[-1.651362027093233,48.12346218389535],[-1.651353322986575,48.12344051506583],[-1.651299005228342,48.1233291123914],[-1.651230123579479,48.12322137939347],[-1.651147224651351,48.12311816796549],[-1.651050962156931,48.12302029412843],[-1.65094209634159,48.12292853174761],[-1.650821489229803,48.122843604616556],[-1.650690093816121,48.12276618599439],[-1.650548947567557,48.12269688625521],[-1.650399167141587,48.12263625400416],[-1.650241935509587,48.122584767588926],[-1.650078496514263,48.12254283442003],[-1.649910140977525,48.12251078612747],[-1.649738198334417,48.12248887529584],[-1.649564029932238,48.12247727573602],[-1.649389011279116,48.12247607959948],[-1.649214526441689,48.122485294901914],[-1.649041952282567,48.12250484976499],[-1.648872654117961,48.122534588987534],[-1.648840732219963,48.12254142169932],[-1.648808978411512,48.1225485963146],[-1.648777390830177,48.122556092184574],[-1.648745964769934,48.12256388697329],[-1.648714695686704,48.122571960140334],[-1.648683577533684,48.122580289403935],[-1.648652603166092,48.12258885522984],[-1.648621762514575,48.122597635498856],[-1.648591047174503,48.122606611628726],[-1.648560447157569,48.122615762397984],[-1.648529952556451,48.12262506748296],[-1.648499549522166,48.12263450762036],[-1.648469226806596,48.122644062540694],[-1.648438971982661,48.12265371382421],[-1.648408772542374,48.12266344215336],[-1.648378613215071,48.122673227421195],[-1.648348482914664,48.122683051153714],[-1.648318365029678,48.122692893298186],[-1.648051217101039,48.12278023371766],[-1.648017451910238,48.122791268402516],[-1.647983675861908,48.12280228729673],[-1.647949875107464,48.12281327113684],[-1.647916036122102,48.12282420425049],[-1.647882149322791,48.12283506990496],[-1.64784820228287,48.12284584968032],[-1.64781418147764,48.12285652790417],[-1.647780079763153,48.122867085042046],[-1.647745882354821,48.122877506373456],[-1.647711580686952,48.12288777152033],[-1.647677165338598,48.12289786554541],[-1.647642626403261,48.12290776812477],[-1.647607956979998,48.12291746241722],[-1.64757314732427,48.12292692989436],[-1.647538190373363,48.12293615191941],[-1.647503081827326,48.122945110645],[-1.647467814461698,48.122953785638764],[-1.647432385398455,48.12296215989693],[-1.647396790014101,48.12297021198096],[-1.64736102677162,48.12297792483289],[-1.647142053116664,48.123016766278724],[-1.646918733810006,48.12304220134379],[-1.646692895494739,48.12305402375438],[-1.646466385260659,48.123052134551095],[-1.646241057956305,48.123036550711056],[-1.646203938673226,48.12303265298308],[-1.646166906003236,48.12302840213696],[-1.646129964327869,48.12302381691785],[-1.646093111324129,48.12301891634178],[-1.646056350113449,48.123013720105824],[-1.646019677031807,48.123008247280204],[-1.64598309251873,48.12300251767034],[-1.64594659408918,48.12299654849666],[-1.64591017547809,48.12299035983546],[-1.645873835703014,48.122983970648576],[-1.64583756825607,48.122977398318895],[-1.645801368212922,48.12297066286854],[-1.645765229065594,48.12296378168042],[-1.645729143126953,48.12295677398713],[-1.645693106570711,48.12294965706327],[-1.64565710902786,48.12294245024977],[-1.645621143990217,48.12293517092947],[-1.645585203689574,48.12292783743724],[-1.645549280276768,48.12292046721005],[-1.645513363382598,48.12291307958882],[-1.642715582122727,48.12233728815222]],"type":"LineString"},"properties":{"objectid":4,"ligne":"b","ordre":27,"ouvrage":"Tunnel","exploitation":"Desserte voyageurs","longueur":739.74406166,"geo_point_2d":{"lon":-1.6472754012337878,"lat":48.1227768451385}}},{"type":"Feature","geometry":{"coordinates":[[-1.700783965788692,48.121241811630874],[-1.700773616432769,48.12124189765789],[-1.700763132915658,48.12124198826677],[-1.700752783559666,48.12124207429189],[-1.70074243420364,48.12124216031611],[-1.70073194250122,48.1212421611478],[-1.700721593226994,48.12124224806789],[-1.700711109709718,48.12124233867201],[-1.700700753509219,48.121242334863325],[-1.700690404153053,48.12124242088285],[-1.700679913873226,48.12124242255275],[-1.700669564517007,48.12124250857041],[-1.700659074237157,48.1212425102384],[-1.700648718036628,48.12124250642505],[-1.70063836868034,48.12124259243989],[-1.700627876977832,48.12124259326211],[-1.700617520777286,48.12124258944595],[-1.700607157732552,48.1212424957997],[-1.700596667452706,48.121242497462006],[-1.700586311252181,48.12124249364304],[-1.700575948207523,48.121242399993974],[-1.700565457845847,48.121242400755705],[-1.700555094801247,48.12124230710477],[-1.70054473183853,48.121242214350644],[-1.700534234632827,48.121242125280375],[-1.700523870247544,48.12124203168145],[-1.700513500359067,48.12124184819761],[-1.700503137314672,48.12124175454201],[-1.700492633346993,48.121241576536534],[-1.700482263458716,48.121241393049885],[-1.700471893570514,48.12124120956231],[-1.700461523682389,48.121241026073804],[-1.700451147032264,48.121240753652955],[-1.700440636139223,48.12124048491584],[-1.700430259407467,48.12124021159536],[-1.700419880076087,48.12123993928129],[-1.70040949650071,48.12123957612975],[-1.700399119851149,48.121239303704215],[-1.700388736276047,48.121238940550846],[-1.700378345775451,48.12123848666962],[-1.700367962282505,48.121238124412095],[-1.700357570523311,48.12123767148155],[-1.700347180105092,48.12123721849526],[-1.700336789768901,48.121236766405765],[-1.700326392507347,48.121236223588426],[-1.700315993905216,48.12123568082495],[-1.700305729546329,48.12123513437604],[-1.700295332285428,48.121234591555904],[-1.700284928181122,48.12123395890566],[-1.700274524158915,48.121233327152225],[-1.700264246031908,48.12123260014352],[-1.700253835084807,48.12123187766129],[-1.700243558381018,48.12123115149369],[-1.70023314609371,48.121230429064404],[-1.70022286254698,48.121229613065786],[-1.700212570734438,48.12122870639413],[-1.700202285765742,48.121227889550745],[-1.700191861215375,48.121226988302304],[-1.700174116766477,48.12122534726343],[-1.700163818112228,48.121224350758254],[-1.700153514037614,48.12122326526591],[-1.700145248249865,48.12122246861768],[-1.700135070153015,48.12122128876725],[-1.700124765997777,48.12122020237458],[-1.700114453740689,48.12121902710438],[-1.700104276904174,48.121217846298684],[-1.700094091884039,48.12121657571771],[-1.700083774044052,48.121215309663036],[-1.700073589106763,48.12121403997798],[-1.700063397244897,48.12121267956512],[-1.700053205465407,48.12121132004907],[-1.700043013604615,48.1212099596344],[-1.700032814901174,48.12120850938964],[-1.700022617539098,48.12120705908918],[-1.700012418918641,48.12120560974035],[-1.700002213373789,48.12120406966369],[-1.699992143413298,48.12120252584718],[-1.699981937869658,48.12120098576872],[-1.699971866487742,48.1211994411075],[-1.69996165552489,48.121197812041004],[-1.699951577301159,48.12119617754882],[-1.699941499159904,48.12119454395348],[-1.699931419596655,48.12119290951433],[-1.69992133453185,48.1211911851903],[-1.699911250808513,48.12118946081059],[-1.699901165826889,48.12118773738255],[-1.699891074003007,48.12118592412441],[-1.699880988859078,48.121184198899115],[-1.699871031197673,48.12118238105746],[-1.699860939294061,48.12118056689895],[-1.699850848813785,48.1211787535825],[-1.699840884229811,48.121176845011306],[-1.699830792328337,48.121175030850154],[-1.699820827827657,48.12117312317497],[-1.699810863245882,48.121171214601176],[-1.699800763162996,48.121169310662985],[-1.699790798664532,48.12116740298519],[-1.699780834084967,48.12116549440881],[-1.699770862745253,48.121163496900095],[-1.699760891324475,48.121161498492775],[-1.699750926747156,48.1211595899138],[-1.69974095540974,48.12115759240249],[-1.69973098399126,48.12115559399257],[-1.699721013914346,48.12115359552701],[-1.699711042579245,48.12115159801312],[-1.699701064320479,48.121149509771406],[-1.69969109298694,48.121147512255796],[-1.699681121572338,48.121145513841554],[-1.699671277476957,48.12114342101573],[-1.699661299303214,48.12114133366833],[-1.699651326550166,48.12113933530629],[-1.699641348296189,48.121137247059416],[-1.699631504285831,48.12113515512793],[-1.699621532875923,48.12113315670853],[-1.699611554624343,48.121131068459064],[-1.699601576455405,48.12112898110647],[-1.6995917323664,48.12112688827385],[-1.69958175411724,48.121124800021796],[-1.699573695176446,48.121123186604535],[-1.69956371701056,48.121121099248654],[-1.699553872924596,48.12111900641279],[-1.699543894678488,48.12111691815744],[-1.699533916515021,48.12111483079899],[-1.69952407243146,48.12111273796058],[-1.699514101111872,48.1211107404296],[-1.699504122868971,48.12110865217081],[-1.699494278787797,48.12110655932986],[-1.699484307470554,48.1211045617963],[-1.699474329148222,48.121102472637176],[-1.699464356491751,48.121100475156695],[-1.699454512495577,48.121098383210075],[-1.699444541099624,48.12109638477533],[-1.699434569704443,48.12109438633971],[-1.699424591549749,48.12109229897177],[-1.69941462015613,48.12109030053443],[-1.699404648845111,48.12108830299398],[-1.699394684295093,48.12108639438414],[-1.699384712903773,48.121084395944216],[-1.699374741595051,48.121082398401164],[-1.69936477696545,48.12108048889098],[-1.699354671497401,48.12107849592736],[-1.699344707032952,48.12107658821094],[-1.699334742487415,48.12107467959591],[-1.699324777942611,48.12107277098],[-1.699314686079621,48.121070956773565],[-1.699304721618106,48.12106904905368],[-1.699294629838379,48.12106723574324],[-1.699284672056533,48.12106541605535],[-1.69927458027822,48.12106360274314],[-1.699264488500613,48.12106178943006],[-1.699254396641893,48.121059975218344],[-1.699244313048288,48.12105825167792],[-1.699234227950917,48.121056526395925],[-1.699224143017871,48.12105480290853],[-1.69921405800367,48.12105307852251],[-1.699203979913693,48.12105144486257],[-1.699193903083319,48.121049810249225],[-1.699183823572002,48.12104817574458],[-1.699173611323149,48.12104654666294],[-1.699163539995556,48.12104500193094],[-1.699153335930395,48.121043462621955],[-1.699143264522183,48.12104191699046],[-1.699133059117444,48.12104037773446],[-1.699122861813864,48.12103892735427],[-1.699112797412657,48.12103747334483],[-1.699102471532027,48.121036118325456],[-1.699092408309086,48.12103466246396],[-1.699082082429553,48.121033307442765],[-1.699071897470989,48.12103203677132],[-1.699061712594752,48.12103076699672],[-1.699051527637191,48.12102949632347],[-1.699041209941991,48.121028231073076],[-1.699031031826851,48.12102705022726],[-1.699020720892218,48.12102587390652],[-1.69901041545865,48.121024787468876],[-1.699002136119411,48.1210238119778],[-1.698991838868781,48.12102281531297],[-1.698981533518253,48.12102172977048],[-1.698971236268438,48.12102073310381],[-1.698960944601346,48.12101982721799],[-1.698950654193585,48.12101892037872],[-1.698940229543631,48.12101801722146],[-1.698929936536835,48.121017111387644],[-1.698919652971384,48.121016294374854],[-1.698909242168549,48.121015572668774],[-1.698898964104129,48.12101484553818],[-1.698888553220058,48.12101412293247],[-1.698878276578824,48.12101339664299],[-1.698867871195677,48.12101276391945],[-1.698857473994687,48.12101222096945],[-1.698847204195368,48.12101158450646],[-1.698836813835914,48.121011131383845],[-1.69882641529479,48.12101058848583],[-1.698816023676748,48.121010136313885],[-1.698805633317856,48.12100968318846],[-1.698795249800153,48.12100931989136],[-1.698784866364412,48.12100895749108],[-1.69877448968797,48.12100868402136],[-1.698764111670847,48.12100841060549],[-1.6987536008339,48.12100814171436],[-1.698743231080518,48.121007958968846],[-1.698732861245396,48.12100777532464],[-1.698722498251222,48.12100768150877],[-1.69871199975557,48.121007592327146],[-1.698701636843289,48.121007499407156],[-1.698691280690052,48.12100749541774],[-1.698680790376089,48.121007496007756],[-1.698670434222855,48.12100749201647],[-1.698660084910393,48.12100757785352],[-1.698649608277913,48.12100775809923],[-1.698639258965363,48.12100784393442],[-1.698628782414571,48.12100802507598],[-1.698618446783328,48.121008290567815],[-1.698608111151977,48.12100855605873],[-1.69859764135978,48.121008826128985],[-1.698587312650673,48.121009182345055],[-1.698576849698867,48.12100954224269],[-1.698566527748266,48.121009987388426],[-1.698556071636739,48.12101043711345],[-1.69854575102657,48.12101088220254],[-1.698535301755233,48.12101142175495],[-1.698524986644432,48.12101195672622],[-1.698514537372663,48.121012496276755],[-1.698504230524535,48.12101312191842],[-1.698493927753246,48.121013836600255],[-1.698483485321234,48.12101446597724],[-1.698473192071416,48.12101527037693],[-1.698462890640061,48.12101598500121],[-1.698452461888054,48.12101679403394],[-1.698442168637289,48.12101759843087],[-1.698431880967596,48.12101849360868],[-1.698421459054956,48.12101939246788],[-1.698411179483863,48.12102037652059],[-1.698400898489781,48.121021359729426],[-1.698390618917906,48.12102234378031],[-1.698380344926946,48.121023418612076],[-1.698370070853748,48.12102449254519],[-1.698359796780122,48.121025566477385],[-1.698349530887091,48.12102673018316],[-1.698339270493022,48.121027983772095],[-1.698329004599047,48.12102914747605],[-1.698318744203995,48.121030401063145],[-1.698308626150228,48.12103173984392],[-1.698298372594311,48.121033083258496],[-1.698288120378653,48.12103442661738],[-1.698278007822618,48.12103585527952],[-1.698267762445971,48.12103728846589],[-1.6982576512296,48.12103871707147],[-1.69824754551194,48.12104023556022],[-1.698237306973615,48.12104175857316],[-1.698227208012969,48.12104336599169],[-1.698217109215316,48.12104497520481],[-1.698207018434191,48.121046672396076],[-1.698196920894244,48.12104828065492],[-1.698186835774586,48.12105006952397],[-1.69817674499147,48.12105176671258],[-1.698166661129415,48.12105355462735],[-1.698156582765774,48.12105543242531],[-1.698146639903095,48.12105730558787],[-1.698136562796974,48.12105918243155],[-1.698126620014653,48.12106105649013],[-1.698116683907828,48.12106301858166],[-1.698106619220148,48.12106507603384],[-1.698096683193595,48.12106703902137],[-1.698086754006068,48.12106909183735],[-1.69807683157571,48.12107123358404],[-1.698066909226334,48.12107337622763],[-1.698057121037092,48.1210755142907],[-1.698047204184997,48.121077746816646],[-1.698037288672833,48.121079979286975],[-1.69802750723899,48.121082206279084],[-1.698017732725768,48.12108452399744],[-1.698007824050676,48.121086846294524],[-1.697998056375319,48.12108925384049],[-1.697988287276459,48.12109166054266],[-1.697978653678497,48.121094062609686],[-1.6979688929218,48.12109656088024],[-1.697959132000551,48.121099057354456],[-1.697949512160746,48.12110163997541],[-1.697938966789897,48.121104433412896],[-1.697929347029885,48.1211070169299],[-1.697919733944798,48.121109688479905],[-1.697910120858719,48.121112360029116],[-1.697900507853445,48.121115032475274],[-1.69789090160482,48.12111779385218],[-1.697881429598065,48.12112055154661],[-1.697871823429193,48.12112331381968],[-1.697862358259803,48.12112616134184],[-1.69785289434836,48.121129007910724],[-1.697843436016247,48.12113194526063],[-1.697833970761907,48.12113479188271],[-1.697824512427657,48.12113772923109],[-1.697815060849848,48.12114075551024],[-1.697805602513428,48.121143692857046],[-1.697796286435383,48.12114671450054],[-1.69778696909725,48.121149737095806],[-1.697777518855834,48.1211527633171],[-1.697768208354751,48.12115587574014],[-1.697758897770745,48.12115898726471],[-1.697749587267418,48.121162099686245],[-1.697740276681164,48.121165211209295],[-1.697731107094198,48.121168407981656],[-1.697721804767449,48.121171610175494],[-1.697712635178202,48.12117480694637],[-1.697703331508359,48.12117800919349],[-1.697694168755942,48.12118129579221],[-1.697684999245062,48.121184493458635],[-1.697675837831123,48.12118778000114],[-1.69766667515702,48.1211910674954],[-1.697657512318154,48.12119435319346],[-1.697648356480752,48.12119773051561],[-1.697639195062131,48.12120101705517],[-1.69763003922235,48.121204394375845],[-1.697620883381369,48.121207771695794],[-1.697611861536953,48.121211142640405],[-1.697602707034382,48.121214519904136],[-1.697593685269393,48.12121789174507],[-1.697584537603365,48.12122135883667],[-1.697575515835994,48.121224730676175],[-1.69756650224714,48.12122819228953],[-1.697557487398072,48.12123165485467],[-1.697548331465716,48.12123503127108],[-1.697539316614237,48.1212384938348],[-1.697530302938756,48.12124195454757],[-1.697521288084861,48.12124541710988],[-1.69751227998676,48.121248968603076],[-1.69750326647123,48.121252431109205],[-1.697494251531896,48.12125589277164],[-1.69748524343011,48.12125944426271],[-1.697476362731637,48.12126290224253],[-1.697467355886401,48.12126645277967],[-1.697458341024005,48.12126991533703],[-1.697449334339894,48.12127346766826],[-1.697440320734068,48.1212769292717],[-1.697431312624902,48.12128048075853],[-1.697422431837402,48.12128393783642],[-1.697411990402906,48.12128807950857],[-1.69740297553302,48.12129154206157],[-1.697393967418734,48.12129509354547],[-1.697385087967018,48.12129855056571],[-1.697376079850279,48.1213021020482],[-1.697367064975535,48.121305564598394],[-1.697358058197129,48.12130911602471],[-1.697349043238157,48.12131257767574],[-1.697340035198285,48.12131613005316],[-1.697331154398542,48.12131958712397],[-1.697322147615218,48.12132313854748],[-1.69731313265139,48.12132660019568],[-1.697304117768146,48.12133006274093],[-1.697295105565289,48.12133352517594],[-1.697285956354329,48.12133699050302],[-1.697276941467446,48.12134045304613],[-1.697267926497564,48.12134391469078],[-1.697258912949061,48.12134737717771],[-1.697249891056608,48.12135074809385],[-1.697240742003142,48.121354215212826],[-1.69723172027189,48.121357587923036],[-1.697222706636781,48.12136104950938],[-1.697213550741367,48.12136442679682],[-1.697204394681171,48.12136780228804],[-1.697195372945169,48.1213711749954],[-1.697186211466924,48.12137446149881],[-1.697177055566743,48.12137783878334],[-1.697168026988977,48.12138112165921],[-1.697158870922842,48.12138449714679],[-1.697149709521702,48.121387784545036],[-1.697140412534941,48.12139107567813],[-1.697131242952496,48.12139427330031],[-1.697122081466067,48.121397559798595],[-1.697112777719442,48.12140076199784],[-1.697103609392577,48.12140395866531],[-1.697094305643653,48.12140716086305],[-1.697085135891916,48.121410356686056],[-1.697075825302628,48.12141346905296],[-1.697066514630424,48.121416580521355],[-1.697057205379692,48.121419692831985],[-1.697047894787033,48.12142280519662],[-1.697038577273463,48.12142582683341],[-1.697029125678613,48.1214288539456],[-1.697019808162853,48.12143187558086],[-1.697010356565797,48.121434902691526],[-1.697001032209904,48.121437834495886],[-1.696991575113535,48.121440771720884],[-1.696982116593501,48.121443708102134],[-1.696972651316286,48.12144655555096],[-1.69696318595624,48.12144940210128],[-1.696953586433109,48.12145225322915],[-1.696944121234541,48.12145510157339],[-1.696934514871472,48.121457862870315],[-1.696925042751224,48.12146062048586],[-1.696915429548315,48.121463291951834],[-1.696905816426194,48.121465964314744],[-1.696896203221295,48.1214686357791],[-1.696885002087855,48.12147163341072],[-1.696875382043094,48.121474215043975],[-1.696865627917046,48.121476802152415],[-1.696856001032661,48.121479293954685],[-1.696846240067006,48.121481791232114],[-1.696836472262747,48.12148419867935],[-1.69682670437579,48.121486605228],[-1.696816936651495,48.121489013571335],[-1.696807160584306,48.12149133034373],[-1.696797385938825,48.12149364795826],[-1.696787470292722,48.12149588032076],[-1.696777688726155,48.12149810720651],[-1.696767771737543,48.121500339622074],[-1.696757849251351,48.12150248215265],[-1.696747926682549,48.12150462378462],[-1.69673813835691,48.12150676173538],[-1.696728073527768,48.12150881906687],[-1.696718144119059,48.1215108708669],[-1.696708208035685,48.1215128346322],[-1.696698271787989,48.12151479660113],[-1.696688201540874,48.12151676494275],[-1.696678257113467,48.121518637135345],[-1.696668179945685,48.121520514748084],[-1.696658095858034,48.12152230163281],[-1.696648146095501,48.121524085734166],[-1.696638060747434,48.12152587356963],[-1.696627969820389,48.12152757062235],[-1.696617879056246,48.12152926946968],[-1.696607786787071,48.12153096657538],[-1.696597689102566,48.1215325746938],[-1.696587450499695,48.12153409845763],[-1.696577350050556,48.121535705786044],[-1.696567245526978,48.121537224072405],[-1.696557000003327,48.121538657106385],[-1.696546887300605,48.12154008561635],[-1.696536641775821,48.121541518648534],[-1.696526522234844,48.12154285732732],[-1.696516269790056,48.12154419963054],[-1.69650601750829,48.121545543728345],[-1.69649589112866,48.12154679257506],[-1.696485631927012,48.12154804594391],[-1.69647536454702,48.121549209537235],[-1.696465098425596,48.12155037217715],[-1.69645483112646,48.12155153666636],[-1.696444556908093,48.12155261042754],[-1.696434275852331,48.12155359435841],[-1.696424001633129,48.12155466811777],[-1.696413721917373,48.12155565199205],[-1.696403299861141,48.12155655066848],[-1.696393013307716,48.12155744471152],[-1.696382725413132,48.121558338808406],[-1.696372437518187,48.12155923290435],[-1.696362009964477,48.12156004169291],[-1.696351708395184,48.121560756128225],[-1.696341406907382,48.12156147146037],[-1.696330971175137,48.121562190471465],[-1.696320662768211,48.1215628150746],[-1.696310220198653,48.121563444254434],[-1.696299913132032,48.121564068800964],[-1.696289597887642,48.12156460357193],[-1.696279148480638,48.12156514291952],[-1.696269497211108,48.121565564971476],[-1.696259175211209,48.12156601080807],[-1.696248720307766,48.12156646026875],[-1.696238391389104,48.12156681537633],[-1.696227928307898,48.121567175060484],[-1.696217591211548,48.12156744039155],[-1.696207121293497,48.12156771024441],[-1.696196785537744,48.12156797551885],[-1.696186315701244,48.12156824626756],[-1.696175973108752,48.12156842171073],[-1.696165625020494,48.12156850726881],[-1.696155148265468,48.12156868728754],[-1.696144798836316,48.121568772898506],[-1.696134308408267,48.12156877325653],[-1.696123958979062,48.121568858865615],[-1.696113601454378,48.12156885559687],[-1.696103111026311,48.12156885595204],[-1.696092747924283,48.12156876189951],[-1.696082391658655,48.121568757675455],[-1.696071894394269,48.12156866819837],[-1.696061524537787,48.12156848521136],[-1.696051161517681,48.12156839205284],[-1.696040791579557,48.12156820816622],[-1.69603028613828,48.12156802891068],[-1.696019914859496,48.121567845076925],[-1.696009538085361,48.12156757135808],[-1.695999161311338,48.121567297638286],[-1.695988784537424,48.121567023917564],[-1.695978407845391,48.12156675109366],[-1.695968031071698,48.12156647737107],[-1.69595751329955,48.12156611839531],[-1.695947129771738,48.12156575573916],[-1.695936744821499,48.12156539223909],[-1.695926361212214,48.12156502868332],[-1.695915976262268,48.12156466518137],[-1.695905585898991,48.12156421269205],[-1.695895195454131,48.12156375930405],[-1.695884946007887,48.12156339116744],[-1.695874413305917,48.12156285347775],[-1.695864157024023,48.121562395509855],[-1.69585376657989,48.12156194211812],[-1.695843376217711,48.1215614896232],[-1.695832977597211,48.1215609464549],[-1.695822587153644,48.12156049306036],[-1.695812188615336,48.12155995078794],[-1.695801791336282,48.12155940756208],[-1.695791528219868,48.121558859758295],[-1.695781129682211,48.12155831748308],[-1.695770732403814,48.12155777425441],[-1.695760335043873,48.12155723012707],[-1.69574993784768,48.12155668779429],[-1.69573966655579,48.1215560502112],[-1.695729269278285,48.1215555069788],[-1.695718872082766,48.121554964643195],[-1.695708466629187,48.121554331634236],[-1.695698202173965,48.12155378387687],[-1.69568779814345,48.121553151709044],[-1.695677400867075,48.12155260847196],[-1.69565957021849,48.12155160101814],[-1.695345497066177,48.12153367393531],[-1.695328612402401,48.121532724224394],[-1.695311726316681,48.121531773667975],[-1.695294707409999,48.12153082763074],[-1.695277824007137,48.12152987695987],[-1.695260939345848,48.121528927239005],[-1.695243920441038,48.12152798119427],[-1.695227035780992,48.12152703146844],[-1.695210151039812,48.12152608084238],[-1.695193138971672,48.1215252246196],[-1.695176261148241,48.121524364715775],[-1.695159242246484,48.12152341865853],[-1.695142364342449,48.121522557852],[-1.695125360452091,48.12152179139394],[-1.695108482630908,48.121520931480184],[-1.695091477400782,48.12152016507186],[-1.695074606333541,48.12151939408485],[-1.695057601186176,48.12151862856929],[-1.695040604132909,48.121517951928176],[-1.695023739983413,48.12151727166094],[-1.69500674159023,48.121516595069586],[-1.694989743279245,48.121515919373444],[-1.694970189049082,48.12151524079006],[-1.694953204326044,48.12151474384975],[-1.694936219603329,48.12151424690693],[-1.694919236303503,48.12151375080462],[-1.69490225149969,48.121513252959026],[-1.694885273612226,48.121512845838176],[-1.694868303981826,48.12151252938731],[-1.694851332929076,48.12151221209094],[-1.694834363217342,48.121511894737324],[-1.694817399080907,48.12151166816317],[-1.694800300700488,48.121511445264616],[-1.694783336482605,48.12151121778771],[-1.694766380439736,48.12151108008305],[-1.694749424478705,48.121510943273655],[-1.694732339766824,48.121510900023985],[-1.694715389217363,48.12151085219607],[-1.694698440008739,48.12151080431089],[-1.694681362294352,48.12151085267866],[-1.694664419919643,48.12151089461797],[-1.694647484378759,48.1215110263843],[-1.694630413334582,48.121511162778496],[-1.694613476452719,48.121511294594555],[-1.694596413582936,48.12151152075848],[-1.694579484957156,48.12151174324205],[-1.694564842421553,48.12151197602729],[-1.694547919206616,48.1215122874927],[-1.69453086316987,48.12151260347643],[-1.69451394812895,48.12151300471163],[-1.694496898925352,48.12151341051983],[-1.694479989376657,48.121513901634266],[-1.694462940172494,48.12151430743742],[-1.694446032127477,48.12151480028765],[-1.694428989756228,48.12151529591529],[-1.694412087039715,48.12151587684928],[-1.694395051501198,48.1215164623014],[-1.694378148783924,48.1215170432304],[-1.694361114585442,48.12151762862279],[-1.694344211867404,48.121518209546814],[-1.694327183160644,48.121518884818414],[-1.694310288697626,48.12151955640998],[-1.694293251815932,48.12152014190178],[-1.694276358611132,48.12152081253589],[-1.694259328561818,48.1215214878522],[-1.694242434015328,48.12152215853606],[-1.694225410798247,48.12152292367687],[-1.694208516250846,48.12152359435576],[-1.694191623125551,48.12152426587518],[-1.69418264123642,48.12152466403356],[-1.693703422704693,48.121544322746914]],"type":"LineString"},"properties":{"objectid":57,"ligne":"a","ordre":7,"ouvrage":"Viaduc","exploitation":"Desserte voyageurs","longueur":543.38089415,"geo_point_2d":{"lon":-1.6972510677451746,"lat":48.121327921689904}}},{"type":"Feature","geometry":{"coordinates":[[-1.693703422704693,48.121544322746914],[-1.693096840081479,48.121569204053756]],"type":"LineString"},"properties":{"objectid":58,"ligne":"a","ordre":8,"ouvrage":"Station","exploitation":"Desserte voyageurs","longueur":45.24090217,"geo_point_2d":{"lon":-1.693400131393086,"lat":48.121556763400335}}},{"type":"Feature","geometry":{"coordinates":[[-1.687399402258404,48.11803112600087],[-1.687285484862961,48.117970802831294],[-1.687275850165167,48.117965700758795],[-1.687266214128555,48.11796059874012],[-1.687256578093849,48.11795549672066],[-1.687246939624441,48.117950397502916],[-1.687237299897824,48.11794529923677],[-1.687227658914006,48.117940201922224],[-1.687215603929982,48.11793383335954],[-1.687205955477396,48.11792874265531],[-1.687196303167774,48.11792365390971],[-1.687186647164336,48.11791856891827],[-1.687176988726192,48.11791348672856],[-1.687167322735289,48.11790841025244],[-1.687157653050567,48.11790333753047],[-1.687147978412917,48.11789826951502],[-1.687138297481611,48.11789320626075],[-1.687128610256654,48.11788814776768],[-1.687118914219826,48.11788309594059],[-1.687109213474894,48.117878051513266],[-1.687099503918084,48.11787301375196],[-1.687089786808502,48.1178679817042],[-1.687080059546324,48.11786295637706],[-1.687070324976201,48.11785793945674],[-1.687060580335088,48.11785293015482],[-1.687050827208524,48.117847931109864],[-1.687041062670245,48.11784293973792],[-1.687031286883465,48.11783795783448],[-1.687021502448011,48.117832984392514],[-1.687011706927268,48.11782802221456],[-1.687001897558185,48.11782307051215],[-1.6869920770222,48.117818129176],[-1.686982246660029,48.11781319815146],[-1.686972399849684,48.11780827860951],[-1.686962540776533,48.1178033721817],[-1.686952667936635,48.117798477127174],[-1.686942781493204,48.11779359524145],[-1.686932881364634,48.117788725626745],[-1.686922965114299,48.11778387108562],[-1.686913035178814,48.117779028815534],[-1.686903090462276,48.117774201564366],[-1.686893129460749,48.11776938759126],[-1.686885645845733,48.11776578732181],[-1.686800272257304,48.11772561586088],[-1.686722575400001,48.11769047217082],[-1.686643975220983,48.1176562410968],[-1.686564494311708,48.1176229343313],[-1.686484157700028,48.11759056076432],[-1.686402989236076,48.11755913113603],[-1.68632101536959,48.11752865517961],[-1.686238258364769,48.1174991409968],[-1.686154744752538,48.11747059921858],[-1.686067727818642,48.117442154189554],[-1.686056634478139,48.11743861987017],[-1.686045531963698,48.11743510304413],[-1.686034416089996,48.11743160207984],[-1.686023288197742,48.11742811692261],[-1.68601215222746,48.11742464651083],[-1.68600100415702,48.11742119100836],[-1.685989846586238,48.11741774940821],[-1.685978679678293,48.11741432350584],[-1.685967503106811,48.11741090971029],[-1.685956316953382,48.11740750891926],[-1.685945123981003,48.117404121921254],[-1.685933920085954,48.11740074798244],[-1.685922710467884,48.117397385088736],[-1.685911491186248,48.1173940343018],[-1.685900266099992,48.11739069366224],[-1.68588903277246,48.11738736597257],[-1.68587779347712,48.11738404663475],[-1.685866547036434,48.11738073749893],[-1.685855294791108,48.11737743851047],[-1.68584403523725,48.11737414792847],[-1.685832771219452,48.11737086743921],[-1.685821501152236,48.11736759440405],[-1.685810226457892,48.11736432966609],[-1.685798946973246,48.117361071429826],[-1.685787662861464,48.11735782149078],[-1.685776375218494,48.11735457710104],[-1.685765082785211,48.117351339213],[-1.685753785643195,48.117348108724414],[-1.685742486147516,48.11734488193499],[-1.685731183039056,48.11734165979713],[-1.685719877658513,48.11733844225618],[-1.685708570005885,48.117335229312154],[-1.685697261340297,48.117332020012675],[-1.68568877637944,48.11732961565639],[-1.685677461502278,48.11732641201462],[-1.685666145448982,48.117323210221905],[-1.685654828382716,48.1173200120737],[-1.685643511317854,48.11731681392438],[-1.685632191817728,48.11731361857647],[-1.68562087365971,48.117310423172825],[-1.685609551562557,48.1173072288297],[-1.68394291661296,48.116836839138],[-1.683922770981585,48.1168311530281],[-1.683902625109996,48.116825464221385],[-1.68387744849264,48.11681834576659],[-1.683867378423713,48.11681549583665],[-1.683857310874188,48.11681264400109],[-1.683847244584922,48.1168097912123],[-1.683837179229704,48.11680693387921],[-1.683827116475444,48.11680407553829],[-1.683817054736791,48.11680121355084],[-1.683806995435992,48.116798348760035],[-1.683796937069252,48.116795479424965],[-1.683786882562618,48.11679260812967],[-1.683776830330739,48.116789732235496],[-1.683766780373623,48.11678685174246],[-1.683756734031965,48.116783966595925],[-1.683746688705929,48.11678107780289],[-1.683736648172952,48.11677818250625],[-1.683726611255437,48.116775282556134],[-1.683716576531149,48.1167723771094],[-1.683706546763024,48.11676946695456],[-1.683696520365727,48.116766549452976],[-1.683686498843051,48.11676362634557],[-1.683676480854303,48.11676069768692],[-1.683666466236389,48.11675776168153],[-1.68365645767071,48.116754818220194],[-1.68364645389811,48.11675186825526],[-1.683636453333264,48.116748909148086],[-1.683626460324447,48.11674594432584],[-1.683616470441839,48.11674296946362],[-1.683606486693024,48.116739988043186],[-1.683596508914914,48.116736998269054],[-1.683586536944415,48.11673399834572],[-1.683576571026175,48.11673099096644],[-1.683566610997101,48.1167279743357],[-1.683556658034802,48.1167249466034],[-1.683546712383919,48.11672191046279],[-1.683536771199977,48.116718864227586],[-1.683526837164369,48.116715807788566],[-1.683516911454703,48.11671273929562],[-1.683506993056467,48.11670966239439],[-1.683497081643494,48.116706573493836],[-1.683487178638019,48.11670347343713],[-1.683477284121597,48.116700363122014],[-1.6834673965089,48.11669723990984],[-1.683457518562872,48.11669410458914],[-1.683447648942819,48.11669095721453],[-1.683437789070988,48.11668779862917],[-1.683427936021362,48.11668462624899],[-1.683418093979114,48.1166814417057],[-1.683408260181325,48.116678244210775],[-1.683398437146293,48.11667503185945],[-1.683388622437272,48.116671807454225],[-1.683378818572568,48.11666856909041],[-1.683369026892878,48.11666531671337],[-1.683359243294589,48.11666204958917],[-1.683349471799779,48.11665876755401],[-1.683339711149313,48.116655471560236],[-1.683329961261647,48.11665216071012],[-1.683320223395941,48.11664883405128],[-1.683310497633747,48.1166454924815],[-1.683300785234215,48.116642135048394],[-1.683291082175278,48.11663876191581],[-1.683281393819712,48.11663537286531],[-1.683271717404599,48.116631967108354],[-1.683262054270633,48.11662854459035],[-1.683252402995592,48.116625104468156],[-1.68324276650549,48.11662164932581],[-1.683233144474167,48.11661817557231],[-1.68322353572402,48.116614685057755],[-1.68321394151421,48.11661117682984],[-1.683204363185431,48.11660765083391],[-1.683194798056311,48.11660410717922],[-1.6831852487267,48.11660054485877],[-1.683175713855912,48.1165969639272],[-1.683166196043798,48.11659336337754],[-1.683156694194288,48.11658974595764],[-1.683147207899699,48.11658610717876],[-1.683137737486192,48.116582450631924],[-1.683128285390537,48.116578773514654],[-1.683118850353595,48.11657507677931],[-1.68310943229383,48.11657135952815],[-1.683095321127246,48.11656576633166],[-1.683034884328243,48.1165409826304],[-1.682985507808479,48.11651984748103],[-1.68293669160615,48.11649813983671],[-1.682888446855352,48.11647586375015],[-1.682840791882744,48.11645302838765],[-1.682793737903777,48.11642963869967],[-1.682747301822711,48.116405703009384],[-1.682701496358577,48.116381228008244],[-1.682656335734067,48.11635622212858],[-1.682611833927182,48.11633069110954],[-1.682568003901278,48.116304644335855],[-1.682524859878757,48.11627809023992],[-1.682482414496669,48.11625103461547],[-1.682440680799597,48.116223487745046],[-1.682399670246775,48.11619545727246],[-1.682359398400909,48.11616695157558],[-1.682319875461883,48.11613797925059],[-1.682281113051699,48.11610854973689],[-1.682243122792259,48.11607867247382],[-1.682205918823681,48.11604835499608],[-1.682166151604429,48.116014719586936],[-1.682159462832325,48.11600892949093],[-1.682152802415318,48.11600312562501],[-1.682146167509012,48.11599730630278],[-1.682139561039318,48.11599147410838],[-1.682132981584037,48.115985628198615],[-1.682126430565355,48.11597976941669],[-1.682119902539051,48.11597389708318],[-1.682113401608664,48.1159680119321],[-1.68210692785571,48.1159621148612],[-1.682100479857993,48.11595620502732],[-1.68209405619331,48.11595028158729],[-1.682087655684023,48.115944346391224],[-1.682081281011477,48.11593839932994],[-1.682074932257188,48.115932441301226],[-1.682068606576763,48.11592647061871],[-1.682062304214758,48.11592048997569],[-1.682056026348801,48.11591449752208],[-1.682049770460576,48.115908495162536],[-1.682043538986879,48.11590248009464],[-1.682037329572424,48.115896456018596],[-1.682031142054173,48.1158904211389],[-1.682024976513639,48.11588437635331],[-1.682018832950819,48.1158783216618],[-1.682012711365712,48.115872257064424],[-1.682006609158479,48.11586618356809],[-1.682000529010467,48.11586010106361],[-1.681994470758633,48.1158540077555],[-1.681988430625511,48.11584790650079],[-1.68198241129244,48.11584179719032],[-1.681976409915032,48.11583567813771],[-1.681970429337671,48.115829551029364],[-1.681964468138158,48.11582341502206],[-1.681958525057336,48.115817271068174],[-1.681952600095203,48.11581111916771],[-1.681946691992592,48.115804960273],[-1.681940802008664,48.115798793431715],[-1.68193493022493,48.1157926195416],[-1.681929073960039,48.115786438711844],[-1.681923235813816,48.11578024993553],[-1.681917411845759,48.11577405427417],[-1.681911606159399,48.11576785246174],[-1.681905814651196,48.115761643764266],[-1.68190004008401,48.115755428970324],[-1.681894278435826,48.11574920824369],[-1.681888532306461,48.11574298057743],[-1.681882800518274,48.115736747821636],[-1.681877081649078,48.11573050913316],[-1.681871377121055,48.115724265355155],[-1.681865686852689,48.115718015589884],[-1.681860008244148,48.11571176084426],[-1.681854342636101,48.11570550106371],[-1.681848689947032,48.115699235350476],[-1.681843047577111,48.11569296471148],[-1.681837416948521,48.11568668998991],[-1.681831798142776,48.11568041208351],[-1.681826189574657,48.11567412835361],[-1.681820592747862,48.11566784054113],[-1.68181500498105,48.11566154875524],[-1.681809427696403,48.11565525383913],[-1.68180386073089,48.115648953997265],[-1.681798300225529,48.115642651188935],[-1.681792748861658,48.11563634530496],[-1.681787207979944,48.11563003629075],[-1.681781673476865,48.11562372341234],[-1.6817761467746,48.11561740751286],[-1.681770626532482,48.11561108864691],[-1.681765115431844,48.11560476670532],[-1.681759609532194,48.11559844274961],[-1.681754110255715,48.11559211762296],[-1.681748617357861,48.11558578863206],[-1.681743129660993,48.11557945762707],[-1.681737647246622,48.115573125505705],[-1.681732168611057,48.11556679052705],[-1.681726696517139,48.11556045347968],[-1.681721227024381,48.11555411542511],[-1.681715762732606,48.11554777535645],[-1.681710299782835,48.11554143523291],[-1.681704841952531,48.11553509219752],[-1.681696657890919,48.11552557753474],[-1.6816857540598,48.11551288827781],[-1.681674855515191,48.115500197903735],[-1.681663960753391,48.115487504671556],[-1.681656238211879,48.11547850825801],[-1.681648514413905,48.11546951279627],[-1.681638855983401,48.115458268618454],[-1.681634989557808,48.11545377287361],[-1.681631121710713,48.115449276285446],[-1.681627251345989,48.11544478160182],[-1.681623380981936,48.11544028691809],[-1.681619508018746,48.11543579324112],[-1.681615632537926,48.1154313014687],[-1.681611754294943,48.115426808907564],[-1.681607874874996,48.115422318196394],[-1.681603991433735,48.11541782764883],[-1.681600105556356,48.115413339903554],[-1.68159621573918,48.11540885321968],[-1.681592321982201,48.11540436759715],[-1.681588424366937,48.11539988393375],[-1.681584524071025,48.11539540037939],[-1.681580619916823,48.115390918784136],[-1.681576710563677,48.11538643920262],[-1.681572795930074,48.115381960737025],[-1.681568877438185,48.115377484230564],[-1.681564955088015,48.115373009683225],[-1.681561027620403,48.11536853804734],[-1.681557094953851,48.11536406842517],[-1.681553154407032,48.11535960092588],[-1.681549209920425,48.115355134487935],[-1.681545260316387,48.11535067096146],[-1.681541304172745,48.115346209503265],[-1.681537341571015,48.11534175101112],[-1.681533372511194,48.115337295485],[-1.681529398252438,48.115332841972595],[-1.681525416194934,48.11532839148081],[-1.681521427597833,48.1153239430573],[-1.681517431201988,48.11531949765441],[-1.681513427088911,48.115315056169905],[-1.68150941643624,48.11531061675367],[-1.681505396725677,48.11530618131039],[-1.681501370475525,48.1153017479354],[-1.681497335167484,48.11529731853335],[-1.681493292142211,48.11529289304969],[-1.681489240059054,48.11528847153896],[-1.681485180177162,48.11528405304886],[-1.681481109815222,48.11527963768853],[-1.681477030313888,48.11527522540339],[-1.681472943176841,48.11527081793438],[-1.681468845641255,48.11526641449287],[-1.681464738966283,48.11526201412659],[-1.681460622055791,48.115257619583346],[-1.681456497346576,48.1152532280607],[-1.681452360898169,48.115248840620154],[-1.681448214132739,48.115244458104904],[-1.681444055791139,48.11524008146727],[-1.681439886887996,48.115235707061636],[-1.681435707667836,48.11523133758128],[-1.681431516790003,48.11522697308079],[-1.681427315676658,48.11522261440332],[-1.681423101564989,48.115218260760294],[-1.681418877136305,48.11521391204255],[-1.681414640968447,48.11520956740688],[-1.681410393224434,48.115205228648826],[-1.681406132400591,48.11520089402746],[-1.681401858741442,48.11519656623602],[-1.681397572165481,48.11519224437676],[-1.68139327527252,48.1151879274428],[-1.681388964040587,48.11518361559782],[-1.681384639973358,48.11517931058278],[-1.681380301648667,48.11517501155451],[-1.681375950407175,48.11517071845841],[-1.681371586248884,48.115166431294476],[-1.681367209336804,48.11516215185825],[-1.681362818004263,48.11515787661326],[-1.681358412495776,48.11515360825277],[-1.681353992811347,48.115149346776796],[-1.681347331621844,48.11514296891719],[-1.681300217063702,48.11509911861127],[-1.68126501523168,48.11506774800614],[-1.68122900221096,48.11503679427374],[-1.681192186942565,48.115006266961245],[-1.681152454941374,48.114974514872095],[-1.681143960142366,48.11496787464491],[-1.681135428341203,48.11496125664828],[-1.681126860634033,48.1149546581343],[-1.681118258606017,48.11494808174172],[-1.681109623271797,48.114941523824854],[-1.681100953453736,48.11493498623385],[-1.681092254269934,48.11492846605707],[-1.681083523120585,48.114921964301445],[-1.681074764027651,48.11491548080326],[-1.68106597682813,48.11490901376693],[-1.681057162781172,48.114902562240175],[-1.68104832204978,48.11489612801848],[-1.681039457070752,48.1148897082994],[-1.681030569184742,48.114883303028385],[-1.681021661073047,48.11487691209625],[-1.68101272863222,48.11487053476897],[-1.681003777143363,48.114864169930485],[-1.680994805184324,48.1148578167376],[-1.6809858155994,48.114851476876666],[-1.680976809403246,48.1148451467021],[-1.680967786595862,48.11483882621386],[-1.680958749940043,48.114832516200586],[-1.680949697932143,48.114826214921315],[-1.680940631912812,48.11481992232147],[-1.680931557081644,48.11481363638724],[-1.680922468157549,48.11480735823467],[-1.680913371680765,48.11480108579537],[-1.680904265051499,48.11479482007624],[-1.680895152128694,48.114788559118054],[-1.68088603023106,48.11478230302995],[-1.680876904639684,48.11477605069587],[-1.680870056527531,48.114771362730735],[-1.680860921881487,48.11476511436843],[-1.680851784882345,48.11475886970557],[-1.680842645204124,48.11475262515113],[-1.680833504268962,48.114746381548265],[-1.680748910618435,48.11468860143571]],"type":"LineString"},"properties":{"objectid":74,"ligne":"a","ordre":13,"ouvrage":"Tunnel","exploitation":"Desserte voyageurs","longueur":636.01623064,"geo_point_2d":{"lon":-1.6839189245205033,"lat":48.116614545701935}}},{"type":"Feature","geometry":{"coordinates":[[-1.676511327927749,48.10539785606726],[-1.674906078427901,48.10508105124769],[-1.674892867515174,48.10507844279078],[-1.674879656766531,48.105075836127874],[-1.67486644837452,48.1050732257634],[-1.674853241242868,48.10507061444513],[-1.674836733395363,48.10506734349379],[-1.674823528133757,48.105064723085455],[-1.674810326487819,48.105062098023275],[-1.674797128376167,48.10505946740947],[-1.674783929614861,48.105056829612046],[-1.67477073715003,48.105054187051756],[-1.674757547812626,48.10505153445104],[-1.674744360343632,48.10504887276216],[-1.67473117750523,48.10504620277386],[-1.674718000475078,48.105043522636144],[-1.674704830430832,48.10504083049896],[-1.674691662092276,48.10503812747807],[-1.674678500576898,48.10503541066219],[-1.674665345966079,48.10503268094911],[-1.674652199518859,48.10502993738652],[-1.674639057132669,48.105027179240196],[-1.674625922828721,48.105024406346615],[-1.674612796362912,48.105021616012486],[-1.674599679075647,48.105018808183324],[-1.67458656954517,48.10501598201587],[-1.67457346785287,48.1050131384079],[-1.674560376516807,48.10501027545485],[-1.674547296796024,48.10500739220446],[-1.674534224587972,48.105004487922514],[-1.674521165091512,48.105001560595454],[-1.674508115869979,48.10499861302558],[-1.674495077938306,48.10499564156733],[-1.674482053895931,48.10499264521397],[-1.674469039803048,48.10498962502674],[-1.674456042198928,48.10498657893763],[-1.674443057062386,48.104983507110134],[-1.674430085571109,48.10498040769423],[-1.674417127887849,48.104977282485486],[-1.674404186286574,48.10497412688603],[-1.674394487528411,48.10497174952056],[-1.674300480115795,48.10494763659678],[-1.674235373689975,48.10492986622912],[-1.674170739429878,48.10491133774974],[-1.674106598094702,48.10489205752414],[-1.674042970199441,48.10487202922452],[-1.673979872563269,48.10485126027772],[-1.673917327366825,48.104829757892574],[-1.673855351184963,48.104807526802695],[-1.673793963517321,48.10478457432598],[-1.673733182604361,48.10476090873262],[-1.673673029123155,48.1047365354906],[-1.673613519973545,48.10471146292468],[-1.673554671973882,48.104685698461864],[-1.673496506044945,48.104659250263495],[-1.673439036324058,48.104632125865606],[-1.673382283813084,48.10460433432738],[-1.673326263989488,48.10457588313038],[-1.673270992493311,48.10454678155176],[-1.67321648890428,48.10451703780748],[-1.673162768943508,48.10448666207246],[-1.673109849509677,48.10445566267166],[-1.673057744983247,48.10442404983454],[-1.673003981787495,48.10439024000051],[-1.672994045069298,48.104383853412834],[-1.672984139992286,48.10437744481363],[-1.672974266637802,48.10437101510063],[-1.672964422406422,48.10436456528062],[-1.672954608638532,48.10435809529912],[-1.672944821312975,48.10435160531956],[-1.672935063273212,48.104345097028514],[-1.67292533041674,48.10433856969169],[-1.672915628267785,48.1043320248867],[-1.672905947525001,48.104325463892685],[-1.672896293631262,48.104318887389475],[-1.672886662402737,48.10431229374499],[-1.672877054083449,48.10430568565256],[-1.672867469932434,48.10429906215992],[-1.672857907431616,48.104292425171565],[-1.672848363981565,48.10428577569426],[-1.672838839500941,48.104279112830206],[-1.672829335411469,48.1042724374227],[-1.67281984911372,48.10426575047849],[-1.672810379429995,48.104259053847606],[-1.67280092895971,48.104252346523275],[-1.672791490919622,48.104245627880175],[-1.672782069656236,48.10423890134593],[-1.67277266098572,48.10423216528845],[-1.672763264989422,48.104225420605495],[-1.672753883170391,48.10421866903812],[-1.672744511507493,48.10421191074978],[-1.672735151259763,48.10420514478823],[-1.672725798650077,48.10419837401019],[-1.672716456277855,48.104191597408956],[-1.672707120365972,48.10418481784126],[-1.67269779201079,48.10417803255933],[-1.672688467272515,48.10417124262437],[-1.672681479752125,48.10416614992748],[-1.672672165334486,48.10415935506653],[-1.672662854859102,48.10415255914359],[-1.672653548244627,48.10414576126095],[-1.672644240129554,48.104138961636465],[-1.672634934779024,48.104132162800035],[-1.672405209526736,48.10396429100555]],"type":"LineString"},"properties":{"objectid":69,"ligne":"a","ordre":19,"ouvrage":"Tunnel","exploitation":"Desserte voyageurs","longueur":352.60602205,"geo_point_2d":{"lon":-1.6743863209800012,"lat":48.10485889816291}}},{"type":"Feature","geometry":{"coordinates":[[-1.702608325610486,48.12122946471826],[-1.700783965788692,48.121241811630874]],"type":"LineString"},"properties":{"objectid":55,"ligne":"a","ordre":6,"ouvrage":"Zone de transition","exploitation":"Desserte voyageurs","longueur":135.81984353,"geo_point_2d":{"lon":-1.701696145699589,"lat":48.12123563817457}}},{"type":"Feature","geometry":{"coordinates":[[-1.674810219194918,48.08783591449699],[-1.674817293399582,48.08764596359079],[-1.674822018745043,48.08751902591073]],"type":"LineString"},"properties":{"objectid":37,"ligne":"a","ordre":26,"ouvrage":"Station","exploitation":"Desserte voyageurs","longueur":35.2434769,"geo_point_2d":{"lon":-1.6748161195994178,"lat":48.0876774702273}}},{"type":"Feature","geometry":{"coordinates":[[-1.674822018745043,48.08751902591073],[-1.67482560509754,48.08742269457933],[-1.674826763580119,48.087381483560485],[-1.67482687637159,48.08734026461564],[-1.674826500971959,48.08732393615232],[-1.67482569991687,48.08730761509116],[-1.674824433422984,48.08729083268825],[-1.674822777133548,48.0872746166987],[-1.674820632914249,48.08725795830379],[-1.67481937473481,48.08724975741925],[-1.674817932132422,48.08724156944276],[-1.674815647952131,48.087229896993044],[-1.674813058472822,48.08721825408215],[-1.674810166537272,48.08720664239658],[-1.674806972552416,48.08719506642516],[-1.674803478183772,48.08718352970443],[-1.674799682416991,48.08717203587995],[-1.674795589516111,48.087160587481485],[-1.674791197208189,48.08714918910682],[-1.674786509838595,48.087137844183516],[-1.674781527651557,48.087126555404836],[-1.674776252312575,48.087115326307305],[-1.674772703982737,48.087108210662116],[-1.674770685568481,48.08710416132523],[-1.674764827582146,48.08709306225409],[-1.674758681521678,48.08708203437145],[-1.674752250229793,48.08707107936378],[-1.674745534113383,48.087060201719915],[-1.674738536096495,48.08704940402407],[-1.674731256504659,48.087038689867285],[-1.674723699601854,48.08702806177928],[-1.674715867134869,48.08701752419436],[-1.674707762027731,48.087007079696754],[-1.67469938594588,48.086996731823],[-1.674690740473391,48.08698648321181],[-1.674681830036902,48.08697633818848],[-1.674672657397714,48.086966297541714],[-1.674663223043996,48.08695636665804],[-1.67465353249825,48.08694654711495],[-1.674643587425865,48.086936842448935],[-1.674633392090739,48.08692725518973],[-1.674622946818321,48.086917788928346],[-1.674612257293763,48.08690844703778],[-1.674601326278322,48.086899230306734],[-1.674590156858632,48.086890143115],[-1.674578753379878,48.086881188890025],[-1.674567117263378,48.08687236847506],[-1.674555252854313,48.08686368529759],[-1.674543164497851,48.086855142785105],[-1.674530855036552,48.086846742624104],[-1.674518328734228,48.08683848734428],[-1.674505589936031,48.086830380373165],[-1.674492641484486,48.086822423397194],[-1.674479487643379,48.08681461894615],[-1.674466132676493,48.086806969549734],[-1.674452580847603,48.086799477737706],[-1.674438836339128,48.08679214514201],[-1.674424902074898,48.086784974346926],[-1.674410782318658,48.08677796788214],[-1.674396483932665,48.08677112727067],[-1.674382008500788,48.08676445515125],[-1.674367361626678,48.086757953999104],[-1.67435254866996,48.0867516235962],[-1.674337571377164,48.08674546837681],[-1.674322436529163,48.086739488966145],[-1.674307149729573,48.086733687839455],[-1.67429171239955,48.08672806583997],[-1.674276131482617,48.08672262538844],[-1.674260411161107,48.08671736811684],[-1.674244556875936,48.0867122947049],[-1.674228571632162,48.08670740863466],[-1.674212463469199,48.08670270957908],[-1.674196233889505,48.08669819927915],[-1.674179889836558,48.086693880155636],[-1.674163435329982,48.08668975204501],[-1.674146875973324,48.086685817422534],[-1.674130215867528,48.08668207702245],[-1.674113461874719,48.08667853236781],[-1.674087754090155,48.08667350645957],[-1.674068228973563,48.0866700429632],[-1.674048616999046,48.08666680826525],[-1.674028923607391,48.086663803045454],[-1.674009154320706,48.08666102888136],[-1.673989315838363,48.086658485500436],[-1.673950766931501,48.08665422689562],[-1.673921833835845,48.086651542462256],[-1.673881291066229,48.0866483588099],[-1.673850447168782,48.08664637471203],[-1.673819556587339,48.08664475113292],[-1.673764888358444,48.08664276543746],[-1.673678491945724,48.08664102925889],[-1.673554840154408,48.08664030163107],[-1.672554614267849,48.086637683520635],[-1.6724203955154,48.08663726174807],[-1.672275884587226,48.08663637969436],[-1.67213138160946,48.08663497631473],[-1.671986880495102,48.086633043747135],[-1.671852693584311,48.0866308638236],[-1.668177965592323,48.08656905962487]],"type":"LineString"},"properties":{"objectid":38,"ligne":"a","ordre":27,"ouvrage":"Tranch\u00e9e couverte","exploitation":"Desserte voyageurs","longueur":559.89131889,"geo_point_2d":{"lon":-1.671738758392938,"lat":48.08668222241861}}}]}