{
"type": "FeatureCollection",
"name": "itineraire_quai_v2",
"crs": { "type": "name", "properties": { "name": "urn:ogc:def:crs:OGC:1.3:CRS84" } },
"features": [
{ "type": "Feature", "properties": { "Fid": 8.0, "Id_itinéraire": 6.0, "Id_quai": "6", "Couleurs": "#8f3db8", "Sens_de_circulation": "Entrée", "Type_quai": "Expéditions Extension / Encre noire" }, "geometry": { "type": "MultiLineString", "coordinates": [ [ [ -1.629179293871371, 48.094858303615212 ], [ -1.629113002257112, 48.09480692141878 ], [ -1.629108573499351, 48.094807540016291 ], [ -1.62910412935052, 48.094808107240397 ], [ -1.629099671146407, 48.094808622920624 ], [ -1.629095200227027, 48.094809086901954 ], [ -1.629090717936214, 48.094809499044942 ], [ -1.62908622562122, 48.094809859225705 ], [ -1.629081724632313, 48.094810167335986 ], [ -1.629077216322365, 48.094810423283178 ], [ -1.629072702046449, 48.094810626990345 ], [ -1.629068183161434, 48.094810778396258 ], [ -1.629063661025571, 48.094810877455416 ], [ -1.62905913699809, 48.094810924138045 ], [ -1.629054612438787, 48.094810918430106 ], [ -1.629050088707622, 48.094810860333325 ], [ -1.629045567164303, 48.094810749865154 ], [ -1.629041049167882, 48.094810587058802 ], [ -1.629036536076342, 48.094810371963199 ], [ -1.629032029246196, 48.09481010464301 ], [ -1.629027530032073, 48.094809785178562 ], [ -1.629023039786311, 48.094809413665885 ], [ -1.629018559858556, 48.094808990216656 ], [ -1.629014091595349, 48.094808514958139 ], [ -1.629009636339728, 48.094807988033175 ], [ -1.629005195430819, 48.094807409600165 ], [ -1.629000770203438, 48.094806779832943 ], [ -1.628996361987686, 48.094806098920813 ], [ -1.62899197210855, 48.094805367068432 ], [ -1.628987601885508, 48.094804584495783 ], [ -1.628983252632128, 48.094803751438057 ], [ -1.628978925655675, 48.094802868145663 ], [ -1.628974622256721, 48.094801934884103 ], [ -1.628970343789078, 48.094800951947732 ], [ -1.628967228988243, 48.094800565396149 ], [ -1.628964103596853, 48.094800214939454 ], [ -1.62896096955976, 48.094799900807736 ], [ -1.62895782782331, 48.094799623095831 ], [ -1.628954679336173, 48.094799381887604 ], [ -1.628951525049056, 48.094799177255879 ], [ -1.628948365914418, 48.094799009262466 ], [ -1.628945202886183, 48.094798877958077 ], [ -1.62894203691945, 48.094798783382359 ], [ -1.628938868970204, 48.094798725563876 ], [ -1.628935699995031, 48.094798704520095 ], [ -1.628932530950824, 48.094798720257359 ], [ -1.6289293627945, 48.094798772770915 ], [ -1.628926196482705, 48.094798862044911 ], [ -1.628923032971531, 48.094798988052396 ], [ -1.62891987321622, 48.094799150755307 ], [ -1.628916718170884, 48.094799350104523 ], [ -1.628913568788212, 48.094799586039841 ], [ -1.628910426019181, 48.094799858490028 ], [ -1.628907290812774, 48.094800167372817 ], [ -1.628904164115687, 48.094800512594915 ], [ -1.628901046872049, 48.094800894052106 ], [ -1.628897940023135, 48.094801311629205 ], [ -1.628894844507078, 48.094801765200096 ], [ -1.628891761258593, 48.094802254627844 ], [ -1.628888691208688, 48.094802779764649 ], [ -1.628885635284385, 48.094803340451939 ], [ -1.628882594408444, 48.094803936520428 ], [ -1.628879569499078, 48.094804567790106 ], [ -1.62887656146968, 48.094805234070364 ], [ -1.628873571228546, 48.094805935160011 ], [ -1.628870599678601, 48.094806670847348 ], [ -1.628867647717124, 48.09480744091023 ], [ -1.628864716235482, 48.094808245116113 ], [ -1.628861806118856, 48.094809083222195 ], [ -1.628858918245977, 48.094809954975368 ], [ -1.628856053488858, 48.094810860112418 ], [ -1.628853212712533, 48.09481179836002 ], [ -1.628850396774795, 48.094812769434867 ], [ -1.628847606525936, 48.094813773043725 ], [ -1.628844842808491, 48.094814808883562 ], [ -1.628842106456985, 48.094815876641583 ], [ -1.628839398297678, 48.094816975995379 ], [ -1.628836719148318, 48.094818106612976 ], [ -1.628834069817893, 48.094819268152996 ], [ -1.628831451106388, 48.094820460264678 ], [ -1.62882886380454, 48.094821682588069 ], [ -1.628826308693605, 48.09482293475407 ], [ -1.628302497702772, 48.095058658513487 ], [ -1.628299746656219, 48.095059772842745 ], [ -1.62829696711325, 48.095060855166921 ], [ -1.628294159908462, 48.095061905161018 ], [ -1.628291325884758, 48.095062922509769 ], [ -1.628288465893094, 48.095063906907697 ], [ -1.628285580792222, 48.095064858059239 ], [ -1.628282671448435, 48.095065775678783 ], [ -1.628279738735304, 48.095066659490826 ], [ -1.628276783533418, 48.095067509229956 ], [ -1.628273806730117, 48.095068324641062 ], [ -1.628270809219229, 48.095069105479297 ], [ -1.6282677919008, 48.095069851510189 ], [ -1.62826475568082, 48.095070562509768 ], [ -1.628261701470958, 48.095071238264509 ], [ -1.628258630188284, 48.095071878571531 ], [ -1.628255542754994, 48.095072483238582 ], [ -1.628252440098132, 48.095073052084075 ], [ -1.628249323149316, 48.095073584937225 ], [ -1.628246192844454, 48.095074081638039 ], [ -1.628243050123463, 48.095074542037366 ], [ -1.628239895929989, 48.095074965996979 ], [ -1.628236731211125, 48.095075353389575 ], [ -1.628233556917121, 48.095075704098825 ], [ -1.628230374001103, 48.095076018019434 ], [ -1.628227183418788, 48.09507629505714 ], [ -1.628223986128193, 48.095076535128761 ], [ -1.628220783089349, 48.095076738162199 ], [ -1.628217575264014, 48.095076904096523 ], [ -1.628214363615383, 48.095077032881882 ], [ -1.628211149107798, 48.095077124479609 ], [ -1.62820793270646, 48.095077178862212 ], [ -1.62820471537714, 48.095077196013342 ], [ -1.628201498085886, 48.095077175927877 ], [ -1.628198281798735, 48.095077118611833 ], [ -1.628195067481423, 48.095077024082414 ], [ -1.628191856099094, 48.095076892368013 ], [ -1.62818864861601, 48.095076723508186 ], [ -1.628185445995264, 48.095076517553608 ], [ -1.628182249198487, 48.095076274566146 ], [ -1.628179059185564, 48.095075994618746 ], [ -1.62817587691434, 48.095075677795478 ], [ -1.628172703340337, 48.095075324191463 ], [ -1.628169539416466, 48.095074933912855 ], [ -1.628166386092739, 48.095074507076895 ], [ -1.628163244315986, 48.095074043811685 ], [ -1.628160115029571, 48.095073544256358 ], [ -1.628156999173104, 48.095073008560909 ], [ -1.628153897682167, 48.095072436886177 ], [ -1.628150811488026, 48.095071829403828 ], [ -1.628147741517354, 48.095071186296259 ], [ -1.628144688691952, 48.095070507756567 ], [ -1.628141653928475, 48.095069793988493 ], [ -1.628138638138154, 48.095069045206365 ], [ -1.628135642226522, 48.095068261635006 ], [ -1.628132667093143, 48.095067443509684 ], [ -1.628129713631344, 48.095066591076062 ], [ -1.628126782727943, 48.095065704590091 ], [ -1.628123875262985, 48.095064784317941 ], [ -1.628120992109477, 48.095063830535956 ], [ -1.628118134133127, 48.095062843530499 ], [ -1.628115302192083, 48.095061823597938 ], [ -1.628112497136674, 48.09506077104453 ], [ -1.62810971980916, 48.095059686186303 ], [ -1.62810697104347, 48.095058569349 ], [ -1.62810425166496, 48.095057420867981 ], [ -1.628101562490164, 48.095056241088074 ], [ -1.628098904326542, 48.095055030363518 ], [ -1.628096277972247, 48.095053789057864 ], [ -1.628093684215878, 48.095052517543827 ], [ -1.628091123836247, 48.095051216203188 ], [ -1.628088597602144, 48.09504988542669 ], [ -1.628086106272107, 48.095048525613926 ], [ -1.627747545509739, 48.094841600702019 ], [ -1.627741882312975, 48.094837787255457 ], [ -1.627736123672908, 48.094834038111912 ], [ -1.627730271226055, 48.094830354336857 ], [ -1.627724326635597, 48.094826736977168 ], [ -1.627718291590896, 48.094823187060875 ], [ -1.627712167807024, 48.094819705596805 ], [ -1.627705957024267, 48.094816293574368 ], [ -1.62769966100764, 48.09481295196322 ], [ -1.627693281546374, 48.094809681713002 ], [ -1.627686820453418, 48.094806483753096 ], [ -1.62768027956492, 48.094803358992323 ], [ -1.627673660739701, 48.09480030831871 ], [ -1.627666965858734, 48.094797332599228 ], [ -1.627660196824604, 48.094794432679535 ], [ -1.62765335556097, 48.094791609383762 ], [ -1.627646444012016, 48.094788863514268 ], [ -1.627639464141903, 48.094786195851384 ], [ -1.627632417934206, 48.094783607153246 ], [ -1.627625307391352, 48.094781098155536 ], [ -1.62761813453405, 48.094778669571291 ], [ -1.627610901400722, 48.094776322090674 ], [ -1.627603610046915, 48.094774056380828 ], [ -1.627596262544724, 48.094771873085627 ], [ -1.627588860982199, 48.094769772825558 ], [ -1.627581407462755, 48.094767756197498 ], [ -1.62757390410457, 48.094765823774544 ], [ -1.627566353039987, 48.09476397610586 ], [ -1.627558756414907, 48.094762213716557 ], [ -1.627551116388177, 48.094760537107476 ], [ -1.627393813392454, 48.094730671540411 ], [ -1.627387191049716, 48.094729717576513 ], [ -1.627380594023763, 48.09472868833334 ], [ -1.627374024232742, 48.094727584110117 ], [ -1.62736748358688, 48.094726405227924 ], [ -1.627360973987932, 48.094725152029518 ], [ -1.627354497328624, 48.094723824879267 ], [ -1.627348055492104, 48.094722424163066 ], [ -1.627341650351397, 48.094720950288171 ], [ -1.627335283768856, 48.094719403683108 ], [ -1.627328957595626, 48.094717784797574 ], [ -1.6273226736711, 48.094716094102253 ], [ -1.627316433822386, 48.094714332088742 ], [ -1.62731023986378, 48.094712499269335 ], [ -1.627304093596233, 48.094710596176959 ], [ -1.627297996806828, 48.094708623364937 ], [ -1.627291951268264, 48.094706581406854 ], [ -1.627285958738338, 48.094704470896453 ], [ -1.627280020959433, 48.094702292447352 ], [ -1.627274139658015, 48.094700046692964 ], [ -1.627268316544125, 48.094697734286243 ], [ -1.627262553310889, 48.094695355899525 ], [ -1.62725685163402, 48.094692912224367 ], [ -1.627251213171334, 48.094690403971263 ], [ -1.627245639562267, 48.0946878318695 ], [ -1.627240132427396, 48.094685196666923 ], [ -1.627234693367973, 48.09468249912976 ], [ -1.627229323965455, 48.094679740042309 ], [ -1.626002158612959, 48.093712045860066 ], [ -1.625996231069502, 48.093707920001265 ], [ -1.625990410311024, 48.093703726866785 ], [ -1.625984698048832, 48.093699467689376 ], [ -1.625979095962334, 48.093695143721241 ], [ -1.625973605698548, 48.093690756233606 ], [ -1.625968228871614, 48.093686306516382 ], [ -1.625962967062325, 48.093681795877757 ], [ -1.625957821817654, 48.093677225643873 ], [ -1.625952794650308, 48.093672597158346 ], [ -1.625947887038276, 48.093667911781949 ], [ -1.625943100424402, 48.093663170892164 ], [ -1.625938436215951, 48.093658375882804 ], [ -1.625933895784204, 48.093653528163586 ], [ -1.625929480464052, 48.09364862915973 ], [ -1.625925191553602, 48.093643680311537 ], [ -1.625921030313795, 48.093638683073955 ], [ -1.62591699796804, 48.09363363891616 ], [ -1.625913095701848, 48.09362854932111 ], [ -1.625909324662489, 48.09362341578516 ], [ -1.625905685958651, 48.093618239817552 ], [ -1.625902180660115, 48.093613022940005 ], [ -1.625898809797441, 48.09360776668629 ], [ -1.625895574361665, 48.09360247260171 ], [ -1.625892475304008, 48.093597142242743 ], [ -1.625889513535593, 48.093591777176485 ], [ -1.625886689927184, 48.09358637898027 ], [ -1.625884005308923, 48.093580949241165 ], [ -1.62588146047009, 48.093575489555505 ], [ -1.625879056158869, 48.09357000152842 ], [ -1.625876793082129, 48.093564486773403 ], [ -1.625874671905216, 48.093558946911777 ], [ -1.625872693251757, 48.093553383572271 ], [ -1.625870857703479, 48.093547798390475 ], [ -1.625869165800033, 48.093542193008453 ], [ -1.62586761803884, 48.093536569074175 ], [ -1.625866214874944, 48.093530928241087 ], [ -1.625864956720874, 48.093525272167575 ], [ -1.62586384394653, 48.093519602516523 ], [ -1.625862876879068, 48.093513920954834 ], [ -1.625862055802806, 48.093508229152853 ], [ -1.62586138095914, 48.093502528784008 ], [ -1.625860852546477, 48.093496821524177 ], [ -1.625860470720169, 48.093491109051314 ], [ -1.625860235592474, 48.093485393044872 ], [ -1.625860147232519, 48.093479675185378 ], [ -1.625860205666282, 48.093473957153876 ], [ -1.625860410876583, 48.093468240631481 ], [ -1.625860762803091, 48.09346252729884 ], [ -1.625861261342339, 48.093456818835683 ], [ -1.625861906347757, 48.09345111692032 ], [ -1.625862697629711, 48.093445423229099 ], [ -1.62595190748944, 48.09327571927863 ], [ -1.626026437245669, 48.093174650881991 ], [ -1.62602959529878, 48.093170307772461 ], [ -1.626032865448577, 48.093166001830149 ], [ -1.626036246714905, 48.093161734345699 ], [ -1.626039738084306, 48.093157506598168 ], [ -1.62604333851032, 48.093153319854771 ], [ -1.626047046913802, 48.093149175370364 ], [ -1.626050862183239, 48.093145074387209 ], [ -1.626054783175093, 48.093141018134482 ], [ -1.626058808714133, 48.093137007827956 ], [ -1.626062937593796, 48.093133044669642 ], [ -1.626067168576542, 48.093129129847433 ], [ -1.626071500394229, 48.093125264534699 ], [ -1.626075931748493, 48.093121449889999 ], [ -1.626080461311136, 48.093117687056697 ], [ -1.626085087724523, 48.093113977162645 ], [ -1.62608980960199, 48.093110321319799 ], [ -1.626094625528262, 48.093106720623922 ], [ -1.626099534059874, 48.093103176154258 ], [ -1.626104533725603, 48.093099688973204 ], [ -1.626109623026912, 48.093096260125954 ], [ -1.626114800438398, 48.093092890640264 ], [ -1.626120064408249, 48.093089581526058 ], [ -1.626125413358709, 48.093086333775183 ], [ -1.626130845686549, 48.093083148361082 ], [ -1.626136359763552, 48.093080026238532 ], [ -1.626141953936998, 48.09307696834334 ], [ -1.626147626530159, 48.093073975592041 ], [ -1.626153375842804, 48.093071048881647 ], [ -1.626159200151705, 48.093068189089408 ], [ -1.626165097711157, 48.093065397072472 ], [ -1.6261710667535, 48.09306267366771 ], [ -1.626177105489647, 48.093060019691407 ], [ -1.626183212109625, 48.093057435939038 ], [ -1.62618938478311, 48.093054923185043 ], [ -1.626195621659984, 48.093052482182564 ], [ -1.626201920870882, 48.09305011366326 ], [ -1.626208280527758, 48.093047818337027 ], [ -1.62621469872445, 48.093045596891891 ], [ -1.626221173537246, 48.093043449993651 ], [ -1.626227703025468, 48.093041378285818 ], [ -1.626234285232048, 48.093039382389328 ], [ -1.626240918184119, 48.093037462902444 ], [ -1.626247599893602, 48.093035620400485 ], [ -1.626254328357807, 48.093033855435692 ], [ -1.626261101560026, 48.093032168537114 ], [ -1.626267917470147, 48.093030560210345 ], [ -1.626274774045252, 48.093029030937458 ], [ -1.626281669230239, 48.09302758117682 ], [ -1.62628860095843, 48.093026211362982 ], [ -1.626295567152198, 48.093024921906505 ], [ -1.626302565723581, 48.093023713193901 ], [ -1.626309594574917, 48.093022585587448 ], [ -1.626316651599465, 48.093021539425131 ], [ -1.626548116943109, 48.092973392736987 ], [ -1.626755929273979, 48.092922686151084 ], [ -1.626763723612849, 48.092919845860905 ], [ -1.626771590772505, 48.092917096596743 ], [ -1.626779528370321, 48.092914439191247 ], [ -1.626787534002335, 48.092911874449257 ], [ -1.626795605243982, 48.09290940314753 ], [ -1.626803739650827, 48.092907026034538 ], [ -1.626811934759304, 48.092904743830211 ], [ -1.626820188087463, 48.092902557225742 ], [ -1.626828497135722, 48.092900466883393 ], [ -1.626836859387625, 48.092898473436236 ], [ -1.6268452723106, 48.092896577488013 ], [ -1.626853733356732, 48.092894779612941 ], [ -1.626862239963529, 48.092893080355516 ], [ -1.626870789554703, 48.092891480230406 ], [ -1.626879379540945, 48.092889979722216 ], [ -1.626888007320716, 48.092888579285393 ], [ -1.626896670281026, 48.092887279344083 ], [ -1.626905365798235, 48.09288608029199 ], [ -1.62691409123884, 48.092884982492251 ], [ -1.626922843960276, 48.092883986277371 ], [ -1.626931621311716, 48.092883091949048 ], [ -1.626940420634875, 48.092882299778147 ], [ -1.626949239264812, 48.092881610004596 ], [ -1.626958074530738, 48.092881022837297 ], [ -1.626966923756828, 48.092880538454068 ], [ -1.626975784263028, 48.09288015700163 ], [ -1.626984653365867, 48.092879878595504 ], [ -1.626993528379271, 48.092879703320008 ], [ -1.627002406615377, 48.092879631228236 ], [ -1.627011285385345, 48.092879662342 ], [ -1.627011785744375, 48.09287966064057 ], [ -1.627012286071797, 48.092879664764411 ], [ -1.627012786215603, 48.092879674712258 ], [ -1.627013286023843, 48.092879690481119 ], [ -1.627013785344668, 48.092879712066178 ], [ -1.627014284026378, 48.092879739460884 ], [ -1.627014781917465, 48.092879772656921 ], [ -1.627015278866665, 48.092879811644195 ], [ -1.627015774722995, 48.09287985641086 ], [ -1.627016269335809, 48.092879906943317 ], [ -1.627016762554835, 48.092879963226217 ], [ -1.627017254230228, 48.092880025242465 ], [ -1.627017744212609, 48.092880092973211 ], [ -1.627018232353114, 48.092880166397876 ], [ -1.62701871850344, 48.092880245494158 ], [ -1.627019202515888, 48.092880330238032 ], [ -1.627019684243407, 48.092880420603727 ], [ -1.627020163539642, 48.092880516563824 ], [ -1.627020640258976, 48.09288061808914 ], [ -1.627021114256575, 48.092880725148845 ], [ -1.627021585388432, 48.09288083771041 ], [ -1.627022053511411, 48.092880955739631 ], [ -1.627022518483288, 48.092881079200659 ], [ -1.6270229801628, 48.092881208055978 ], [ -1.627023438409681, 48.092881342266445 ], [ -1.627023893084709, 48.092881481791274 ], [ -1.627024344049748, 48.092881626588081 ], [ -1.627024791167788, 48.092881776612892 ], [ -1.627025234302989, 48.092881931820095 ], [ -1.62702567332072, 48.092882092162561 ], [ -1.627026108087601, 48.092882257591569 ], [ -1.627026538471544, 48.092882428056853 ], [ -1.627026964341792, 48.092882603506631 ], [ -1.627027385568959, 48.092882783887596 ], [ -1.627027802025071, 48.092882969144945 ], [ -1.627028213583604, 48.092883159222396 ], [ -1.627028620119519, 48.092883354062188 ], [ -1.627029021509304, 48.092883553605148 ], [ -1.627029417631013, 48.092883757790638 ], [ -1.627029808364298, 48.092883966556627 ], [ -1.627030193590449, 48.092884179839686 ], [ -1.627030573192428, 48.092884397575027 ], [ -1.627030947054908, 48.092884619696484 ], [ -1.627031315064303, 48.092884846136577 ], [ -1.627031677108806, 48.092885076826526 ], [ -1.627032033078425, 48.092885311696222 ], [ -1.62703238286501, 48.092885550674332 ], [ -1.627032726362291, 48.092885793688218 ], [ -1.627033063465909, 48.092886040664077 ], [ -1.627033394073447, 48.092886291526867 ], [ -1.627033718084462, 48.092886546200361 ], [ -1.627034035400514, 48.09288680460719 ], [ -1.627034345925199, 48.092887066668872 ], [ -1.627034649564175, 48.09288733230575 ], [ -1.627034946225192, 48.092887601437155 ], [ -1.627035235818121, 48.09288787398129 ], [ -1.627035518254978, 48.092888149855376 ], [ -1.627035793449956, 48.092888428975577 ], [ -1.627036061319446, 48.09288871125711 ], [ -1.627036321782066, 48.092888996614207 ], [ -1.627036574758684, 48.092889284960172 ], [ -1.627036820172442, 48.092889576207405 ], [ -1.62703705794878, 48.09288987026742 ], [ -1.627037288015457, 48.092890167050875 ], [ -1.627037510302577, 48.092890466467608 ], [ -1.627037724742606, 48.092890768426642 ], [ -1.627037931270393, 48.092891072836238 ], [ -1.627038129823192, 48.092891379603927 ], [ -1.627038320340682, 48.092891688636492 ], [ -1.627038502764978, 48.092891999840056 ], [ -1.627038677040659, 48.092892313120061 ], [ -1.627038843114778, 48.092892628381342 ], [ -1.627039000936877, 48.092892945528099 ], [ -1.62703915045901, 48.092893264464003 ], [ -1.627039291635748, 48.092893585092142 ], [ -1.627039424424201, 48.092893907315087 ], [ -1.627039548784025, 48.092894231034983 ], [ -1.627039664677439, 48.092894556153439 ], [ -1.627039772069231, 48.092894882571713 ], [ -1.627039870926776, 48.092895210190605 ], [ -1.627039961220038, 48.092895538910597 ], [ -1.627040042921585, 48.092895868631821 ], [ -1.627040116006596, 48.092896199254099 ], [ -1.627040180452866, 48.092896530676974 ], [ -1.627040236240815, 48.092896862799769 ], [ -1.627040283353494, 48.092897195521573 ], [ -1.62704032177659, 48.092897528741304 ], [ -1.627040351498429, 48.092897862357724 ], [ -1.627040372509981, 48.092898196269466 ], [ -1.627040384804863, 48.092898530375102 ], [ -1.627040388379339, 48.092898864573108 ], [ -1.627040383232324, 48.092899198761955 ], [ -1.62704036936538, 48.092899532840114 ], [ -1.627040346782722, 48.092899866706105 ], [ -1.627040315491209, 48.09290020025847 ], [ -1.627040275500349, 48.09290053339587 ], [ -1.627040226822292, 48.092900866017104 ], [ -1.627040169471827, 48.092901198021117 ], [ -1.627040103466376, 48.092901529307049 ], [ -1.627040028825995, 48.092901859774223 ], [ -1.62703994557336, 48.092902189322267 ], [ -1.627039853733763, 48.092902517851051 ], [ -1.627039753335108, 48.09290284526076 ], [ -1.627039644407896, 48.092903171451923 ], [ -1.627039526985221, 48.092903496325441 ], [ -1.627039401102759, 48.092903819782606 ], [ -1.627039266798753, 48.09290414172515 ], [ -1.627039124114008, 48.09290446205528 ], [ -1.627038973091872, 48.092904780675653 ], [ -1.627038813778229, 48.092905097489471 ], [ -1.627038646221481, 48.092905412400484 ], [ -1.627038470472532, 48.092905725313017 ], [ -1.627038286584779, 48.092906036132014 ], [ -1.627038094614089, 48.092906344763023 ], [ -1.627037894618786, 48.092906651112301 ], [ -1.62703768665963, 48.092906955086761 ], [ -1.627037470799803, 48.092907256594053 ], [ -1.627037247104886, 48.092907555542567 ], [ -1.627037015642841, 48.092907851841495 ], [ -1.627036776483989, 48.092908145400799 ], [ -1.62703652970099, 48.092908436131324 ], [ -1.62703627536882, 48.092908723944703 ], [ -1.627036013564749, 48.092909008753509 ], [ -1.627035744368316, 48.092909290471219 ], [ -1.627035467861307, 48.092909569012228 ], [ -1.627035184127729, 48.092909844291938 ], [ -1.627034893253785, 48.092910116226697 ], [ -1.627034595327845, 48.092910384733891 ], [ -1.627034290440424, 48.092910649731941 ], [ -1.626913897318849, 48.092977234142985 ] ] ] } },
{ "type": "Feature", "properties": { "Fid": 6.0, "Id_itinéraire": 4.0, "Id_quai": "SP2", "Couleurs": "#f59300", "Sens_de_circulation": "Entrée", "Type_quai": "Stockage papier (SP2)" }, "geometry": { "type": "MultiLineString", "coordinates": [ [ [ -1.629179293871371, 48.094858303615212 ], [ -1.629113002257112, 48.09480692141878 ], [ -1.629108573499351, 48.094807540016291 ], [ -1.62910412935052, 48.094808107240397 ], [ -1.629099671146407, 48.094808622920624 ], [ -1.629095200227027, 48.094809086901954 ], [ -1.629090717936214, 48.094809499044942 ], [ -1.62908622562122, 48.094809859225705 ], [ -1.629081724632313, 48.094810167335986 ], [ -1.629077216322365, 48.094810423283178 ], [ -1.629072702046449, 48.094810626990345 ], [ -1.629068183161434, 48.094810778396258 ], [ -1.629063661025571, 48.094810877455416 ], [ -1.62905913699809, 48.094810924138045 ], [ -1.629054612438787, 48.094810918430106 ], [ -1.629050088707622, 48.094810860333325 ], [ -1.629045567164303, 48.094810749865154 ], [ -1.629041049167882, 48.094810587058802 ], [ -1.629036536076342, 48.094810371963199 ], [ -1.629032029246196, 48.09481010464301 ], [ -1.629027530032073, 48.094809785178562 ], [ -1.629023039786311, 48.094809413665885 ], [ -1.629018559858556, 48.094808990216656 ], [ -1.629014091595349, 48.094808514958139 ], [ -1.629009636339728, 48.094807988033175 ], [ -1.629005195430819, 48.094807409600165 ], [ -1.629000770203438, 48.094806779832943 ], [ -1.628996361987686, 48.094806098920813 ], [ -1.62899197210855, 48.094805367068432 ], [ -1.628987601885508, 48.094804584495783 ], [ -1.628983252632128, 48.094803751438057 ], [ -1.628978925655675, 48.094802868145663 ], [ -1.628974622256721, 48.094801934884103 ], [ -1.628970343728746, 48.09480095193387 ], [ -1.62896609135776, 48.094799919590415 ], [ -1.628961866421907, 48.094798838164017 ], [ -1.628957670191088, 48.094797707979744 ], [ -1.628953503926572, 48.09479652937727 ], [ -1.628949368880625, 48.094795302710871 ], [ -1.628945266296127, 48.094794028349227 ], [ -1.628941197406202, 48.094792706675371 ], [ -1.628937163433847, 48.094791338086573 ], [ -1.628933165591561, 48.094789922994188 ], [ -1.628929205080987, 48.094788461823541 ], [ -1.628925283092544, 48.094786955013809 ], [ -1.628921400805074, 48.094785403017916 ], [ -1.628917559385485, 48.094783806302324 ], [ -1.628913759988404, 48.094782165346977 ], [ -1.628910003755822, 48.09478048064507 ], [ -1.628906291816761, 48.094778752703 ], [ -1.628902625286928, 48.094776982040123 ], [ -1.628899005268379, 48.094775169188644 ], [ -1.628895432849192, 48.094773314693455 ], [ -1.628891909103139, 48.094771419111972 ], [ -1.62888843508936, 48.094769483013934 ], [ -1.628885011852047, 48.094767506981277 ], [ -1.628881640420133, 48.094765491607937 ], [ -1.628878321806976, 48.094763437499687 ], [ -1.628875057010059, 48.094761345273923 ], [ -1.628871847010692, 48.094759215559506 ], [ -1.62886869277371, 48.094757048996563 ], [ -1.628865595247191, 48.094754846236299 ], [ -1.628862555362166, 48.094752607940791 ], [ -1.62885957403234, 48.094750334782823 ], [ -1.62885665215382, 48.094748027445618 ], [ -1.62885379060484, 48.094745686622716 ], [ -1.628850990245504, 48.09474331301768 ], [ -1.628848251917523, 48.094740907343954 ], [ -1.628845576443963, 48.094738470324607 ], [ -1.628842964628997, 48.094736002692144 ], [ -1.628038338666447, 48.094125463672469 ], [ -1.628005731636859, 48.094100721757869 ], [ -1.628005514989902, 48.094100386868867 ], [ -1.62800528963537, 48.094100054553202 ], [ -1.62800505564175, 48.094099724911878 ], [ -1.628004813080153, 48.094099398045053 ], [ -1.628004562024296, 48.094099074052075 ], [ -1.628004302550475, 48.094098753031403 ], [ -1.628004034737546, 48.094098435080596 ], [ -1.628003758666898, 48.09409812029628 ], [ -1.628003474422431, 48.09409780877413 ], [ -1.628003182090529, 48.094097500608811 ], [ -1.628002881760032, 48.094097195893973 ], [ -1.628002573522212, 48.09409689472222 ], [ -1.628002257470745, 48.0940965971851 ], [ -1.62800193370168, 48.094096303373007 ], [ -1.628001602313413, 48.094096013375257 ], [ -1.628001263406653, 48.094095727279957 ], [ -1.628000917084397, 48.094095445174077 ], [ -1.628000563451893, 48.09409516714333 ], [ -1.628000202616613, 48.094094893272235 ], [ -1.627999834688216, 48.094094623643997 ], [ -1.627999459778517, 48.09409435834057 ], [ -1.627999078001453, 48.094094097442586 ], [ -1.62799868947305, 48.09409384102932 ], [ -1.627998294311381, 48.094093589178712 ], [ -1.627997892636539, 48.094093341967294 ], [ -1.627997484570595, 48.094093099470193 ], [ -1.627997070237563, 48.094092861761105 ], [ -1.62799664976336, 48.094092628912279 ], [ -1.62799622327577, 48.094092400994469 ], [ -1.627995790904406, 48.094092178076949 ], [ -1.627995352780667, 48.094091960227452 ], [ -1.627994909037702, 48.094091747512202 ], [ -1.627994459810366, 48.09409153999583 ], [ -1.627994005235182, 48.094091337741403 ], [ -1.627993545450297, 48.094091140810391 ], [ -1.627993080595442, 48.09409094926265 ], [ -1.62799261081189, 48.094090763156373 ], [ -1.62799213624241, 48.094090582548134 ], [ -1.627991657031226, 48.094090407492821 ], [ -1.627991173323973, 48.09409023804362 ], [ -1.627990685267652, 48.094090074252044 ], [ -1.627990193010586, 48.09408991616786 ], [ -1.627989696702374, 48.094089763839122 ], [ -1.627989196493847, 48.094089617312108 ], [ -1.627988692537021, 48.094089476631353 ], [ -1.627988184985052, 48.094089341839627 ], [ -1.627987673992186, 48.09408921297787 ], [ -1.627987159713717, 48.094089090085255 ], [ -1.627986642305937, 48.094088973199135 ], [ -1.62798612192609, 48.094088862355022 ], [ -1.62798559873232, 48.094088757586604 ], [ -1.627985072883629, 48.094088658925727 ], [ -1.627984544539827, 48.094088566402377 ], [ -1.627984013861478, 48.094088480044654 ], [ -1.627983481009859, 48.094088399878828 ], [ -1.627982946146907, 48.094088325929242 ], [ -1.627982409435168, 48.094088258218378 ], [ -1.627981871037753, 48.094088196766805 ], [ -1.627981331118283, 48.094088141593218 ], [ -1.627980789840842, 48.094088092714365 ], [ -1.627980247369928, 48.094088050145103 ], [ -1.627979703870401, 48.094088013898379 ], [ -1.627979159507432, 48.094087983985212 ], [ -1.627978614446456, 48.094087960414669 ], [ -1.62797806885312, 48.094087943193941 ], [ -1.627977522893234, 48.094087932328243 ], [ -1.627976976732716, 48.094087927820887 ], [ -1.627976430537548, 48.094087929673236 ], [ -1.627975884473722, 48.09408793788473 ], [ -1.627975338707188, 48.094087952452867 ], [ -1.627974793403809, 48.094087973373234 ], [ -1.627974248729305, 48.094088000639459 ], [ -1.627973704849206, 48.094088034243271 ], [ -1.627973161928798, 48.094088074174444 ], [ -1.62797262013308, 48.094088120420849 ], [ -1.627972079626704, 48.094088172968426 ], [ -1.627971540573935, 48.094088231801216 ], [ -1.627971003138592, 48.094088296901333 ], [ -1.627970467484006, 48.094088368248983 ], [ -1.627969933772964, 48.094088445822486 ], [ -1.627969402167664, 48.094088529598288 ], [ -1.627968872829664, 48.094088619550909 ], [ -1.627968345919831, 48.094088715653022 ], [ -1.627967821598298, 48.094088817875416 ], [ -1.627967300024407, 48.094088926187013 ], [ -1.627966781356669, 48.09408904055492 ], [ -1.627966265752708, 48.094089160944364 ], [ -1.627965753369219, 48.094089287318774 ], [ -1.627965244361919, 48.094089419639722 ], [ -1.627964738885498, 48.094089557867001 ], [ -1.627964237093571, 48.094089701958616 ], [ -1.627963739138637, 48.09408985187077 ], [ -1.627963245172027, 48.094090007557902 ], [ -1.62796275534386, 48.094090168972691 ], [ -1.627962269802996, 48.094090336066088 ], [ -1.627961788696995, 48.094090508787332 ], [ -1.627961312172066, 48.094090687083899 ], [ -1.627960840373029, 48.094090870901624 ], [ -1.627960373443265, 48.094091060184631 ], [ -1.627959911524678, 48.094091254875416 ], [ -1.627959454757646, 48.094091454914789 ], [ -1.627959003280983, 48.094091660241965 ], [ -1.627958557231895, 48.094091870794543 ], [ -1.627958116745939, 48.094092086508553 ], [ -1.627957681956982, 48.094092307318405 ], [ -1.627957252997156, 48.094092533157017 ], [ -1.627956829996827, 48.094092763955757 ], [ -1.627956413084545, 48.094092999644467 ], [ -1.627956002387012, 48.094093240151537 ], [ -1.627366564343974, 48.094407472707182 ], [ -1.627365489481285, 48.094407848655536 ], [ -1.627364424597463, 48.094408237065551 ], [ -1.627363370016345, 48.094408637819122 ], [ -1.627362326058636, 48.094409050794354 ], [ -1.62736129304181, 48.094409475865689 ], [ -1.627360271280013, 48.094409912903828 ], [ -1.62735926108397, 48.0944103617759 ], [ -1.627358262760887, 48.09441082234536 ], [ -1.62735727661436, 48.094411294472174 ], [ -1.627356302944281, 48.094411778012756 ], [ -1.627355342046752, 48.094412272820058 ], [ -1.627354394213984, 48.094412778743617 ], [ -1.627353459734222, 48.09441329562955 ], [ -1.627352538891645, 48.094413823320707 ], [ -1.627351631966286, 48.094414361656582 ], [ -1.627350739233949, 48.094414910473475 ], [ -1.627349860966117, 48.094415469604499 ], [ -1.627348997429878, 48.094416038879594 ], [ -1.627348148887839, 48.094416618125649 ], [ -1.627347315598044, 48.094417207166515 ], [ -1.627346497813905, 48.094417805823078 ], [ -1.627345695784112, 48.094418413913246 ], [ -1.627344909752569, 48.09441903125213 ], [ -1.627344139958312, 48.094419657651962 ], [ -1.627343386635441, 48.094420292922273 ], [ -1.627342650013045, 48.094420936869867 ], [ -1.627341930315136, 48.094421589298904 ], [ -1.627341227760578, 48.094422250010993 ], [ -1.627340542563022, 48.094422918805193 ], [ -1.627339874930842, 48.094423595478133 ], [ -1.627339225067067, 48.094424279824025 ], [ -1.627338593169326, 48.094424971634744 ], [ -1.627337979429782, 48.094425670699941 ], [ -1.627337384035077, 48.094426376806979 ], [ -1.627336807166275, 48.09442708974116 ], [ -1.627336248998804, 48.094427809285662 ], [ -1.627335709702407, 48.094428535221667 ], [ -1.627335189441088, 48.094429267328422 ], [ -1.62733468837306, 48.094430005383281 ], [ -1.627334206650701, 48.094430749161802 ], [ -1.627333744420506, 48.094431498437793 ], [ -1.627333301823043, 48.094432252983388 ], [ -1.627332878992907, 48.094433012569148 ], [ -1.627332476058684, 48.094433776964053 ], [ -1.627332093142908, 48.094434545935648 ], [ -1.627331730362027, 48.09443531925011 ], [ -1.627331387826365, 48.09443609667224 ], [ -1.627331065640088, 48.09443687796562 ], [ -1.627330763901175, 48.09443766289268 ], [ -1.627330482701388, 48.0944384512147 ], [ -1.62733022212624, 48.094439242691941 ], [ -1.627329982254974, 48.094440037083722 ], [ -1.627329763160536, 48.09444083414845 ], [ -1.627329564909554, 48.094441633643754 ], [ -1.627329387562318, 48.094442435326485 ], [ -1.627329231172761, 48.094443238952856 ], [ -1.627329095788439, 48.094444044278468 ], [ -1.627328981450526, 48.094444851058427 ], [ -1.627328888193792, 48.094445659047381 ], [ -1.627328816046597, 48.094446467999624 ], [ -1.627328765030881, 48.094447277669133 ], [ -1.627328735162159, 48.094448087809695 ], [ -1.627328726449513, 48.094448898174939 ], [ -1.627328738895594, 48.094449708518425 ], [ -1.627328772496616, 48.094450518593725 ], [ -1.627328827242361, 48.094451328154491 ], [ -1.627328903116181, 48.09445213695453 ], [ -1.627329000095001, 48.094452944747886 ], [ -1.627329118149331, 48.094453751288896 ], [ -1.627329257243268, 48.094454556332281 ], [ -1.627329417334515, 48.094455359633237 ], [ -1.627329598374386, 48.094456160947473 ], [ -1.627329800307825, 48.094456960031295 ], [ -1.627330023073423, 48.09445775664171 ], [ -1.627330266603437, 48.094458550536451 ], [ -1.627330530823807, 48.094459341474092 ], [ -1.627330815654182, 48.094460129214113 ], [ -1.627331121007944, 48.09446091351694 ], [ -1.627331446792233, 48.094461694144094 ], [ -1.627331792907975, 48.094462470858154 ], [ -1.627332159249915, 48.094463243422922 ], [ -1.627332545706646, 48.094464011603463 ], [ -1.627332952160644, 48.094464775166166 ], [ -1.627333378488304, 48.094465533878825 ], [ -1.627333824559978, 48.094466287510713 ], [ -1.627334290240012, 48.094467035832643 ], [ -1.62733477538679, 48.094467778617052 ], [ -1.627335279852776, 48.094468515638049 ], [ -1.627335803484558, 48.094469246671515 ], [ -1.627336346122899, 48.094469971495116 ], [ -1.627336907602776, 48.094470689888446 ], [ -1.627337487753443, 48.094471401633037 ], [ -1.62733808639847, 48.094472106512448 ], [ -1.627338703355806, 48.094472804312296 ], [ -1.627339338437832, 48.094473494820392 ], [ -1.627339991451414, 48.094474177826754 ], [ -1.627340662197968, 48.094474853123671 ], [ -1.627341350473515, 48.094475520505782 ], [ -1.627342056068746, 48.09447617977014 ], [ -1.627342778769086, 48.094476830716246 ], [ -1.627460942015507, 48.094621529266085 ], [ -1.627461055117268, 48.094622148531329 ], [ -1.627461152046346, 48.094622769018805 ], [ -1.627461232773312, 48.094623390540129 ], [ -1.627461297273654, 48.09462401290655 ], [ -1.627461345527788, 48.094624635929137 ], [ -1.627461377521063, 48.094625259418684 ], [ -1.627461393243764, 48.094625883185913 ], [ -1.627461392691117, 48.094626507041404 ], [ -1.62746137586329, 48.094627130795757 ], [ -1.627461342765393, 48.094627754259555 ], [ -1.627461293407475, 48.094628377243509 ], [ -1.627461227804523, 48.094628999558466 ], [ -1.627461145976455, 48.094629621015464 ], [ -1.627461047948118, 48.094630241425811 ], [ -1.627460933749277, 48.094630860601136 ], [ -1.627460803414604, 48.094631478353428 ], [ -1.627460656983675, 48.094632094495118 ], [ -1.62746049450095, 48.094632708839143 ], [ -1.627460316015764, 48.094633321198941 ], [ -1.627460121582311, 48.094633931388607 ], [ -1.627459911259626, 48.094634539222845 ], [ -1.627459685111572, 48.09463514451712 ], [ -1.627459443206813, 48.094635747087629 ], [ -1.627459185618799, 48.094636346751415 ], [ -1.627458912425741, 48.094636943326414 ], [ -1.627458623710591, 48.094637536631474 ], [ -1.627458319561012, 48.094638126486451 ], [ -1.627458000069352, 48.094638712712253 ], [ -1.627457665332619, 48.094639295130868 ], [ -1.62745731545245, 48.094639873565477 ], [ -1.62745695053508, 48.094640447840433 ], [ -1.627456570691309, 48.094641017781377 ], [ -1.62745617603647, 48.094641583215257 ], [ -1.627455766690392, 48.094642143970368 ], [ -1.627455342777366, 48.094642699876488 ], [ -1.627454904426105, 48.09464325076479 ], [ -1.627454451769707, 48.09464379646802 ], [ -1.627453984945612, 48.094644336820487 ], [ -1.627453504095563, 48.094644871658126 ], [ -1.627453009365561, 48.094645400818528 ], [ -1.627452500905822, 48.094645924141055 ], [ -1.62745197887073, 48.094646441466779 ], [ -1.627451443418792, 48.094646952638634 ], [ -1.627450894712587, 48.094647457501409 ], [ -1.627450332918721, 48.09464795590182 ], [ -1.627449758207771, 48.094648447688535 ], [ -1.627449170754239, 48.094648932712232 ], [ -1.627448570736493, 48.094649410825632 ], [ -1.627447958336718, 48.094649881883583 ], [ -1.627447333740858, 48.094650345743034 ], [ -1.62744669713856, 48.09465080226316 ], [ -1.627446048723116, 48.094651251305358 ], [ -1.627445388691406, 48.094651692733265 ], [ -1.627444717243837, 48.094652126412853 ], [ -1.62744403458428, 48.094652552212445 ], [ -1.627443340920014, 48.094652970002748 ], [ -1.627442636461657, 48.094653379656918 ], [ -1.627441921423103, 48.094653781050582 ], [ -1.627441196021462, 48.094654174061844 ], [ -1.627440460476989, 48.094654558571385 ], [ -1.627439715013018, 48.09465493446244 ], [ -1.627438959855895, 48.094655301620897 ], [ -1.627438195234911, 48.094655659935256 ], [ -1.627437421382228, 48.094656009296742 ], [ -1.627436638532812, 48.094656349599269 ], [ -1.627435846924361, 48.094656680739504 ], [ -1.627435046797232, 48.094657002616913 ], [ -1.627434238394371, 48.094657315133759 ], [ -1.627433421961232, 48.094657618195157 ], [ -1.627432597745711, 48.094657911709071 ], [ -1.627431765998066, 48.094658195586405 ], [ -1.627430926970842, 48.094658469740949 ], [ -1.627430080918794, 48.094658734089464 ], [ -1.62742922809881, 48.094658988551686 ], [ -1.627428368769833, 48.094659233050358 ], [ -1.627427503192782, 48.094659467511242 ], [ -1.627426631630475, 48.094659691863136 ], [ -1.627425754347545, 48.09465990603794 ], [ -1.627424871610363, 48.094660109970597 ], [ -1.627423983686955, 48.09466030359922 ], [ -1.627423090846924, 48.094660486864989 ], [ -1.627422193361364, 48.094660659712275 ], [ -1.62742129150278, 48.094660822088585 ], [ -1.627420385545004, 48.094660973944627 ], [ -1.627419475763115, 48.094661115234295 ], [ -1.62741856243335, 48.094661245914665 ], [ -1.627417645833026, 48.094661365946081 ], [ -1.627416726240451, 48.094661475292099 ], [ -1.627415803934842, 48.094661573919502 ], [ -1.627414879196241, 48.094661661798362 ], [ -1.627413952305428, 48.094661738901983 ], [ -1.627413023543836, 48.094661805206961 ], [ -1.627412093193466, 48.094661860693151 ], [ -1.627411161536802, 48.094661905343727 ], [ -1.627410228856724, 48.094661939145119 ], [ -1.627409295436425, 48.094661962087059 ], [ -1.627408361559319, 48.094661974162598 ], [ -1.627407427508962, 48.094661975368048 ], [ -1.62740649356896, 48.094661965703061 ], [ -1.627405560022886, 48.094661945170557 ], [ -1.627404627154197, 48.094661913776783 ], [ -1.627403695246139, 48.094661871531265 ], [ -1.627402764581669, 48.094661818446831 ], [ -1.627401835443367, 48.094661754539608 ], [ -1.627400908113348, 48.094661679828981 ], [ -1.62739998287318, 48.094661594337644 ], [ -1.627399060003794, 48.094661498091554 ], [ -1.627398139785402, 48.094661391119942 ], [ -1.627397222497412, 48.09466127345528 ], [ -1.627396308418342, 48.094661145133287 ], [ -1.627395397825734, 48.09466100619295 ], [ -1.627394490996074, 48.094660856676434 ], [ -1.627393588204704, 48.094660696629141 ], [ -1.62739268972574, 48.094660526099673 ], [ -1.627391795831988, 48.0946603451398 ], [ -1.627390906794862, 48.094660153804476 ], [ -1.627390022884304, 48.09465995215178 ], [ -1.627389144368695, 48.09465974024296 ], [ -1.62738827151478, 48.09465951814235 ], [ -1.627387404587587, 48.094659285917388 ], [ -1.627386543850341, 48.094659043638572 ], [ -1.62738568956439, 48.09465879137948 ], [ -1.627384841989121, 48.094658529216694 ], [ -1.627384001381885, 48.094658257229831 ], [ -1.627383167997918, 48.09465797550147 ], [ -1.62738234209026, 48.094657684117145 ], [ -1.627381523909684, 48.094657383165334 ], [ -1.627380713704616, 48.094657072737412 ], [ -1.627379911721058, 48.094656752927634 ], [ -1.627379118202519, 48.094656423833108 ], [ -1.627378333389935, 48.094656085553758 ], [ -1.627377557521601, 48.094655738192294 ], [ -1.627376790833095, 48.094655381854174 ], [ -1.627376033557209, 48.094655016647621 ], [ -1.627375285923873, 48.094654642683501 ], [ -1.627374548160095, 48.094654260075387 ], [ -1.627373820489881, 48.094653868939403 ], [ -1.627373103134177, 48.094653469394352 ], [ -1.627372396310793, 48.09465306156153 ], [ -1.627371700234344, 48.094652645564771 ], [ -1.62737101511618, 48.094652221530389 ], [ -1.627370341164326, 48.094651789587139 ], [ -1.627369678583413, 48.094651349866155 ], [ -1.627369027574623, 48.094650902500952 ], [ -1.627248940860794, 48.09456576052844 ], [ -1.627117345604819, 48.094469692822763 ] ] ] } },
{ "type": "Feature", "properties": { "Fid": 9.0, "Id_itinéraire": 7.0, "Id_quai": "7", "Couleurs": "#6fd4d3", "Sens_de_circulation": "Entrée", "Type_quai": "Plateforme de jour" }, "geometry": { "type": "MultiLineString", "coordinates": [ [ [ -1.629179293871371, 48.094858303615212 ], [ -1.629113002257112, 48.09480692141878 ], [ -1.629108573499351, 48.094807540016291 ], [ -1.62910412935052, 48.094808107240397 ], [ -1.629099671146407, 48.094808622920624 ], [ -1.629095200227027, 48.094809086901954 ], [ -1.629090717936214, 48.094809499044942 ], [ -1.62908622562122, 48.094809859225705 ], [ -1.629081724632313, 48.094810167335986 ], [ -1.629077216322365, 48.094810423283178 ], [ -1.629072702046449, 48.094810626990345 ], [ -1.629068183161434, 48.094810778396258 ], [ -1.629063661025571, 48.094810877455416 ], [ -1.62905913699809, 48.094810924138045 ], [ -1.629054612438787, 48.094810918430106 ], [ -1.629050088707622, 48.094810860333325 ], [ -1.629045567164303, 48.094810749865154 ], [ -1.629041049167882, 48.094810587058802 ], [ -1.629036536076342, 48.094810371963199 ], [ -1.629032029246196, 48.09481010464301 ], [ -1.629027530032073, 48.094809785178562 ], [ -1.629023039786311, 48.094809413665885 ], [ -1.629018559858556, 48.094808990216656 ], [ -1.629014091595349, 48.094808514958139 ], [ -1.629009636339728, 48.094807988033175 ], [ -1.629005195430819, 48.094807409600165 ], [ -1.629000770203438, 48.094806779832943 ], [ -1.628996361987686, 48.094806098920813 ], [ -1.62899197210855, 48.094805367068432 ], [ -1.628987601885508, 48.094804584495783 ], [ -1.628983252632128, 48.094803751438057 ], [ -1.628978925655675, 48.094802868145663 ], [ -1.628974622256721, 48.094801934884103 ], [ -1.628970343789078, 48.094800951947732 ], [ -1.628967228988243, 48.094800565396149 ], [ -1.628964103596853, 48.094800214939454 ], [ -1.62896096955976, 48.094799900807736 ], [ -1.62895782782331, 48.094799623095831 ], [ -1.628954679336173, 48.094799381887604 ], [ -1.628951525049056, 48.094799177255879 ], [ -1.628948365914418, 48.094799009262466 ], [ -1.628945202886183, 48.094798877958077 ], [ -1.62894203691945, 48.094798783382359 ], [ -1.628938868970204, 48.094798725563876 ], [ -1.628935699995031, 48.094798704520095 ], [ -1.628932530950824, 48.094798720257359 ], [ -1.6289293627945, 48.094798772770915 ], [ -1.628926196482705, 48.094798862044911 ], [ -1.628923032971531, 48.094798988052396 ], [ -1.62891987321622, 48.094799150755307 ], [ -1.628916718170884, 48.094799350104523 ], [ -1.628913568788212, 48.094799586039841 ], [ -1.628910426019181, 48.094799858490028 ], [ -1.628907290812774, 48.094800167372817 ], [ -1.628904164115687, 48.094800512594915 ], [ -1.628901046872049, 48.094800894052106 ], [ -1.628897940023135, 48.094801311629205 ], [ -1.628894844507078, 48.094801765200096 ], [ -1.628891761258593, 48.094802254627844 ], [ -1.628888691208688, 48.094802779764649 ], [ -1.628885635284385, 48.094803340451939 ], [ -1.628882594408444, 48.094803936520428 ], [ -1.628879569499078, 48.094804567790106 ], [ -1.62887656146968, 48.094805234070364 ], [ -1.628873571228546, 48.094805935160011 ], [ -1.628870599678601, 48.094806670847348 ], [ -1.628867647717124, 48.09480744091023 ], [ -1.628864716235482, 48.094808245116113 ], [ -1.628861806118856, 48.094809083222195 ], [ -1.628858918245977, 48.094809954975368 ], [ -1.628856053488858, 48.094810860112418 ], [ -1.628853212712533, 48.09481179836002 ], [ -1.628850396774795, 48.094812769434867 ], [ -1.628847606525936, 48.094813773043725 ], [ -1.628844842808491, 48.094814808883562 ], [ -1.628842106456985, 48.094815876641583 ], [ -1.628839398297678, 48.094816975995379 ], [ -1.628836719148318, 48.094818106612976 ], [ -1.628834069817893, 48.094819268152996 ], [ -1.628831451106388, 48.094820460264678 ], [ -1.62882886380454, 48.094821682588069 ], [ -1.628826308693605, 48.09482293475407 ], [ -1.628302497702772, 48.095058658513487 ], [ -1.628299746656219, 48.095059772842745 ], [ -1.62829696711325, 48.095060855166921 ], [ -1.628294159908462, 48.095061905161018 ], [ -1.628291325884758, 48.095062922509769 ], [ -1.628288465893094, 48.095063906907697 ], [ -1.628285580792222, 48.095064858059239 ], [ -1.628282671448435, 48.095065775678783 ], [ -1.628279738735304, 48.095066659490826 ], [ -1.628276783533418, 48.095067509229956 ], [ -1.628273806730117, 48.095068324641062 ], [ -1.628270809219229, 48.095069105479297 ], [ -1.6282677919008, 48.095069851510189 ], [ -1.62826475568082, 48.095070562509768 ], [ -1.628261701470958, 48.095071238264509 ], [ -1.628258630188284, 48.095071878571531 ], [ -1.628255542754994, 48.095072483238582 ], [ -1.628252440098132, 48.095073052084075 ], [ -1.628249323149316, 48.095073584937225 ], [ -1.628246192844454, 48.095074081638039 ], [ -1.628243050123463, 48.095074542037366 ], [ -1.628239895929989, 48.095074965996979 ], [ -1.628236731211125, 48.095075353389575 ], [ -1.628233556917121, 48.095075704098825 ], [ -1.628230374001103, 48.095076018019434 ], [ -1.628227183418788, 48.09507629505714 ], [ -1.628223986128193, 48.095076535128761 ], [ -1.628220783089349, 48.095076738162199 ], [ -1.628217575264014, 48.095076904096523 ], [ -1.628214363615383, 48.095077032881882 ], [ -1.628211149107798, 48.095077124479609 ], [ -1.62820793270646, 48.095077178862212 ], [ -1.62820471537714, 48.095077196013342 ], [ -1.628201498085886, 48.095077175927877 ], [ -1.628198281798735, 48.095077118611833 ], [ -1.628195067481423, 48.095077024082414 ], [ -1.628191856099094, 48.095076892368013 ], [ -1.62818864861601, 48.095076723508186 ], [ -1.628185445995264, 48.095076517553608 ], [ -1.628182249198487, 48.095076274566146 ], [ -1.628179059185564, 48.095075994618746 ], [ -1.62817587691434, 48.095075677795478 ], [ -1.628172703340337, 48.095075324191463 ], [ -1.628169539416466, 48.095074933912855 ], [ -1.628166386092739, 48.095074507076895 ], [ -1.628163244315986, 48.095074043811685 ], [ -1.628160115029571, 48.095073544256358 ], [ -1.628156999173104, 48.095073008560909 ], [ -1.628153897682167, 48.095072436886177 ], [ -1.628150811488026, 48.095071829403828 ], [ -1.628147741517354, 48.095071186296259 ], [ -1.628144688691952, 48.095070507756567 ], [ -1.628141653928475, 48.095069793988493 ], [ -1.628138638138154, 48.095069045206365 ], [ -1.628135642226522, 48.095068261635006 ], [ -1.628132667093143, 48.095067443509684 ], [ -1.628129713631344, 48.095066591076062 ], [ -1.628126782727943, 48.095065704590091 ], [ -1.628123875262985, 48.095064784317941 ], [ -1.628120992109477, 48.095063830535956 ], [ -1.628118134133127, 48.095062843530499 ], [ -1.628115302192083, 48.095061823597938 ], [ -1.628112497136674, 48.09506077104453 ], [ -1.62810971980916, 48.095059686186303 ], [ -1.62810697104347, 48.095058569349 ], [ -1.62810425166496, 48.095057420867981 ], [ -1.628101562490164, 48.095056241088074 ], [ -1.628098904326542, 48.095055030363518 ], [ -1.628096277972247, 48.095053789057864 ], [ -1.628093684215878, 48.095052517543827 ], [ -1.628091123836247, 48.095051216203188 ], [ -1.628088597602144, 48.09504988542669 ], [ -1.628086106272107, 48.095048525613926 ], [ -1.627747545509739, 48.094841600702019 ], [ -1.627741882312975, 48.094837787255457 ], [ -1.627736123672908, 48.094834038111912 ], [ -1.627730271226055, 48.094830354336857 ], [ -1.627724326635597, 48.094826736977168 ], [ -1.627718291590896, 48.094823187060875 ], [ -1.627712167807024, 48.094819705596805 ], [ -1.627705957024267, 48.094816293574368 ], [ -1.62769966100764, 48.09481295196322 ], [ -1.627693281546374, 48.094809681713002 ], [ -1.627686820453418, 48.094806483753096 ], [ -1.62768027956492, 48.094803358992323 ], [ -1.627673660739701, 48.09480030831871 ], [ -1.627666965858734, 48.094797332599228 ], [ -1.627660196824604, 48.094794432679535 ], [ -1.62765335556097, 48.094791609383762 ], [ -1.627646444012016, 48.094788863514268 ], [ -1.627639464141903, 48.094786195851384 ], [ -1.627632417934206, 48.094783607153246 ], [ -1.627625307391352, 48.094781098155536 ], [ -1.62761813453405, 48.094778669571291 ], [ -1.627610901400722, 48.094776322090674 ], [ -1.627603610046915, 48.094774056380828 ], [ -1.627596262544724, 48.094771873085627 ], [ -1.627588860982199, 48.094769772825558 ], [ -1.627581407462755, 48.094767756197498 ], [ -1.62757390410457, 48.094765823774544 ], [ -1.627566353039987, 48.09476397610586 ], [ -1.627558756414907, 48.094762213716557 ], [ -1.627551116388177, 48.094760537107476 ], [ -1.627393813392454, 48.094730671540411 ], [ -1.627387191049716, 48.094729717576513 ], [ -1.627380594023763, 48.09472868833334 ], [ -1.627374024232742, 48.094727584110117 ], [ -1.62736748358688, 48.094726405227924 ], [ -1.627360973987932, 48.094725152029518 ], [ -1.627354497328624, 48.094723824879267 ], [ -1.627348055492104, 48.094722424163066 ], [ -1.627341650351397, 48.094720950288171 ], [ -1.627335283768856, 48.094719403683108 ], [ -1.627328957595626, 48.094717784797574 ], [ -1.6273226736711, 48.094716094102253 ], [ -1.627316433822386, 48.094714332088742 ], [ -1.62731023986378, 48.094712499269335 ], [ -1.627304093596233, 48.094710596176959 ], [ -1.627297996806828, 48.094708623364937 ], [ -1.627291951268264, 48.094706581406854 ], [ -1.627285958738338, 48.094704470896453 ], [ -1.627280020959433, 48.094702292447352 ], [ -1.627274139658015, 48.094700046692964 ], [ -1.627268316544125, 48.094697734286243 ], [ -1.627262553310889, 48.094695355899525 ], [ -1.62725685163402, 48.094692912224367 ], [ -1.627251213171334, 48.094690403971263 ], [ -1.627245639562267, 48.0946878318695 ], [ -1.627240132427396, 48.094685196666923 ], [ -1.627234693367973, 48.09468249912976 ], [ -1.627229323965455, 48.094679740042309 ], [ -1.626002158612959, 48.093712045860066 ], [ -1.625996231069502, 48.093707920001265 ], [ -1.625990410311024, 48.093703726866785 ], [ -1.625984698048832, 48.093699467689376 ], [ -1.625979095962334, 48.093695143721241 ], [ -1.625973605698548, 48.093690756233606 ], [ -1.625968228871614, 48.093686306516382 ], [ -1.625962967062325, 48.093681795877757 ], [ -1.625957821817654, 48.093677225643873 ], [ -1.625952794650308, 48.093672597158346 ], [ -1.625947887038276, 48.093667911781949 ], [ -1.625943100424402, 48.093663170892164 ], [ -1.625938436215951, 48.093658375882804 ], [ -1.625933895784204, 48.093653528163586 ], [ -1.625929480464052, 48.09364862915973 ], [ -1.625925191553602, 48.093643680311537 ], [ -1.625921030313795, 48.093638683073955 ], [ -1.62591699796804, 48.09363363891616 ], [ -1.625913095701848, 48.09362854932111 ], [ -1.625909324662489, 48.09362341578516 ], [ -1.625905685958651, 48.093618239817552 ], [ -1.625902180660115, 48.093613022940005 ], [ -1.625898809797441, 48.09360776668629 ], [ -1.625895574361665, 48.09360247260171 ], [ -1.625892475304008, 48.093597142242743 ], [ -1.625889513535593, 48.093591777176485 ], [ -1.625886689927184, 48.09358637898027 ], [ -1.625884005308923, 48.093580949241165 ], [ -1.62588146047009, 48.093575489555505 ], [ -1.625879056158869, 48.09357000152842 ], [ -1.625876793082129, 48.093564486773403 ], [ -1.625874671905216, 48.093558946911777 ], [ -1.625872693251757, 48.093553383572271 ], [ -1.625870857703479, 48.093547798390475 ], [ -1.625869165800033, 48.093542193008453 ], [ -1.62586761803884, 48.093536569074175 ], [ -1.625866214874944, 48.093530928241087 ], [ -1.625864956720874, 48.093525272167575 ], [ -1.62586384394653, 48.093519602516523 ], [ -1.625862876879068, 48.093513920954834 ], [ -1.625862055802806, 48.093508229152853 ], [ -1.62586138095914, 48.093502528784008 ], [ -1.625860852546477, 48.093496821524177 ], [ -1.625860470720169, 48.093491109051314 ], [ -1.625860235592474, 48.093485393044872 ], [ -1.625860147232519, 48.093479675185378 ], [ -1.625860205666282, 48.093473957153876 ], [ -1.625860410876583, 48.093468240631481 ], [ -1.625860762803091, 48.09346252729884 ], [ -1.625861261342339, 48.093456818835683 ], [ -1.625861906347757, 48.09345111692032 ], [ -1.625862697629711, 48.093445423229099 ], [ -1.62595190748944, 48.09327571927863 ], [ -1.626026437245669, 48.093174650881991 ], [ -1.62602959529878, 48.093170307772461 ], [ -1.626032865448577, 48.093166001830149 ], [ -1.626036246714905, 48.093161734345699 ], [ -1.626039738084306, 48.093157506598168 ], [ -1.62604333851032, 48.093153319854771 ], [ -1.626047046913802, 48.093149175370364 ], [ -1.626050862183239, 48.093145074387209 ], [ -1.626054783175093, 48.093141018134482 ], [ -1.626058808714133, 48.093137007827956 ], [ -1.626062937593796, 48.093133044669642 ], [ -1.626067168576542, 48.093129129847433 ], [ -1.626071500394229, 48.093125264534699 ], [ -1.626075931748493, 48.093121449889999 ], [ -1.626080461311136, 48.093117687056697 ], [ -1.626085087724523, 48.093113977162645 ], [ -1.62608980960199, 48.093110321319799 ], [ -1.626094625528262, 48.093106720623922 ], [ -1.626099534059874, 48.093103176154258 ], [ -1.626104533725603, 48.093099688973204 ], [ -1.626109623026912, 48.093096260125954 ], [ -1.626114800438398, 48.093092890640264 ], [ -1.626120064408249, 48.093089581526058 ], [ -1.626125413358709, 48.093086333775183 ], [ -1.626130845686549, 48.093083148361082 ], [ -1.626136359763552, 48.093080026238532 ], [ -1.626141953936998, 48.09307696834334 ], [ -1.626147626530159, 48.093073975592041 ], [ -1.626153375842804, 48.093071048881647 ], [ -1.626159200151705, 48.093068189089408 ], [ -1.626165097711157, 48.093065397072472 ], [ -1.6261710667535, 48.09306267366771 ], [ -1.626177105489647, 48.093060019691407 ], [ -1.626183212109625, 48.093057435939038 ], [ -1.62618938478311, 48.093054923185043 ], [ -1.626195621659984, 48.093052482182564 ], [ -1.626201920870882, 48.09305011366326 ], [ -1.626208280527758, 48.093047818337027 ], [ -1.62621469872445, 48.093045596891891 ], [ -1.626221173537246, 48.093043449993651 ], [ -1.626227703025468, 48.093041378285818 ], [ -1.626234285232048, 48.093039382389328 ], [ -1.626240918184119, 48.093037462902444 ], [ -1.626247599893602, 48.093035620400485 ], [ -1.626254328357807, 48.093033855435692 ], [ -1.626261101560026, 48.093032168537114 ], [ -1.626267917470147, 48.093030560210345 ], [ -1.626274774045252, 48.093029030937458 ], [ -1.626281669230239, 48.09302758117682 ], [ -1.62628860095843, 48.093026211362982 ], [ -1.626295567152198, 48.093024921906505 ], [ -1.626302565723581, 48.093023713193901 ], [ -1.626309594574917, 48.093022585587448 ], [ -1.626316651599465, 48.093021539425131 ], [ -1.626907243455637, 48.092875969981819 ], [ -1.626912532200492, 48.092875360174517 ], [ -1.626917835190534, 48.092874808311102 ], [ -1.626923151002851, 48.092874314539664 ], [ -1.626928478211094, 48.092873878992691 ], [ -1.626933815385855, 48.092873501787047 ], [ -1.626939161095051, 48.092873183023947 ], [ -1.626944513904311, 48.092872922788921 ], [ -1.626949872377356, 48.092872721151814 ], [ -1.62695523507639, 48.092872578166691 ], [ -1.626960600562482, 48.092872493871965 ], [ -1.626965967395953, 48.092872468290224 ], [ -1.626971334136762, 48.092872501428346 ], [ -1.626976699344895, 48.092872593277434 ], [ -1.626982061580746, 48.09287274381284 ], [ -1.626987419405509, 48.092872952994178 ], [ -1.626993571085422, 48.092872716571868 ], [ -1.626999715659786, 48.092872408555507 ], [ -1.627005851261058, 48.092872029038702 ], [ -1.627011976024415, 48.092871578136794 ], [ -1.627018088088334, 48.092871055986841 ], [ -1.627024185595149, 48.092870462747527 ], [ -1.627030266691617, 48.092869798599168 ], [ -1.627036329529485, 48.092869063743599 ], [ -1.62704237226605, 48.092868258404181 ], [ -1.627048393064716, 48.092867382825681 ], [ -1.627054390095556, 48.092866437274203 ], [ -1.627060361535867, 48.092865422037136 ], [ -1.627066305570724, 48.092864337423045 ], [ -1.627072220393531, 48.092863183761558 ], [ -1.627078104206569, 48.092861961403337 ], [ -1.627083955221548, 48.09286067071988 ], [ -1.627089771660142, 48.09285931210345 ], [ -1.627095551754537, 48.092857885966993 ], [ -1.627101293747964, 48.09285639274394 ], [ -1.627106995895234, 48.09285483288815 ], [ -1.627112656463269, 48.092853206873684 ], [ -1.627118273731629, 48.092851515194738 ], [ -1.627123845993033, 48.092849758365489 ], [ -1.62712937155388, 48.092847936919874 ], [ -1.627134848734762, 48.092846051411485 ], [ -1.627140275870977, 48.092844102413395 ], [ -1.627145651313032, 48.092842090517948 ], [ -1.627150973427146, 48.092840016336638 ], [ -1.627156240595745, 48.092837880499872 ] ], [ [ -1.627156240595745, 48.092837880499872 ], [ -1.627379964981195, 48.092748698902611 ], [ -1.627493578843618, 48.092709449882051 ], [ -1.627496238423124, 48.092708367759066 ], [ -1.627498925791252, 48.092707316710651 ], [ -1.627501640134242, 48.092706297055081 ], [ -1.62750438063017, 48.092705309101113 ], [ -1.627507146449189, 48.092704353147916 ], [ -1.627509936753787, 48.092703429484963 ], [ -1.627512750699036, 48.092702538391947 ], [ -1.627515587432849, 48.09270168013871 ], [ -1.62751844609624, 48.092700854985104 ], [ -1.62752132582358, 48.092700063181034 ], [ -1.627524225742866, 48.09269930496626 ], [ -1.627527144975976, 48.092698580570357 ], [ -1.627530082638943, 48.092697890212698 ], [ -1.627533037842217, 48.09269723410231 ], [ -1.627536009690937, 48.092696612437898 ], [ -1.627538997285204, 48.092696025407697 ], [ -1.627541999720348, 48.092695473189458 ], [ -1.627545016087207, 48.092694955950407 ], [ -1.627548045472399, 48.09269447384716 ], [ -1.627551086958602, 48.092694027025715 ], [ -1.627554139624826, 48.092693615621371 ], [ -1.627557202546701, 48.092693239758695 ], [ -1.627560274796746, 48.092692899551523 ], [ -1.627563355444659, 48.092692595102847 ], [ -1.627566443557594, 48.092692326504881 ], [ -1.627569538200444, 48.092692093838942 ], [ -1.627572638436125, 48.092691897175484 ], [ -1.62757574332586, 48.092691736574075 ], [ -1.627578851929463, 48.092691612083343 ], [ -1.62758196330562, 48.092691523740974 ], [ -1.627585076512183, 48.092691471573723 ], [ -1.627588190606445, 48.092691455597389 ], [ -1.627591304645433, 48.0926914758168 ], [ -1.627594417686189, 48.092691532225864 ], [ -1.627597528786059, 48.092691624807458 ], [ -1.627600637002976, 48.092691753533579 ], [ -1.627603741395744, 48.09269191836524 ], [ -1.627606841024329, 48.092692119252504 ], [ -1.627609934950136, 48.092692356134577 ], [ -1.627613022236298, 48.092692628939709 ], [ -1.627616101947959, 48.092692937585291 ], [ -1.627619173152558, 48.092693281977866 ], [ -1.627622234920106, 48.092693662013147 ], [ -1.627625286323475, 48.092694077576056 ], [ -1.627628326438675, 48.092694528540761 ], [ -1.627631354345133, 48.092695014770705 ], [ -1.627634369125973, 48.09269553611864 ], [ -1.627637369868295, 48.092696092426714 ], [ -1.627640355663448, 48.092696683526448 ], [ -1.627643325607309, 48.092697309238872 ], [ -1.627646278800553, 48.092697969374505 ], [ -1.627649214348929, 48.092698663733451 ], [ -1.627652131363528, 48.092699392105452 ], [ -1.627655028961053, 48.092700154269949 ], [ -1.627657906264089, 48.09270094999615 ], [ -1.627660762401362, 48.092701779043104 ], [ -1.62766359650801, 48.092702641159761 ], [ -1.627666407725843, 48.092703536085082 ], [ -1.627669195203599, 48.092704463548046 ], [ -1.627671958097208, 48.092705423267823 ], [ -1.627674695570042, 48.092706414953803 ], [ -1.62767740679317, 48.092707438305681 ], [ -1.627680090945612, 48.092708493013582 ], [ -1.627682747214584, 48.092709578758139 ], [ -1.627685374795744, 48.092710695210563 ], [ -1.627687972893441, 48.092711842032791 ], [ -1.627690540720947, 48.092713018877554 ], [ -1.627693077500702, 48.092714225388477 ], [ -1.62769558246455, 48.092715461200228 ], [ -1.627698054853964, 48.092716725938594 ], [ -1.627700493920286, 48.092718019220598 ], [ -1.627702898924945, 48.092719340654604 ], [ -1.627705269139686, 48.09272068984049 ], [ -1.627707603846788, 48.09272206636971 ], [ -1.627709902339281, 48.092723469825408 ], [ -1.627712163921163, 48.092724899782631 ], [ -1.627714387907608, 48.092726355808381 ], [ -1.627716573625174, 48.092727837461723 ], [ -1.627718720412008, 48.092729344294035 ], [ -1.627720827618043, 48.092730875849007 ], [ -1.627722894605202, 48.092732431662888 ], [ -1.627724920747581, 48.092734011264561 ], [ -1.62772690543165, 48.092735614175687 ], [ -1.627728848056427, 48.092737239910896 ], [ -1.627730748033671, 48.092738887977923 ], [ -1.627732604788052, 48.09274055787769 ], [ -1.62773441775733, 48.092742249104546 ], [ -1.627736186392522, 48.092743961146368 ], [ -1.627737910158069, 48.092745693484744 ], [ -1.627739588532003, 48.092747445595094 ], [ -1.627741221006096, 48.092749216946856 ], [ -1.627742807086023, 48.09275100700367 ], [ -1.627744346291504, 48.09275281522347 ], [ -1.627745838156456, 48.092754641058711 ], [ -1.627747282229128, 48.092756483956535 ], [ -1.627748678072245, 48.092758343358859 ], [ -1.627750025263132, 48.092760218702672 ] ] ] } },
{ "type": "Feature", "properties": { "Fid": 11.0, "Id_itinéraire": 9.0, "Id_quai": "9", "Couleurs": "#dc291a", "Sens_de_circulation": "Entrée", "Type_quai": "Additi / Accueil" }, "geometry": { "type": "MultiLineString", "coordinates": [ [ [ -1.629179293871371, 48.094858303615212 ], [ -1.629113002257112, 48.09480692141878 ], [ -1.629108573499351, 48.094807540016291 ], [ -1.62910412935052, 48.094808107240397 ], [ -1.629099671146407, 48.094808622920624 ], [ -1.629095200227027, 48.094809086901954 ], [ -1.629090717936214, 48.094809499044942 ], [ -1.62908622562122, 48.094809859225705 ], [ -1.629081724632313, 48.094810167335986 ], [ -1.629077216322365, 48.094810423283178 ], [ -1.629072702046449, 48.094810626990345 ], [ -1.629068183161434, 48.094810778396258 ], [ -1.629063661025571, 48.094810877455416 ], [ -1.62905913699809, 48.094810924138045 ], [ -1.629054612438787, 48.094810918430106 ], [ -1.629050088707622, 48.094810860333325 ], [ -1.629045567164303, 48.094810749865154 ], [ -1.629041049167882, 48.094810587058802 ], [ -1.629036536076342, 48.094810371963199 ], [ -1.629032029246196, 48.09481010464301 ], [ -1.629027530032073, 48.094809785178562 ], [ -1.629023039786311, 48.094809413665885 ], [ -1.629018559858556, 48.094808990216656 ], [ -1.629014091595349, 48.094808514958139 ], [ -1.629009636339728, 48.094807988033175 ], [ -1.629005195430819, 48.094807409600165 ], [ -1.629000770203438, 48.094806779832943 ], [ -1.628996361987686, 48.094806098920813 ], [ -1.62899197210855, 48.094805367068432 ], [ -1.628987601885508, 48.094804584495783 ], [ -1.628983252632128, 48.094803751438057 ], [ -1.628978925655675, 48.094802868145663 ], [ -1.628974622256721, 48.094801934884103 ], [ -1.628970343789078, 48.094800951947732 ], [ -1.628967228988243, 48.094800565396149 ], [ -1.628964103596853, 48.094800214939454 ], [ -1.62896096955976, 48.094799900807736 ], [ -1.62895782782331, 48.094799623095831 ], [ -1.628954679336173, 48.094799381887604 ], [ -1.628951525049056, 48.094799177255879 ], [ -1.628948365914418, 48.094799009262466 ], [ -1.628945202886183, 48.094798877958077 ], [ -1.62894203691945, 48.094798783382359 ], [ -1.628938868970204, 48.094798725563876 ], [ -1.628935699995031, 48.094798704520095 ], [ -1.628932530950824, 48.094798720257359 ], [ -1.6289293627945, 48.094798772770915 ], [ -1.628926196482705, 48.094798862044911 ], [ -1.628923032971531, 48.094798988052396 ], [ -1.62891987321622, 48.094799150755307 ], [ -1.628916718170884, 48.094799350104523 ], [ -1.628913568788212, 48.094799586039841 ], [ -1.628910426019181, 48.094799858490028 ], [ -1.628907290812774, 48.094800167372817 ], [ -1.628904164115687, 48.094800512594915 ], [ -1.628901046872049, 48.094800894052106 ], [ -1.628897940023135, 48.094801311629205 ], [ -1.628894844507078, 48.094801765200096 ], [ -1.628891761258593, 48.094802254627844 ], [ -1.628888691208688, 48.094802779764649 ], [ -1.628885635284385, 48.094803340451939 ], [ -1.628882594408444, 48.094803936520428 ], [ -1.628879569499078, 48.094804567790106 ], [ -1.62887656146968, 48.094805234070364 ], [ -1.628873571228546, 48.094805935160011 ], [ -1.628870599678601, 48.094806670847348 ], [ -1.628867647717124, 48.09480744091023 ], [ -1.628864716235482, 48.094808245116113 ], [ -1.628861806118856, 48.094809083222195 ], [ -1.628858918245977, 48.094809954975368 ], [ -1.628856053488858, 48.094810860112418 ], [ -1.628853212712533, 48.09481179836002 ], [ -1.628850396774795, 48.094812769434867 ], [ -1.628847606525936, 48.094813773043725 ], [ -1.628844842808491, 48.094814808883562 ], [ -1.628842106456985, 48.094815876641583 ], [ -1.628839398297678, 48.094816975995379 ], [ -1.628836719148318, 48.094818106612976 ], [ -1.628834069817893, 48.094819268152996 ], [ -1.628831451106388, 48.094820460264678 ], [ -1.62882886380454, 48.094821682588069 ], [ -1.628826308693605, 48.09482293475407 ], [ -1.628302497702772, 48.095058658513487 ], [ -1.628299746656219, 48.095059772842745 ], [ -1.62829696711325, 48.095060855166921 ], [ -1.628294159908462, 48.095061905161018 ], [ -1.628291325884758, 48.095062922509769 ], [ -1.628288465893094, 48.095063906907697 ], [ -1.628285580792222, 48.095064858059239 ], [ -1.628282671448435, 48.095065775678783 ], [ -1.628279738735304, 48.095066659490826 ], [ -1.628276783533418, 48.095067509229956 ], [ -1.628273806730117, 48.095068324641062 ], [ -1.628270809219229, 48.095069105479297 ], [ -1.6282677919008, 48.095069851510189 ], [ -1.62826475568082, 48.095070562509768 ], [ -1.628261701470958, 48.095071238264509 ], [ -1.628258630188284, 48.095071878571531 ], [ -1.628255542754994, 48.095072483238582 ], [ -1.628252440098132, 48.095073052084075 ], [ -1.628249323149316, 48.095073584937225 ], [ -1.628246192844454, 48.095074081638039 ], [ -1.628243050123463, 48.095074542037366 ], [ -1.628239895929989, 48.095074965996979 ], [ -1.628236731211125, 48.095075353389575 ], [ -1.628233556917121, 48.095075704098825 ], [ -1.628230374001103, 48.095076018019434 ], [ -1.628227183418788, 48.09507629505714 ], [ -1.628223986128193, 48.095076535128761 ], [ -1.628220783089349, 48.095076738162199 ], [ -1.628217575264014, 48.095076904096523 ], [ -1.628214363615383, 48.095077032881882 ], [ -1.628211149107798, 48.095077124479609 ], [ -1.62820793270646, 48.095077178862212 ], [ -1.62820471537714, 48.095077196013342 ], [ -1.628201498085886, 48.095077175927877 ], [ -1.628198281798735, 48.095077118611833 ], [ -1.628195067481423, 48.095077024082414 ], [ -1.628191856099094, 48.095076892368013 ], [ -1.62818864861601, 48.095076723508186 ], [ -1.628185445995264, 48.095076517553608 ], [ -1.628182249198487, 48.095076274566146 ], [ -1.628179059185564, 48.095075994618746 ], [ -1.62817587691434, 48.095075677795478 ], [ -1.628172703340337, 48.095075324191463 ], [ -1.628169539416466, 48.095074933912855 ], [ -1.628166386092739, 48.095074507076895 ], [ -1.628163244315986, 48.095074043811685 ], [ -1.628160115029571, 48.095073544256358 ], [ -1.628156999173104, 48.095073008560909 ], [ -1.628153897682167, 48.095072436886177 ], [ -1.628150811488026, 48.095071829403828 ], [ -1.628147741517354, 48.095071186296259 ], [ -1.628144688691952, 48.095070507756567 ], [ -1.628141653928475, 48.095069793988493 ], [ -1.628138638138154, 48.095069045206365 ], [ -1.628135642226522, 48.095068261635006 ], [ -1.628132667093143, 48.095067443509684 ], [ -1.628129713631344, 48.095066591076062 ], [ -1.628126782727943, 48.095065704590091 ], [ -1.628123875262985, 48.095064784317941 ], [ -1.628120992109477, 48.095063830535956 ], [ -1.628118134133127, 48.095062843530499 ], [ -1.628115302192083, 48.095061823597938 ], [ -1.628112497136674, 48.09506077104453 ], [ -1.62810971980916, 48.095059686186303 ], [ -1.62810697104347, 48.095058569349 ], [ -1.62810425166496, 48.095057420867981 ], [ -1.628101562490164, 48.095056241088074 ], [ -1.628098904326542, 48.095055030363518 ], [ -1.628096277972247, 48.095053789057864 ], [ -1.628093684215878, 48.095052517543827 ], [ -1.628091123836247, 48.095051216203188 ], [ -1.628088597602144, 48.09504988542669 ], [ -1.628086106272107, 48.095048525613926 ], [ -1.627747545509739, 48.094841600702019 ], [ -1.627741882312975, 48.094837787255457 ], [ -1.627736123672908, 48.094834038111912 ], [ -1.627730271226055, 48.094830354336857 ], [ -1.627724326635597, 48.094826736977168 ], [ -1.627718291590896, 48.094823187060875 ], [ -1.627712167807024, 48.094819705596805 ], [ -1.627705957024267, 48.094816293574368 ], [ -1.62769966100764, 48.09481295196322 ], [ -1.627693281546374, 48.094809681713002 ], [ -1.627686820453418, 48.094806483753096 ], [ -1.62768027956492, 48.094803358992323 ], [ -1.627673660739701, 48.09480030831871 ], [ -1.627666965858734, 48.094797332599228 ], [ -1.627660196824604, 48.094794432679535 ], [ -1.62765335556097, 48.094791609383762 ], [ -1.627646444012016, 48.094788863514268 ], [ -1.627639464141903, 48.094786195851384 ], [ -1.627632417934206, 48.094783607153246 ], [ -1.627625307391352, 48.094781098155536 ], [ -1.62761813453405, 48.094778669571291 ], [ -1.627610901400722, 48.094776322090674 ], [ -1.627603610046915, 48.094774056380828 ], [ -1.627596262544724, 48.094771873085627 ], [ -1.627588860982199, 48.094769772825558 ], [ -1.627581407462755, 48.094767756197498 ], [ -1.62757390410457, 48.094765823774544 ], [ -1.627566353039987, 48.09476397610586 ], [ -1.627558756414907, 48.094762213716557 ], [ -1.627551116388177, 48.094760537107476 ], [ -1.627393813392454, 48.094730671540411 ], [ -1.627387191049716, 48.094729717576513 ], [ -1.627380594023763, 48.09472868833334 ], [ -1.627374024232742, 48.094727584110117 ], [ -1.62736748358688, 48.094726405227924 ], [ -1.627360973987932, 48.094725152029518 ], [ -1.627354497328624, 48.094723824879267 ], [ -1.627348055492104, 48.094722424163066 ], [ -1.627341650351397, 48.094720950288171 ], [ -1.627335283768856, 48.094719403683108 ], [ -1.627328957595626, 48.094717784797574 ], [ -1.6273226736711, 48.094716094102253 ], [ -1.627316433822386, 48.094714332088742 ], [ -1.62731023986378, 48.094712499269335 ], [ -1.627304093596233, 48.094710596176959 ], [ -1.627297996806828, 48.094708623364937 ], [ -1.627291951268264, 48.094706581406854 ], [ -1.627285958738338, 48.094704470896453 ], [ -1.627280020959433, 48.094702292447352 ], [ -1.627274139658015, 48.094700046692964 ], [ -1.627268316544125, 48.094697734286243 ], [ -1.627262553310889, 48.094695355899525 ], [ -1.62725685163402, 48.094692912224367 ], [ -1.627251213171334, 48.094690403971263 ], [ -1.627245639562267, 48.0946878318695 ], [ -1.627240132427396, 48.094685196666923 ], [ -1.627234693367973, 48.09468249912976 ], [ -1.627229323965455, 48.094679740042309 ], [ -1.626002158612959, 48.093712045860066 ], [ -1.625996231069502, 48.093707920001265 ], [ -1.625990410311024, 48.093703726866785 ], [ -1.625984698048832, 48.093699467689376 ], [ -1.625979095962334, 48.093695143721241 ], [ -1.625973605698548, 48.093690756233606 ], [ -1.625968228871614, 48.093686306516382 ], [ -1.625962967062325, 48.093681795877757 ], [ -1.625957821817654, 48.093677225643873 ], [ -1.625952794650308, 48.093672597158346 ], [ -1.625947887038276, 48.093667911781949 ], [ -1.625943100424402, 48.093663170892164 ], [ -1.625938436215951, 48.093658375882804 ], [ -1.625933895784204, 48.093653528163586 ], [ -1.625929480464052, 48.09364862915973 ], [ -1.625925191553602, 48.093643680311537 ], [ -1.625921030313795, 48.093638683073955 ], [ -1.62591699796804, 48.09363363891616 ], [ -1.625913095701848, 48.09362854932111 ], [ -1.625909324662489, 48.09362341578516 ], [ -1.625905685958651, 48.093618239817552 ], [ -1.625902180660115, 48.093613022940005 ], [ -1.625898809797441, 48.09360776668629 ], [ -1.625895574361665, 48.09360247260171 ], [ -1.625892475304008, 48.093597142242743 ], [ -1.625889513535593, 48.093591777176485 ], [ -1.625886689927184, 48.09358637898027 ], [ -1.625884005308923, 48.093580949241165 ], [ -1.62588146047009, 48.093575489555505 ], [ -1.625879056158869, 48.09357000152842 ], [ -1.625876793082129, 48.093564486773403 ], [ -1.625874671905216, 48.093558946911777 ], [ -1.625872693251757, 48.093553383572271 ], [ -1.625870857703479, 48.093547798390475 ], [ -1.625869165800033, 48.093542193008453 ], [ -1.62586761803884, 48.093536569074175 ], [ -1.625866214874944, 48.093530928241087 ], [ -1.625864956720874, 48.093525272167575 ], [ -1.62586384394653, 48.093519602516523 ], [ -1.625862876879068, 48.093513920954834 ], [ -1.625862055802806, 48.093508229152853 ], [ -1.62586138095914, 48.093502528784008 ], [ -1.625860852546477, 48.093496821524177 ], [ -1.625860470720169, 48.093491109051314 ], [ -1.625860235592474, 48.093485393044872 ], [ -1.625860147232519, 48.093479675185378 ], [ -1.625860205666282, 48.093473957153876 ], [ -1.625860410876583, 48.093468240631481 ], [ -1.625860762803091, 48.09346252729884 ], [ -1.625861261342339, 48.093456818835683 ], [ -1.625861906347757, 48.09345111692032 ], [ -1.625862697629711, 48.093445423229099 ], [ -1.62595190748944, 48.09327571927863 ], [ -1.626026437245669, 48.093174650881991 ], [ -1.62602959529878, 48.093170307772461 ], [ -1.626032865448577, 48.093166001830149 ], [ -1.626036246714905, 48.093161734345699 ], [ -1.626039738084306, 48.093157506598168 ], [ -1.62604333851032, 48.093153319854771 ], [ -1.626047046913802, 48.093149175370364 ], [ -1.626050862183239, 48.093145074387209 ], [ -1.626054783175093, 48.093141018134482 ], [ -1.626058808714133, 48.093137007827956 ], [ -1.626062937593796, 48.093133044669642 ], [ -1.626067168576542, 48.093129129847433 ], [ -1.626071500394229, 48.093125264534699 ], [ -1.626075931748493, 48.093121449889999 ], [ -1.626080461311136, 48.093117687056697 ], [ -1.626085087724523, 48.093113977162645 ], [ -1.62608980960199, 48.093110321319799 ], [ -1.626094625528262, 48.093106720623922 ], [ -1.626099534059874, 48.093103176154258 ], [ -1.626104533725603, 48.093099688973204 ], [ -1.626109623026912, 48.093096260125954 ], [ -1.626114800438398, 48.093092890640264 ], [ -1.626120064408249, 48.093089581526058 ], [ -1.626125413358709, 48.093086333775183 ], [ -1.626130845686549, 48.093083148361082 ], [ -1.626136359763552, 48.093080026238532 ], [ -1.626141953936998, 48.09307696834334 ], [ -1.626147626530159, 48.093073975592041 ], [ -1.626153375842804, 48.093071048881647 ], [ -1.626159200151705, 48.093068189089408 ], [ -1.626165097711157, 48.093065397072472 ], [ -1.6261710667535, 48.09306267366771 ], [ -1.626177105489647, 48.093060019691407 ], [ -1.626183212109625, 48.093057435939038 ], [ -1.62618938478311, 48.093054923185043 ], [ -1.626195621659984, 48.093052482182564 ], [ -1.626201920870882, 48.09305011366326 ], [ -1.626208280527758, 48.093047818337027 ], [ -1.62621469872445, 48.093045596891891 ], [ -1.626221173537246, 48.093043449993651 ], [ -1.626227703025468, 48.093041378285818 ], [ -1.626234285232048, 48.093039382389328 ], [ -1.626240918184119, 48.093037462902444 ], [ -1.626247599893602, 48.093035620400485 ], [ -1.626254328357807, 48.093033855435692 ], [ -1.626261101560026, 48.093032168537114 ], [ -1.626267917470147, 48.093030560210345 ], [ -1.626274774045252, 48.093029030937458 ], [ -1.626281669230239, 48.09302758117682 ], [ -1.62628860095843, 48.093026211362982 ], [ -1.626295567152198, 48.093024921906505 ], [ -1.626302565723581, 48.093023713193901 ], [ -1.626309594574917, 48.093022585587448 ], [ -1.626316651599465, 48.093021539425131 ], [ -1.626907243455637, 48.092875969981819 ], [ -1.626912532200492, 48.092875360174517 ], [ -1.626917835190534, 48.092874808311102 ], [ -1.626923151002851, 48.092874314539664 ], [ -1.626928478211094, 48.092873878992691 ], [ -1.626933815385855, 48.092873501787047 ], [ -1.626939161095051, 48.092873183023947 ], [ -1.626944513904311, 48.092872922788921 ], [ -1.626949872377356, 48.092872721151814 ], [ -1.62695523507639, 48.092872578166691 ], [ -1.626960600562482, 48.092872493871965 ], [ -1.626965967395953, 48.092872468290224 ], [ -1.626971334136762, 48.092872501428346 ], [ -1.626976699344895, 48.092872593277434 ], [ -1.626982061580746, 48.09287274381284 ], [ -1.626987419405509, 48.092872952994178 ], [ -1.626993571085422, 48.092872716571868 ], [ -1.626999715659786, 48.092872408555507 ], [ -1.627005851261058, 48.092872029038702 ], [ -1.627011976024415, 48.092871578136794 ], [ -1.627018088088334, 48.092871055986841 ], [ -1.627024185595149, 48.092870462747527 ], [ -1.627030266691617, 48.092869798599168 ], [ -1.627036329529485, 48.092869063743599 ], [ -1.62704237226605, 48.092868258404181 ], [ -1.627048393064716, 48.092867382825681 ], [ -1.627054390095556, 48.092866437274203 ], [ -1.627060361535867, 48.092865422037136 ], [ -1.627066305570724, 48.092864337423045 ], [ -1.627072220393531, 48.092863183761558 ], [ -1.627078104206569, 48.092861961403337 ], [ -1.627083955221548, 48.09286067071988 ], [ -1.627089771660142, 48.09285931210345 ], [ -1.627095551754537, 48.092857885966993 ], [ -1.627101293747964, 48.09285639274394 ], [ -1.627106995895234, 48.09285483288815 ], [ -1.627112656463269, 48.092853206873684 ], [ -1.627118273731629, 48.092851515194738 ], [ -1.627123845993033, 48.092849758365489 ], [ -1.62712937155388, 48.092847936919874 ], [ -1.627134848734762, 48.092846051411485 ], [ -1.627140275870977, 48.092844102413395 ], [ -1.627145651313032, 48.092842090517948 ], [ -1.627150973427146, 48.092840016336638 ], [ -1.627156240595745, 48.092837880499872 ], [ -1.62743911489779, 48.092725120382951 ], [ -1.627585915932791, 48.092682882415978 ], [ -1.62758886615204, 48.092681982769925 ], [ -1.627591839366386, 48.092681117555443 ], [ -1.627594834675166, 48.092680287034653 ], [ -1.627597851171027, 48.092679491459123 ], [ -1.627600887940194, 48.092678731069874 ], [ -1.627603944062754, 48.092678006097223 ], [ -1.62760701861293, 48.092677316760806 ], [ -1.627610110659362, 48.09267666326943 ], [ -1.627613219265392, 48.092676045821065 ], [ -1.627616343489343, 48.092675464602735 ], [ -1.627619482384809, 48.092674919790532 ], [ -1.62762263500094, 48.092674411549474 ], [ -1.627625800382727, 48.092673940033535 ], [ -1.627628977571296, 48.092673505385548 ], [ -1.627632165604197, 48.092673107737163 ], [ -1.627635363515693, 48.092672747208852 ], [ -1.627638570337057, 48.092672423909839 ], [ -1.62764178509686, 48.092672137938045 ], [ -1.627645006821271, 48.0926718893801 ], [ -1.627648234534347, 48.092671678311312 ], [ -1.627651467258332, 48.092671504795597 ], [ -1.627654704013953, 48.09267136888554 ], [ -1.627657943820714, 48.092671270622304 ], [ -1.627661185697195, 48.092671210035647 ], [ -1.62766442866135, 48.092671187143935 ], [ -1.627667671730803, 48.092671201954097 ], [ -1.627670913923146, 48.092671254461642 ], [ -1.627674154256237, 48.092671344650675 ], [ -1.627677391748496, 48.092671472493862 ], [ -1.627680625419206, 48.092671637952492 ], [ -1.627683854288805, 48.092671840976422 ], [ -1.627687077379187, 48.092672081504169 ], [ -1.627690293713996, 48.092672359462867 ], [ -1.627693502318924, 48.092672674768309 ], [ -1.627696702222001, 48.092673027324985 ], [ -1.627699892453897, 48.092673417026084 ], [ -1.627703072048209, 48.092673843753573 ], [ -1.627706240041758, 48.092674307378182 ], [ -1.627709395474878, 48.092674807759444 ], [ -1.627712537391709, 48.092675344745814 ], [ -1.627715664840483, 48.092675918174592 ], [ -1.627718776873819, 48.092676527872086 ], [ -1.627721872549001, 48.092677173653605 ], [ -1.627724950928273, 48.092677855323529 ], [ -1.627728011079113, 48.092678572675332 ], [ -1.627731052074526, 48.092679325491744 ], [ -1.627734072993316, 48.092680113544695 ], [ -1.627737072920371, 48.092680936595471 ], [ -1.627740050946937, 48.092681794394743 ], [ -1.627743006170894, 48.092682686682664 ], [ -1.62774593769703, 48.092683613188932 ], [ -1.627748844637311, 48.09268457363288 ], [ -1.627751726111151, 48.092685567723578 ], [ -1.62775458124568, 48.092686595159869 ], [ -1.627757409176004, 48.092687655630527 ], [ -1.627760209045471, 48.092688748814304 ], [ -1.627762980005931, 48.092689874380042 ], [ -1.627765721217988, 48.092691031986774 ], [ -1.627768431851262, 48.092692221283848 ], [ -1.627771111084631, 48.092693441910974 ], [ -1.62788347033834, 48.09277226093014 ], [ -1.627884061858613, 48.092772714680514 ], [ -1.627884665113573, 48.092773161485376 ], [ -1.62788527992045, 48.092773601209345 ], [ -1.627885906092973, 48.092774033719188 ], [ -1.627886543441427, 48.092774458883873 ], [ -1.627887191772711, 48.092774876574595 ], [ -1.627887850890397, 48.092775286664789 ], [ -1.62788852059479, 48.092775689030226 ], [ -1.627889200682984, 48.092776083548983 ], [ -1.627889890948932, 48.092776470101526 ], [ -1.627890591183499, 48.092776848570757 ], [ -1.627891301174532, 48.092777218842002 ], [ -1.627892020706921, 48.092777580803087 ], [ -1.627892749562666, 48.092777934344326 ], [ -1.627893487520943, 48.092778279358619 ], [ -1.627894234358167, 48.092778615741452 ], [ -1.627894989848068, 48.092778943390876 ], [ -1.627895753761748, 48.092779262207635 ], [ -1.627896525867763, 48.092779572095139 ], [ -1.627897305932183, 48.092779872959504 ], [ -1.627898093718668, 48.092780164709573 ], [ -1.627898888988538, 48.092780447256949 ], [ -1.627899691500848, 48.092780720516032 ], [ -1.627900501012455, 48.092780984404015 ], [ -1.627901317278099, 48.092781238840978 ], [ -1.627902140050469, 48.092781483749803 ], [ -1.627902969080289, 48.092781719056305 ], [ -1.627903804116381, 48.092781944689193 ], [ -1.627904644905752, 48.0927821605801 ], [ -1.627905491193663, 48.09278236666362 ], [ -1.62790634272371, 48.092782562877304 ], [ -1.6279071992379, 48.092782749161721 ], [ -1.627908060476732, 48.092782925460419 ], [ -1.627908926179272, 48.092783091720001 ], [ -1.627909796083233, 48.092783247890061 ], [ -1.627910669925056, 48.092783393923334 ], [ -1.627911547439989, 48.092783529775524 ], [ -1.627912428362167, 48.092783655405505 ], [ -1.627913312424693, 48.092783770775199 ], [ -1.627914199359718, 48.092783875849662 ], [ -1.627915088898522, 48.092783970597047 ], [ -1.627915980771599, 48.092784054988662 ], [ -1.627916874708732, 48.092784128998922 ], [ -1.62791777043908, 48.092784192605421 ], [ -1.627918667691261, 48.092784245788877 ], [ -1.62791956619343, 48.092784288533181 ], [ -1.627920465673362, 48.092784320825373 ], [ -1.627921365858537, 48.092784342655683 ], [ -1.627922266476223, 48.092784354017489 ], [ -1.627923167253554, 48.092784354907359 ], [ -1.627924067917618, 48.092784345325015 ], [ -1.627924968195535, 48.092784325273357 ], [ -1.627925867814545, 48.092784294758452 ], [ -1.627926766502085, 48.092784253789567 ], [ -1.627927663985875, 48.0927842023791 ], [ -1.627928559994001, 48.092784140542641 ], [ -1.627929454254994, 48.092784068298918 ], [ -1.627930346497915, 48.092783985669811 ], [ -1.627931236452438, 48.092783892680359 ], [ -1.627932123848928, 48.092783789358734 ], [ -1.627933008418527, 48.092783675736243 ], [ -1.627933889893231, 48.092783551847312 ], [ -1.627934768005976, 48.092783417729471 ], [ -1.627935642490717, 48.092783273423358 ], [ -1.627936513082506, 48.092783118972697 ], [ -1.627937379517576, 48.09278295442428 ], [ -1.627938241533418, 48.092782779827949 ], [ -1.627939098868863, 48.092782595236621 ], [ -1.627939951264161, 48.092782400706213 ], [ -1.627940798461056, 48.092782196295659 ], [ -1.627941640202869, 48.092781982066903 ], [ -1.627942476234574, 48.092781758084847 ], [ -1.627943306302873, 48.09278152441734 ], [ -1.627944130156278, 48.092781281135188 ], [ -1.627944947545181, 48.092781028312103 ], [ -1.627945758221933, 48.092780766024667 ], [ -1.62794656194092, 48.092780494352368 ], [ -1.627947358458635, 48.092780213377488 ], [ -1.627948147533754, 48.092779923185191 ], [ -1.627948928927206, 48.092779623863365 ], [ -1.627949702402248, 48.092779315502717 ], [ -1.627950467724538, 48.092778998196657 ], [ -1.627951224662201, 48.092778672041341 ], [ -1.627986231062853, 48.092762832824292 ], [ -1.628034788328274, 48.092738696865105 ], [ -1.628041707257262, 48.092735185895677 ], [ -1.628048536073371, 48.092731597080935 ], [ -1.628055272813622, 48.092727931452494 ], [ -1.628061915541504, 48.09272419006404 ], [ -1.628068462347531, 48.092720373991028 ], [ -1.62807491134979, 48.092716484330396 ], [ -1.628081260694482, 48.092712522200237 ], [ -1.628087508556454, 48.092708488739454 ], [ -1.628093653139727, 48.092704385107488 ], [ -1.628099692678008, 48.092700212483926 ], [ -1.628105625435201, 48.092695972068185 ], [ -1.628111449705904, 48.092691665079201 ], [ -1.6281171638159, 48.092687292754981 ], [ -1.628122766122639, 48.092682856352404 ], [ -1.628128255015709, 48.092678357146696 ], [ -1.628133628917299, 48.092673796431157 ], [ -1.628138886282654, 48.092669175516775 ], [ -1.628144025600516, 48.092664495731853 ], [ -1.628149045393562, 48.09265975842159 ], [ -1.628153944218827, 48.092654964947734 ], [ -1.628158720668118, 48.092650116688183 ], [ -1.62816337336842, 48.09264521503659 ], [ -1.628167900982289, 48.092640261401918 ], [ -1.628172302208241, 48.092635257208123 ], [ -1.62817657578112, 48.092630203893656 ], [ -1.628180720472465, 48.092625102911121 ], [ -1.628184735090864, 48.092619955726796 ], [ -1.628188618482293, 48.092614763820258 ], [ -1.628192369530452, 48.09260952868393 ], [ -1.628195987157083, 48.092604251822671 ], [ -1.6282021979701, 48.092596332187888 ], [ -1.628202579218271, 48.092595668150651 ], [ -1.628202977679801, 48.092595008637353 ], [ -1.628203393234431, 48.092594353847055 ], [ -1.628203825756739, 48.092593703977364 ], [ -1.628204275116187, 48.092593059224448 ], [ -1.628204741177151, 48.092592419782889 ], [ -1.628205223798967, 48.092591785845677 ], [ -1.628205722835976, 48.092591157604133 ], [ -1.62820623813756, 48.092590535247886 ], [ -1.628206769548195, 48.092589918964755 ], [ -1.628207316907495, 48.092589308940759 ], [ -1.62820788005026, 48.092588705360001 ], [ -1.628208458806525, 48.092588108404655 ], [ -1.628209053001615, 48.092587518254881 ], [ -1.628209662456194, 48.092586935088804 ], [ -1.628210286986321, 48.092586359082425 ], [ -1.628210926403505, 48.092585790409586 ], [ -1.62821158051476, 48.092585229241934 ], [ -1.628212249122669, 48.092584675748832 ], [ -1.628212932025436, 48.092584130097322 ], [ -1.628213629016954, 48.092583592452108 ], [ -1.62821433988686, 48.092583062975443 ], [ -1.628215064420605, 48.092582541827127 ], [ -1.628215802399515, 48.092582029164447 ], [ -1.62821655360086, 48.092581525142158 ], [ -1.628217317797916, 48.09258102991236 ], [ -1.62821809476004, 48.092580543624514 ], [ -1.628218884252734, 48.092580066425406 ], [ -1.628219686037719, 48.092579598459054 ], [ -1.628220499873007, 48.092579139866679 ], [ -1.62822132551297, 48.092578690786723 ], [ -1.628222162708421, 48.092578251354702 ], [ -1.628223011206683, 48.092577821703244 ], [ -1.628223870751668, 48.092577401962032 ], [ -1.628224741083955, 48.092576992257747 ], [ -1.628225621940866, 48.092576592714032 ], [ -1.628226513056547, 48.0925762034515 ], [ -1.628227414162049, 48.092575824587605 ], [ -1.628228324985405, 48.092575456236716 ], [ -1.628229245251718, 48.09257509850999 ], [ -1.628230174683239, 48.092574751515407 ], [ -1.628231112999455, 48.092574415357689 ], [ -1.628232059917169, 48.092574090138299 ], [ -1.628233015150589, 48.092573775955373 ], [ -1.628233978411414, 48.092573472903766 ], [ -1.628234949408919, 48.092573181074918 ], [ -1.628235927850045, 48.092572900556917 ], [ -1.628236913439485, 48.092572631434429 ], [ -1.628237905879775, 48.092572373788677 ], [ -1.628238904871386, 48.092572127697416 ], [ -1.628239910112808, 48.092571893234926 ], [ -1.628240921300645, 48.092571670471962 ], [ -1.628241938129711, 48.092571459475778 ], [ -1.62824296029311, 48.092571260310024 ], [ -1.628243987482343, 48.092571073034833 ], [ -1.62824501938739, 48.092570897706736 ], [ -1.628246055696808, 48.092570734378619 ], [ -1.628247096097826, 48.092570583099814 ], [ -1.628248140276438, 48.092570443915946 ], [ -1.628249187917498, 48.092570316869036 ], [ -1.628250238704813, 48.092570201997425 ], [ -1.628251292321242, 48.092570099335788 ], [ -1.628252348448792, 48.092570008915104 ], [ -1.628253406768708, 48.092569930762686 ], [ -1.628254466961577, 48.092569864902075 ], [ -1.628255528707417, 48.092569811353187 ], [ -1.628256591685782, 48.092569770132179 ], [ -1.62825765557585, 48.092569741251474 ], [ -1.628258720056526, 48.092569724719809 ], [ -1.628259784806535, 48.092569720542159 ], [ -1.628260849504523, 48.092569728719795 ], [ -1.62826191382915, 48.092569749250238 ], [ -1.628262977459188, 48.092569782127299 ], [ -1.628264040073622, 48.092569827341059 ], [ -1.62826510135174, 48.092569884877861 ], [ -1.628266160973235, 48.092569954720346 ], [ -1.628267218618299, 48.092570036847434 ], [ -1.628268273967722, 48.092570131234346 ], [ -1.628269326702985, 48.092570237852577 ], [ -1.62827037650636, 48.092570356669967 ], [ -1.628271423061002, 48.09257048765064 ], [ -1.628272466051047, 48.092570630755077 ], [ -1.628273505161709, 48.092570785940069 ], [ -1.62827454007937, 48.092570953158798 ], [ -1.628275570491678, 48.092571132360789 ], [ -1.628276596087643, 48.09257132349196 ], [ -1.628277616557725, 48.092571526494609 ], [ -1.628278631593933, 48.092571741307488 ], [ -1.628279640889918, 48.092571967865744 ], [ -1.62828064414106, 48.092572206101018 ], [ -1.628281641044566, 48.092572455941394 ], [ -1.628282631299556, 48.092572717311469 ], [ -1.62828361460716, 48.092572990132368 ], [ -1.628284590670602, 48.092573274321737 ], [ -1.628285559195294, 48.092573569793799 ], [ -1.628286519888923, 48.092573876459397 ], [ -1.628287472461539, 48.092574194225961 ], [ -1.628288416625643, 48.092574522997594 ], [ -1.628289352096276, 48.09257486267505 ], [ -1.628290278591098, 48.092575213155833 ], [ -1.629614875622248, 48.093046618057251 ], [ -1.629615230455423, 48.093046780416941 ], [ -1.629615581041712, 48.093046946841611 ], [ -1.629615927276746, 48.093047117281728 ], [ -1.629616269057444, 48.093047291686545 ], [ -1.629616606282054, 48.09304747000413 ], [ -1.62961693885018, 48.093047652181404 ], [ -1.629617266662812, 48.093047838164132 ], [ -1.629617589622356, 48.093048027896934 ], [ -1.629617907632662, 48.093048221323336 ], [ -1.629618220599055, 48.093048418385742 ], [ -1.629618528428359, 48.093048619025488 ], [ -1.629618831028931, 48.093048823182841 ], [ -1.629619128310681, 48.093049030797033 ], [ -1.629619420185106, 48.09304924180622 ], [ -1.629619706565309, 48.093049456147618 ], [ -1.629619987366033, 48.093049673757399 ], [ -1.629620262503678, 48.093049894570782 ], [ -1.629620531896334, 48.093050118522022 ], [ -1.629620795463796, 48.093050345544455 ], [ -1.6296210531276, 48.09305057557048 ], [ -1.629621304811034, 48.093050808531615 ], [ -1.629621550439168, 48.093051044358525 ], [ -1.629621789938876, 48.09305128298098 ], [ -1.629622023238856, 48.093051524327947 ], [ -1.629622250269652, 48.093051768327577 ], [ -1.629622470963672, 48.093052014907229 ], [ -1.629622685255214, 48.093052263993471 ], [ -1.62962289308048, 48.093052515512177 ], [ -1.629623094377598, 48.09305276938845 ], [ -1.629623289086638, 48.093053025546716 ], [ -1.629623477149634, 48.093053283910699 ], [ -1.629623658510596, 48.093053544403496 ], [ -1.629623833115531, 48.093053806947552 ], [ -1.629624000912457, 48.093054071464685 ], [ -1.629624161851418, 48.093054337876175 ], [ -1.629624315884501, 48.093054606102683 ], [ -1.629624462965847, 48.093054876064372 ], [ -1.62962460305167, 48.093055147680857 ], [ -1.629624736100262, 48.093055420871288 ], [ -1.629624862072015, 48.09305569555432 ], [ -1.629624980929424, 48.093055971648184 ], [ -1.629625092637104, 48.093056249070671 ], [ -1.629625197161798, 48.093056527739208 ], [ -1.629625294472388, 48.093056807570818 ], [ -1.629625384539903, 48.09305708848219 ], [ -1.629625467337529, 48.093057370389694 ], [ -1.629625542840616, 48.093057653209421 ], [ -1.629625611026686, 48.093057936857136 ], [ -1.629625671875438, 48.093058221248434 ], [ -1.629625725368757, 48.093058506298618 ], [ -1.629625771490718, 48.093058791922829 ], [ -1.629625810227589, 48.093059078036049 ], [ -1.629625841567838, 48.093059364553078 ], [ -1.629625865502134, 48.093059651388629 ], [ -1.629625882023352, 48.093059938457301 ], [ -1.629625891126574, 48.093060225673639 ], [ -1.629625892809089, 48.093060512952121 ], [ -1.629625887070396, 48.093060800207233 ], [ -1.629625873912204, 48.093061087353455 ], [ -1.62962585333843, 48.093061374305286 ], [ -1.629625825355199, 48.093061660977305 ], [ -1.629625789970842, 48.093061947284163 ], [ -1.629625747195894, 48.093062233140635 ], [ -1.629625697043089, 48.093062518461608 ], [ -1.629625639527359, 48.093062803162134 ], [ -1.629625574665826, 48.093063087157461 ], [ -1.629625502477801, 48.093063370363033 ], [ -1.629625422984775, 48.093063652694539 ], [ -1.629625336210414, 48.093063934067928 ], [ -1.629625242180553, 48.093064214399433 ], [ -1.629625140923185, 48.093064493605603 ], [ -1.629625032468455, 48.093064771603288 ], [ -1.629624916848653, 48.093065048309739 ], [ -1.629624794098198, 48.093065323642591 ], [ -1.629624664253638, 48.093065597519853 ], [ -1.629624527353628, 48.093065869859991 ], [ -1.629624383438923, 48.093066140581939 ], [ -1.629624232552372, 48.093066409605093 ], [ -1.629624074738892, 48.093066676849354 ], [ -1.629623910045469, 48.093066942235161 ], [ -1.629623738521134, 48.093067205683518 ], [ -1.629623560216951, 48.093067467115972 ], [ -1.629623375186004, 48.093067726454713 ], [ -1.62962318348338, 48.093067983622518 ], [ -1.629622985166151, 48.093068238542841 ], [ -1.629622780293358, 48.093068491139761 ], [ -1.629619392577164, 48.093076787823797 ], [ -1.629619089536963, 48.093077281901671 ], [ -1.629618799406623, 48.093077779424746 ], [ -1.629618522273891, 48.093078280242565 ], [ -1.629618258222586, 48.093078784203648 ], [ -1.629618007332569, 48.093079291155576 ], [ -1.629617769679721, 48.09307980094502 ], [ -1.629617545335919, 48.093080313417786 ], [ -1.629617334369015, 48.093080828418898 ], [ -1.629617136842815, 48.093081345792591 ], [ -1.629616952817061, 48.093081865382381 ], [ -1.62961678234741, 48.093082387031139 ], [ -1.62961662548542, 48.09308291058106 ], [ -1.629616482278534, 48.093083435873822 ], [ -1.629616352770064, 48.093083962750541 ], [ -1.629616236999179, 48.093084491051869 ], [ -1.629616135000894, 48.093085020618034 ], [ -1.629616046806059, 48.093085551288851 ], [ -1.629615972441345, 48.093086082903838 ], [ -1.629615911929247, 48.093086615302198 ], [ -1.629615865288065, 48.093087148322915 ], [ -1.629615832531905, 48.093087681804782 ], [ -1.629615813670675, 48.093088215586434 ], [ -1.629615808710079, 48.093088749506435 ], [ -1.629615817651617, 48.093089283403323 ], [ -1.629615840492585, 48.093089817115604 ], [ -1.629615877226075, 48.093090350481866 ], [ -1.629615927840977, 48.093090883340786 ], [ -1.629615992321983, 48.093091415531212 ], [ -1.629616070649591, 48.09309194689218 ], [ -1.62961616280011, 48.093092477262985 ], [ -1.62961626874567, 48.093093006483215 ], [ -1.629616388454228, 48.093093534392807 ], [ -1.62961652188958, 48.093094060832094 ], [ -1.629616669011367, 48.093094585641872 ], [ -1.629616829775093, 48.093095108663398 ], [ -1.629617004132137, 48.093095629738499 ], [ -1.629617192029763, 48.09309614870957 ], [ -1.629617393411144, 48.093096665419644 ], [ -1.629617608215372, 48.093097179712473 ], [ -1.62961783637748, 48.093097691432469 ], [ -1.629618077828462, 48.09309820042489 ], [ -1.629618332495292, 48.093098706535784 ], [ -1.629618600300946, 48.093099209612092 ], [ -1.629618881164428, 48.093099709501651 ], [ -1.629619175000791, 48.093100206053265 ], [ -1.629619481721167, 48.093100699116761 ], [ -1.629619801232787, 48.093101188543017 ], [ -1.629620133439018, 48.093101674184005 ], [ -1.629620478239383, 48.093102155892844 ], [ -1.629620835529601, 48.093102633523841 ], [ -1.62962120520161, 48.093103106932546 ], [ -1.629621587143604, 48.093103575975775 ], [ -1.629621981240065, 48.093104040511662 ], [ -1.629622387371801, 48.093104500399718 ], [ -1.629622805415978, 48.093104955500834 ], [ -1.629623235246161, 48.093105405677392 ], [ -1.629623676732349, 48.093105850793222 ], [ -1.629624129741016, 48.093106290713699 ], [ -1.629624594135152, 48.09310672530578 ], [ -1.629625069774301, 48.09310715443803 ], [ -1.629625556514609, 48.093107577980632 ], [ -1.629626054208863, 48.093107995805518 ], [ -1.629626562706536, 48.093108407786296 ], [ -1.629627081853835, 48.093108813798381 ], [ -1.629627611493747, 48.093109213718961 ], [ -1.629628151466084, 48.093109607427095 ], [ -1.629628701607532, 48.093109994803704 ], [ -1.629629261751704, 48.093110375731619 ], [ -1.629629831729186, 48.093110750095647 ], [ -1.629630411367589, 48.093111117782534 ], [ -1.629631000491606, 48.093111478681102 ], [ -1.629631598923057, 48.093111832682197 ], [ -1.629632206480948, 48.093112179678734 ], [ -1.629632822981527, 48.093112519565786 ], [ -1.629633448238334, 48.093112852240537 ], [ -1.629634082062263, 48.093113177602383 ], [ -1.629634724261616, 48.093113495552913 ], [ -1.629635374642163, 48.093113805995969 ], [ -1.629636033007197, 48.093114108837661 ], [ -1.629636699157599, 48.093114403986391 ], [ -1.629637372891894, 48.093114691352895 ], [ -1.629638054006314, 48.093114970850252 ], [ -1.629638742294858, 48.093115242393942 ], [ -1.629639437549354, 48.093115505901828 ], [ -1.629640139559527, 48.093115761294214 ], [ -1.629640848113059, 48.093116008493858 ], [ -1.6301811888457, 48.093304946110258 ], [ -1.630390098010885, 48.093363022603334 ], [ -1.630693863229458, 48.093443726192589 ], [ -1.630696172105393, 48.093444398981852 ], [ -1.630698463144968, 48.093445098443887 ], [ -1.630700735657546, 48.093445824367841 ], [ -1.630702988958072, 48.093446576534888 ], [ -1.630705222367284, 48.093447354718272 ], [ -1.630707435211916, 48.093448158683422 ], [ -1.630709626824902, 48.093448988187951 ], [ -1.630711796545574, 48.09344984298184 ], [ -1.630713943719867, 48.09345072280739 ], [ -1.63071606770051, 48.093451627399361 ], [ -1.630718167847224, 48.093452556485083 ], [ -1.630720243526917, 48.093453509784467 ], [ -1.630722294113869, 48.093454487010142 ], [ -1.630724318989928, 48.09345548786753 ], [ -1.63072631754469, 48.093456512054892 ], [ -1.630728289175687, 48.093457559263513 ], [ -1.630730233288566, 48.093458629177682 ], [ -1.63073214929727, 48.0934597214749 ], [ -1.630734036624215, 48.093460835825859 ], [ -1.630735894700462, 48.093461971894648 ], [ -1.630737722965889, 48.093463129338801 ], [ -1.630739520869363, 48.093464307809391 ], [ -1.630741287868902, 48.093465506951183 ], [ -1.630743023431839, 48.093466726402667 ], [ -1.630744727034987, 48.093467965796258 ], [ -1.630746398164789, 48.093469224758309 ], [ -1.630748036317482, 48.093470502909334 ], [ -1.630749640999239, 48.093471799864012 ], [ -1.630751211726326, 48.093473115231369 ], [ -1.630752748025245, 48.093474448614899 ], [ -1.630754249432874, 48.093475799612634 ], [ -1.630755715496612, 48.093477167817312 ], [ -1.63075714577451, 48.093478552816499 ], [ -1.630758539835408, 48.093479954192667 ], [ -1.630759897259063, 48.093481371523367 ], [ -1.630761217636278, 48.093482804381352 ], [ -1.630762500569021, 48.093484252334683 ], [ -1.63076374567055, 48.093485714946851 ], [ -1.630764952565527, 48.093487191776966 ], [ -1.630766120890131, 48.093488682379828 ], [ -1.630767250292166, 48.093490186306084 ], [ -1.630768340431174, 48.09349170310238 ], [ -1.630769390978529, 48.093493232311474 ], [ -1.630770401617542, 48.093494773472372 ], [ -1.630771372043553, 48.093496326120487 ], [ -1.630772301964025, 48.093497889787784 ], [ -1.630773191098633, 48.093499464002882 ], [ -1.630774039179343, 48.093501048291223 ], [ -1.630800011670153, 48.09356742116772 ], [ -1.631234768581487, 48.094509454233908 ], [ -1.631234975820975, 48.094509878249433 ], [ -1.631235172089256, 48.094510304587331 ], [ -1.631235357328035, 48.094510733120998 ], [ -1.631235531482294, 48.094511163723148 ], [ -1.631235694500309, 48.094511596265889 ], [ -1.631235846333662, 48.094512030620749 ], [ -1.631235986937257, 48.094512466658728 ], [ -1.631236116269336, 48.094512904250308 ], [ -1.631236234291483, 48.09451334326554 ], [ -1.631236340968648, 48.09451378357403 ], [ -1.631236436269146, 48.094514225044989 ], [ -1.631236520164672, 48.094514667547315 ], [ -1.631236592630308, 48.094515110949565 ], [ -1.631236653644532, 48.094515555120054 ], [ -1.631236703189223, 48.094515999926863 ], [ -1.631236741249664, 48.094516445237893 ], [ -1.631236767814552, 48.09451689092085 ], [ -1.631236782875997, 48.094517336843396 ], [ -1.631236786429527, 48.094517782873069 ], [ -1.631236778474083, 48.094518228877405 ], [ -1.631236759012032, 48.094518674723936 ], [ -1.631236728049151, 48.094519120280239 ], [ -1.631236685594638, 48.094519565413997 ], [ -1.631236631661102, 48.094520009992976 ], [ -1.631236566264561, 48.094520453885153 ], [ -1.631236489424439, 48.094520896958691 ], [ -1.631236401163558, 48.094521339081972 ], [ -1.631236301508131, 48.094521780123706 ], [ -1.631236190487757, 48.094522219952893 ], [ -1.631236068135409, 48.094522658438891 ], [ -1.631235934487428, 48.094523095451478 ], [ -1.631235789583508, 48.094523530860876 ], [ -1.631235633466685, 48.094523964537728 ], [ -1.631235466183327, 48.094524396353258 ], [ -1.63123528778312, 48.094524826179189 ], [ -1.631235098319048, 48.09452525388788 ], [ -1.631234897847384, 48.094525679352301 ], [ -1.631234686427668, 48.094526102446075 ], [ -1.631234464122696, 48.094526523043541 ], [ -1.631234230998491, 48.094526941019787 ], [ -1.631233987124293, 48.094527356250659 ], [ -1.631233732572535, 48.094527768612849 ], [ -1.631233467418821, 48.094528177983861 ], [ -1.631233191741902, 48.094528584242134 ], [ -1.631232905623657, 48.094528987266983 ], [ -1.631232609149063, 48.094529386938724 ], [ -1.631232302406177, 48.094529783138647 ], [ -1.631231985486102, 48.094530175749064 ], [ -1.631231658482966, 48.09453056465339 ], [ -1.631231321493891, 48.094530949736111 ], [ -1.631230974618965, 48.094531330882852 ], [ -1.631230617961212, 48.094531707980408 ], [ -1.631230251626562, 48.094532080916778 ] ] ] } },
{ "type": "Feature", "properties": { "Fid": 10.0, "Id_itinéraire": 8.0, "Id_quai": "8", "Couleurs": "#47c677", "Sens_de_circulation": "Entrée", "Type_quai": "Additi / DSI" }, "geometry": { "type": "MultiLineString", "coordinates": [ [ [ -1.629179293871371, 48.094858303615212 ], [ -1.629113002257112, 48.09480692141878 ], [ -1.629108573499351, 48.094807540016291 ], [ -1.62910412935052, 48.094808107240397 ], [ -1.629099671146407, 48.094808622920624 ], [ -1.629095200227027, 48.094809086901954 ], [ -1.629090717936214, 48.094809499044942 ], [ -1.62908622562122, 48.094809859225705 ], [ -1.629081724632313, 48.094810167335986 ], [ -1.629077216322365, 48.094810423283178 ], [ -1.629072702046449, 48.094810626990345 ], [ -1.629068183161434, 48.094810778396258 ], [ -1.629063661025571, 48.094810877455416 ], [ -1.62905913699809, 48.094810924138045 ], [ -1.629054612438787, 48.094810918430106 ], [ -1.629050088707622, 48.094810860333325 ], [ -1.629045567164303, 48.094810749865154 ], [ -1.629041049167882, 48.094810587058802 ], [ -1.629036536076342, 48.094810371963199 ], [ -1.629032029246196, 48.09481010464301 ], [ -1.629027530032073, 48.094809785178562 ], [ -1.629023039786311, 48.094809413665885 ], [ -1.629018559858556, 48.094808990216656 ], [ -1.629014091595349, 48.094808514958139 ], [ -1.629009636339728, 48.094807988033175 ], [ -1.629005195430819, 48.094807409600165 ], [ -1.629000770203438, 48.094806779832943 ], [ -1.628996361987686, 48.094806098920813 ], [ -1.62899197210855, 48.094805367068432 ], [ -1.628987601885508, 48.094804584495783 ], [ -1.628983252632128, 48.094803751438057 ], [ -1.628978925655675, 48.094802868145663 ], [ -1.628974622256721, 48.094801934884103 ], [ -1.628970343789078, 48.094800951947732 ], [ -1.628967228988243, 48.094800565396149 ], [ -1.628964103596853, 48.094800214939454 ], [ -1.62896096955976, 48.094799900807736 ], [ -1.62895782782331, 48.094799623095831 ], [ -1.628954679336173, 48.094799381887604 ], [ -1.628951525049056, 48.094799177255879 ], [ -1.628948365914418, 48.094799009262466 ], [ -1.628945202886183, 48.094798877958077 ], [ -1.62894203691945, 48.094798783382359 ], [ -1.628938868970204, 48.094798725563876 ], [ -1.628935699995031, 48.094798704520095 ], [ -1.628932530950824, 48.094798720257359 ], [ -1.6289293627945, 48.094798772770915 ], [ -1.628926196482705, 48.094798862044911 ], [ -1.628923032971531, 48.094798988052396 ], [ -1.62891987321622, 48.094799150755307 ], [ -1.628916718170884, 48.094799350104523 ], [ -1.628913568788212, 48.094799586039841 ], [ -1.628910426019181, 48.094799858490028 ], [ -1.628907290812774, 48.094800167372817 ], [ -1.628904164115687, 48.094800512594915 ], [ -1.628901046872049, 48.094800894052106 ], [ -1.628897940023135, 48.094801311629205 ], [ -1.628894844507078, 48.094801765200096 ], [ -1.628891761258593, 48.094802254627844 ], [ -1.628888691208688, 48.094802779764649 ], [ -1.628885635284385, 48.094803340451939 ], [ -1.628882594408444, 48.094803936520428 ], [ -1.628879569499078, 48.094804567790106 ], [ -1.62887656146968, 48.094805234070364 ], [ -1.628873571228546, 48.094805935160011 ], [ -1.628870599678601, 48.094806670847348 ], [ -1.628867647717124, 48.09480744091023 ], [ -1.628864716235482, 48.094808245116113 ], [ -1.628861806118856, 48.094809083222195 ], [ -1.628858918245977, 48.094809954975368 ], [ -1.628856053488858, 48.094810860112418 ], [ -1.628853212712533, 48.09481179836002 ], [ -1.628850396774795, 48.094812769434867 ], [ -1.628847606525936, 48.094813773043725 ], [ -1.628844842808491, 48.094814808883562 ], [ -1.628842106456985, 48.094815876641583 ], [ -1.628839398297678, 48.094816975995379 ], [ -1.628836719148318, 48.094818106612976 ], [ -1.628834069817893, 48.094819268152996 ], [ -1.628831451106388, 48.094820460264678 ], [ -1.62882886380454, 48.094821682588069 ], [ -1.628826308693605, 48.09482293475407 ], [ -1.628302497702772, 48.095058658513487 ], [ -1.628299746656219, 48.095059772842745 ], [ -1.62829696711325, 48.095060855166921 ], [ -1.628294159908462, 48.095061905161018 ], [ -1.628291325884758, 48.095062922509769 ], [ -1.628288465893094, 48.095063906907697 ], [ -1.628285580792222, 48.095064858059239 ], [ -1.628282671448435, 48.095065775678783 ], [ -1.628279738735304, 48.095066659490826 ], [ -1.628276783533418, 48.095067509229956 ], [ -1.628273806730117, 48.095068324641062 ], [ -1.628270809219229, 48.095069105479297 ], [ -1.6282677919008, 48.095069851510189 ], [ -1.62826475568082, 48.095070562509768 ], [ -1.628261701470958, 48.095071238264509 ], [ -1.628258630188284, 48.095071878571531 ], [ -1.628255542754994, 48.095072483238582 ], [ -1.628252440098132, 48.095073052084075 ], [ -1.628249323149316, 48.095073584937225 ], [ -1.628246192844454, 48.095074081638039 ], [ -1.628243050123463, 48.095074542037366 ], [ -1.628239895929989, 48.095074965996979 ], [ -1.628236731211125, 48.095075353389575 ], [ -1.628233556917121, 48.095075704098825 ], [ -1.628230374001103, 48.095076018019434 ], [ -1.628227183418788, 48.09507629505714 ], [ -1.628223986128193, 48.095076535128761 ], [ -1.628220783089349, 48.095076738162199 ], [ -1.628217575264014, 48.095076904096523 ], [ -1.628214363615383, 48.095077032881882 ], [ -1.628211149107798, 48.095077124479609 ], [ -1.62820793270646, 48.095077178862212 ], [ -1.62820471537714, 48.095077196013342 ], [ -1.628201498085886, 48.095077175927877 ], [ -1.628198281798735, 48.095077118611833 ], [ -1.628195067481423, 48.095077024082414 ], [ -1.628191856099094, 48.095076892368013 ], [ -1.62818864861601, 48.095076723508186 ], [ -1.628185445995264, 48.095076517553608 ], [ -1.628182249198487, 48.095076274566146 ], [ -1.628179059185564, 48.095075994618746 ], [ -1.62817587691434, 48.095075677795478 ], [ -1.628172703340337, 48.095075324191463 ], [ -1.628169539416466, 48.095074933912855 ], [ -1.628166386092739, 48.095074507076895 ], [ -1.628163244315986, 48.095074043811685 ], [ -1.628160115029571, 48.095073544256358 ], [ -1.628156999173104, 48.095073008560909 ], [ -1.628153897682167, 48.095072436886177 ], [ -1.628150811488026, 48.095071829403828 ], [ -1.628147741517354, 48.095071186296259 ], [ -1.628144688691952, 48.095070507756567 ], [ -1.628141653928475, 48.095069793988493 ], [ -1.628138638138154, 48.095069045206365 ], [ -1.628135642226522, 48.095068261635006 ], [ -1.628132667093143, 48.095067443509684 ], [ -1.628129713631344, 48.095066591076062 ], [ -1.628126782727943, 48.095065704590091 ], [ -1.628123875262985, 48.095064784317941 ], [ -1.628120992109477, 48.095063830535956 ], [ -1.628118134133127, 48.095062843530499 ], [ -1.628115302192083, 48.095061823597938 ], [ -1.628112497136674, 48.09506077104453 ], [ -1.62810971980916, 48.095059686186303 ], [ -1.62810697104347, 48.095058569349 ], [ -1.62810425166496, 48.095057420867981 ], [ -1.628101562490164, 48.095056241088074 ], [ -1.628098904326542, 48.095055030363518 ], [ -1.628096277972247, 48.095053789057864 ], [ -1.628093684215878, 48.095052517543827 ], [ -1.628091123836247, 48.095051216203188 ], [ -1.628088597602144, 48.09504988542669 ], [ -1.628086106272107, 48.095048525613926 ], [ -1.627747545509739, 48.094841600702019 ], [ -1.627741882312975, 48.094837787255457 ], [ -1.627736123672908, 48.094834038111912 ], [ -1.627730271226055, 48.094830354336857 ], [ -1.627724326635597, 48.094826736977168 ], [ -1.627718291590896, 48.094823187060875 ], [ -1.627712167807024, 48.094819705596805 ], [ -1.627705957024267, 48.094816293574368 ], [ -1.62769966100764, 48.09481295196322 ], [ -1.627693281546374, 48.094809681713002 ], [ -1.627686820453418, 48.094806483753096 ], [ -1.62768027956492, 48.094803358992323 ], [ -1.627673660739701, 48.09480030831871 ], [ -1.627666965858734, 48.094797332599228 ], [ -1.627660196824604, 48.094794432679535 ], [ -1.62765335556097, 48.094791609383762 ], [ -1.627646444012016, 48.094788863514268 ], [ -1.627639464141903, 48.094786195851384 ], [ -1.627632417934206, 48.094783607153246 ], [ -1.627625307391352, 48.094781098155536 ], [ -1.62761813453405, 48.094778669571291 ], [ -1.627610901400722, 48.094776322090674 ], [ -1.627603610046915, 48.094774056380828 ], [ -1.627596262544724, 48.094771873085627 ], [ -1.627588860982199, 48.094769772825558 ], [ -1.627581407462755, 48.094767756197498 ], [ -1.62757390410457, 48.094765823774544 ], [ -1.627566353039987, 48.09476397610586 ], [ -1.627558756414907, 48.094762213716557 ], [ -1.627551116388177, 48.094760537107476 ], [ -1.627393813392454, 48.094730671540411 ], [ -1.627387191049716, 48.094729717576513 ], [ -1.627380594023763, 48.09472868833334 ], [ -1.627374024232742, 48.094727584110117 ], [ -1.62736748358688, 48.094726405227924 ], [ -1.627360973987932, 48.094725152029518 ], [ -1.627354497328624, 48.094723824879267 ], [ -1.627348055492104, 48.094722424163066 ], [ -1.627341650351397, 48.094720950288171 ], [ -1.627335283768856, 48.094719403683108 ], [ -1.627328957595626, 48.094717784797574 ], [ -1.6273226736711, 48.094716094102253 ], [ -1.627316433822386, 48.094714332088742 ], [ -1.62731023986378, 48.094712499269335 ], [ -1.627304093596233, 48.094710596176959 ], [ -1.627297996806828, 48.094708623364937 ], [ -1.627291951268264, 48.094706581406854 ], [ -1.627285958738338, 48.094704470896453 ], [ -1.627280020959433, 48.094702292447352 ], [ -1.627274139658015, 48.094700046692964 ], [ -1.627268316544125, 48.094697734286243 ], [ -1.627262553310889, 48.094695355899525 ], [ -1.62725685163402, 48.094692912224367 ], [ -1.627251213171334, 48.094690403971263 ], [ -1.627245639562267, 48.0946878318695 ], [ -1.627240132427396, 48.094685196666923 ], [ -1.627234693367973, 48.09468249912976 ], [ -1.627229323965455, 48.094679740042309 ], [ -1.626002158612959, 48.093712045860066 ], [ -1.625996231069502, 48.093707920001265 ], [ -1.625990410311024, 48.093703726866785 ], [ -1.625984698048832, 48.093699467689376 ], [ -1.625979095962334, 48.093695143721241 ], [ -1.625973605698548, 48.093690756233606 ], [ -1.625968228871614, 48.093686306516382 ], [ -1.625962967062325, 48.093681795877757 ], [ -1.625957821817654, 48.093677225643873 ], [ -1.625952794650308, 48.093672597158346 ], [ -1.625947887038276, 48.093667911781949 ], [ -1.625943100424402, 48.093663170892164 ], [ -1.625938436215951, 48.093658375882804 ], [ -1.625933895784204, 48.093653528163586 ], [ -1.625929480464052, 48.09364862915973 ], [ -1.625925191553602, 48.093643680311537 ], [ -1.625921030313795, 48.093638683073955 ], [ -1.62591699796804, 48.09363363891616 ], [ -1.625913095701848, 48.09362854932111 ], [ -1.625909324662489, 48.09362341578516 ], [ -1.625905685958651, 48.093618239817552 ], [ -1.625902180660115, 48.093613022940005 ], [ -1.625898809797441, 48.09360776668629 ], [ -1.625895574361665, 48.09360247260171 ], [ -1.625892475304008, 48.093597142242743 ], [ -1.625889513535593, 48.093591777176485 ], [ -1.625886689927184, 48.09358637898027 ], [ -1.625884005308923, 48.093580949241165 ], [ -1.62588146047009, 48.093575489555505 ], [ -1.625879056158869, 48.09357000152842 ], [ -1.625876793082129, 48.093564486773403 ], [ -1.625874671905216, 48.093558946911777 ], [ -1.625872693251757, 48.093553383572271 ], [ -1.625870857703479, 48.093547798390475 ], [ -1.625869165800033, 48.093542193008453 ], [ -1.62586761803884, 48.093536569074175 ], [ -1.625866214874944, 48.093530928241087 ], [ -1.625864956720874, 48.093525272167575 ], [ -1.62586384394653, 48.093519602516523 ], [ -1.625862876879068, 48.093513920954834 ], [ -1.625862055802806, 48.093508229152853 ], [ -1.62586138095914, 48.093502528784008 ], [ -1.625860852546477, 48.093496821524177 ], [ -1.625860470720169, 48.093491109051314 ], [ -1.625860235592474, 48.093485393044872 ], [ -1.625860147232519, 48.093479675185378 ], [ -1.625860205666282, 48.093473957153876 ], [ -1.625860410876583, 48.093468240631481 ], [ -1.625860762803091, 48.09346252729884 ], [ -1.625861261342339, 48.093456818835683 ], [ -1.625861906347757, 48.09345111692032 ], [ -1.625862697629711, 48.093445423229099 ], [ -1.62595190748944, 48.09327571927863 ], [ -1.626026437245669, 48.093174650881991 ], [ -1.62602959529878, 48.093170307772461 ], [ -1.626032865448577, 48.093166001830149 ], [ -1.626036246714905, 48.093161734345699 ], [ -1.626039738084306, 48.093157506598168 ], [ -1.62604333851032, 48.093153319854771 ], [ -1.626047046913802, 48.093149175370364 ], [ -1.626050862183239, 48.093145074387209 ], [ -1.626054783175093, 48.093141018134482 ], [ -1.626058808714133, 48.093137007827956 ], [ -1.626062937593796, 48.093133044669642 ], [ -1.626067168576542, 48.093129129847433 ], [ -1.626071500394229, 48.093125264534699 ], [ -1.626075931748493, 48.093121449889999 ], [ -1.626080461311136, 48.093117687056697 ], [ -1.626085087724523, 48.093113977162645 ], [ -1.62608980960199, 48.093110321319799 ], [ -1.626094625528262, 48.093106720623922 ], [ -1.626099534059874, 48.093103176154258 ], [ -1.626104533725603, 48.093099688973204 ], [ -1.626109623026912, 48.093096260125954 ], [ -1.626114800438398, 48.093092890640264 ], [ -1.626120064408249, 48.093089581526058 ], [ -1.626125413358709, 48.093086333775183 ], [ -1.626130845686549, 48.093083148361082 ], [ -1.626136359763552, 48.093080026238532 ], [ -1.626141953936998, 48.09307696834334 ], [ -1.626147626530159, 48.093073975592041 ], [ -1.626153375842804, 48.093071048881647 ], [ -1.626159200151705, 48.093068189089408 ], [ -1.626165097711157, 48.093065397072472 ], [ -1.6261710667535, 48.09306267366771 ], [ -1.626177105489647, 48.093060019691407 ], [ -1.626183212109625, 48.093057435939038 ], [ -1.62618938478311, 48.093054923185043 ], [ -1.626195621659984, 48.093052482182564 ], [ -1.626201920870882, 48.09305011366326 ], [ -1.626208280527758, 48.093047818337027 ], [ -1.62621469872445, 48.093045596891891 ], [ -1.626221173537246, 48.093043449993651 ], [ -1.626227703025468, 48.093041378285818 ], [ -1.626234285232048, 48.093039382389328 ], [ -1.626240918184119, 48.093037462902444 ], [ -1.626247599893602, 48.093035620400485 ], [ -1.626254328357807, 48.093033855435692 ], [ -1.626261101560026, 48.093032168537114 ], [ -1.626267917470147, 48.093030560210345 ], [ -1.626274774045252, 48.093029030937458 ], [ -1.626281669230239, 48.09302758117682 ], [ -1.62628860095843, 48.093026211362982 ], [ -1.626295567152198, 48.093024921906505 ], [ -1.626302565723581, 48.093023713193901 ], [ -1.626309594574917, 48.093022585587448 ], [ -1.626316651599465, 48.093021539425131 ], [ -1.626907243455637, 48.092875969981819 ], [ -1.626912532200492, 48.092875360174517 ], [ -1.626917835190534, 48.092874808311102 ], [ -1.626923151002851, 48.092874314539664 ], [ -1.626928478211094, 48.092873878992691 ], [ -1.626933815385855, 48.092873501787047 ], [ -1.626939161095051, 48.092873183023947 ], [ -1.626944513904311, 48.092872922788921 ], [ -1.626949872377356, 48.092872721151814 ], [ -1.62695523507639, 48.092872578166691 ], [ -1.626960600562482, 48.092872493871965 ], [ -1.626965967395953, 48.092872468290224 ], [ -1.626971334136762, 48.092872501428346 ], [ -1.626976699344895, 48.092872593277434 ], [ -1.626982061580746, 48.09287274381284 ], [ -1.626987419405509, 48.092872952994178 ], [ -1.626993571085422, 48.092872716571868 ], [ -1.626999715659786, 48.092872408555507 ], [ -1.627005851261058, 48.092872029038702 ], [ -1.627011976024415, 48.092871578136794 ], [ -1.627018088088334, 48.092871055986841 ], [ -1.627024185595149, 48.092870462747527 ], [ -1.627030266691617, 48.092869798599168 ], [ -1.627036329529485, 48.092869063743599 ], [ -1.62704237226605, 48.092868258404181 ], [ -1.627048393064716, 48.092867382825681 ], [ -1.627054390095556, 48.092866437274203 ], [ -1.627060361535867, 48.092865422037136 ], [ -1.627066305570724, 48.092864337423045 ], [ -1.627072220393531, 48.092863183761558 ], [ -1.627078104206569, 48.092861961403337 ], [ -1.627083955221548, 48.09286067071988 ], [ -1.627089771660142, 48.09285931210345 ], [ -1.627095551754537, 48.092857885966993 ], [ -1.627101293747964, 48.09285639274394 ], [ -1.627106995895234, 48.09285483288815 ], [ -1.627112656463269, 48.092853206873684 ], [ -1.627118273731629, 48.092851515194738 ], [ -1.627123845993033, 48.092849758365489 ], [ -1.62712937155388, 48.092847936919874 ], [ -1.627134848734762, 48.092846051411485 ], [ -1.627140275870977, 48.092844102413395 ], [ -1.627145651313032, 48.092842090517948 ], [ -1.627150973427146, 48.092840016336638 ], [ -1.627156240595745, 48.092837880499872 ], [ -1.62743911489779, 48.092725120382951 ], [ -1.627585915932791, 48.092682882415978 ], [ -1.62758886615204, 48.092681982769925 ], [ -1.627591839366386, 48.092681117555443 ], [ -1.627594834675166, 48.092680287034653 ], [ -1.627597851171027, 48.092679491459123 ], [ -1.627600887940194, 48.092678731069874 ], [ -1.627603944062754, 48.092678006097223 ], [ -1.62760701861293, 48.092677316760806 ], [ -1.627610110659362, 48.09267666326943 ], [ -1.627613219265392, 48.092676045821065 ], [ -1.627616343489343, 48.092675464602735 ], [ -1.627619482384809, 48.092674919790532 ], [ -1.62762263500094, 48.092674411549474 ], [ -1.627625800382727, 48.092673940033535 ], [ -1.627628977571296, 48.092673505385548 ], [ -1.627632165604197, 48.092673107737163 ], [ -1.627635363515693, 48.092672747208852 ], [ -1.627638570337057, 48.092672423909839 ], [ -1.62764178509686, 48.092672137938045 ], [ -1.627645006821271, 48.0926718893801 ], [ -1.627648234534347, 48.092671678311312 ], [ -1.627651467258332, 48.092671504795597 ], [ -1.627654704013953, 48.09267136888554 ], [ -1.627657943820714, 48.092671270622304 ], [ -1.627661185697195, 48.092671210035647 ], [ -1.62766442866135, 48.092671187143935 ], [ -1.627667671730803, 48.092671201954097 ], [ -1.627670913923146, 48.092671254461642 ], [ -1.627674154256237, 48.092671344650675 ], [ -1.627677391748496, 48.092671472493862 ], [ -1.627680625419206, 48.092671637952492 ], [ -1.627683854288805, 48.092671840976422 ], [ -1.627687077379187, 48.092672081504169 ], [ -1.627690293713996, 48.092672359462867 ], [ -1.627693502318924, 48.092672674768309 ], [ -1.627696702222001, 48.092673027324985 ], [ -1.627699892453897, 48.092673417026084 ], [ -1.627703072048209, 48.092673843753573 ], [ -1.627706240041758, 48.092674307378182 ], [ -1.627709395474878, 48.092674807759444 ], [ -1.627712537391709, 48.092675344745814 ], [ -1.627715664840483, 48.092675918174592 ], [ -1.627718776873819, 48.092676527872086 ], [ -1.627721872549001, 48.092677173653605 ], [ -1.627724950928273, 48.092677855323529 ], [ -1.627728011079113, 48.092678572675332 ], [ -1.627731052074526, 48.092679325491744 ], [ -1.627734072993316, 48.092680113544695 ], [ -1.627737072920371, 48.092680936595471 ], [ -1.627740050946937, 48.092681794394743 ], [ -1.627743006170894, 48.092682686682664 ], [ -1.62774593769703, 48.092683613188932 ], [ -1.627748844637311, 48.09268457363288 ], [ -1.627751726111151, 48.092685567723578 ], [ -1.62775458124568, 48.092686595159869 ], [ -1.627757409176004, 48.092687655630527 ], [ -1.627760209045471, 48.092688748814304 ], [ -1.627762980005931, 48.092689874380042 ], [ -1.627765721217988, 48.092691031986774 ], [ -1.627768431851262, 48.092692221283848 ], [ -1.627771111084631, 48.092693441910974 ], [ -1.62788347033834, 48.09277226093014 ], [ -1.627884061858613, 48.092772714680514 ], [ -1.627884665113573, 48.092773161485376 ], [ -1.62788527992045, 48.092773601209345 ], [ -1.627885906092973, 48.092774033719188 ], [ -1.627886543441427, 48.092774458883873 ], [ -1.627887191772711, 48.092774876574595 ], [ -1.627887850890397, 48.092775286664789 ], [ -1.62788852059479, 48.092775689030226 ], [ -1.627889200682984, 48.092776083548983 ], [ -1.627889890948932, 48.092776470101526 ], [ -1.627890591183499, 48.092776848570757 ], [ -1.627891301174532, 48.092777218842002 ], [ -1.627892020706921, 48.092777580803087 ], [ -1.627892749562666, 48.092777934344326 ], [ -1.627893487520943, 48.092778279358619 ], [ -1.627894234358167, 48.092778615741452 ], [ -1.627894989848068, 48.092778943390876 ], [ -1.627895753761748, 48.092779262207635 ], [ -1.627896525867763, 48.092779572095139 ], [ -1.627897305932183, 48.092779872959504 ], [ -1.627898093718668, 48.092780164709573 ], [ -1.627898888988538, 48.092780447256949 ], [ -1.627899691500848, 48.092780720516032 ], [ -1.627900501012455, 48.092780984404015 ], [ -1.627901317278099, 48.092781238840978 ], [ -1.627902140050469, 48.092781483749803 ], [ -1.627902969080289, 48.092781719056305 ], [ -1.627903804116381, 48.092781944689193 ], [ -1.627904644905752, 48.0927821605801 ], [ -1.627905491193663, 48.09278236666362 ], [ -1.62790634272371, 48.092782562877304 ], [ -1.6279071992379, 48.092782749161721 ], [ -1.627908060476732, 48.092782925460419 ], [ -1.627908926179272, 48.092783091720001 ], [ -1.627909796083233, 48.092783247890061 ], [ -1.627910669925056, 48.092783393923334 ], [ -1.627911547439989, 48.092783529775524 ], [ -1.627912428362167, 48.092783655405505 ], [ -1.627913312424693, 48.092783770775199 ], [ -1.627914199359718, 48.092783875849662 ], [ -1.627915088898522, 48.092783970597047 ], [ -1.627915980771599, 48.092784054988662 ], [ -1.627916874708732, 48.092784128998922 ], [ -1.62791777043908, 48.092784192605421 ], [ -1.627918667691261, 48.092784245788877 ], [ -1.62791956619343, 48.092784288533181 ], [ -1.627920465673362, 48.092784320825373 ], [ -1.627921365858537, 48.092784342655683 ], [ -1.627922266476223, 48.092784354017489 ], [ -1.627923167253554, 48.092784354907359 ], [ -1.627924067917618, 48.092784345325015 ], [ -1.627924968195535, 48.092784325273357 ], [ -1.627925867814545, 48.092784294758452 ], [ -1.627926766502085, 48.092784253789567 ], [ -1.627927663985875, 48.0927842023791 ], [ -1.627928559994001, 48.092784140542641 ], [ -1.627929454254994, 48.092784068298918 ], [ -1.627930346497915, 48.092783985669811 ], [ -1.627931236452438, 48.092783892680359 ], [ -1.627932123848928, 48.092783789358734 ], [ -1.627933008418527, 48.092783675736243 ], [ -1.627933889893231, 48.092783551847312 ], [ -1.627934768005976, 48.092783417729471 ], [ -1.627935642490717, 48.092783273423358 ], [ -1.627936513082506, 48.092783118972697 ], [ -1.627937379517576, 48.09278295442428 ], [ -1.627938241533418, 48.092782779827949 ], [ -1.627939098868863, 48.092782595236621 ], [ -1.627939951264161, 48.092782400706213 ], [ -1.627940798461056, 48.092782196295659 ], [ -1.627941640202869, 48.092781982066903 ], [ -1.627942476234574, 48.092781758084847 ], [ -1.627943306302873, 48.09278152441734 ], [ -1.627944130156278, 48.092781281135188 ], [ -1.627944947545181, 48.092781028312103 ], [ -1.627945758221933, 48.092780766024667 ], [ -1.62794656194092, 48.092780494352368 ], [ -1.627947358458635, 48.092780213377488 ], [ -1.627948147533754, 48.092779923185191 ], [ -1.627948928927206, 48.092779623863365 ], [ -1.627949702402248, 48.092779315502717 ], [ -1.627950467724538, 48.092778998196657 ], [ -1.627951224662201, 48.092778672041341 ], [ -1.627986231062853, 48.092762832824292 ], [ -1.628034788328274, 48.092738696865105 ], [ -1.628041707257262, 48.092735185895677 ], [ -1.628048536073371, 48.092731597080935 ], [ -1.628055272813622, 48.092727931452494 ], [ -1.628061915541504, 48.09272419006404 ], [ -1.628068462347531, 48.092720373991028 ], [ -1.62807491134979, 48.092716484330396 ], [ -1.628081260694482, 48.092712522200237 ], [ -1.628087508556454, 48.092708488739454 ], [ -1.628093653139727, 48.092704385107488 ], [ -1.628099692678008, 48.092700212483926 ], [ -1.628105625435201, 48.092695972068185 ], [ -1.628111449705904, 48.092691665079201 ], [ -1.6281171638159, 48.092687292754981 ], [ -1.628122766122639, 48.092682856352404 ], [ -1.628128255015709, 48.092678357146696 ], [ -1.628133628917299, 48.092673796431157 ], [ -1.628138886282654, 48.092669175516775 ], [ -1.628144025600516, 48.092664495731853 ], [ -1.628149045393562, 48.09265975842159 ], [ -1.628153944218827, 48.092654964947734 ], [ -1.628158720668118, 48.092650116688183 ], [ -1.62816337336842, 48.09264521503659 ], [ -1.628167900982289, 48.092640261401918 ], [ -1.628172302208241, 48.092635257208123 ], [ -1.62817657578112, 48.092630203893656 ], [ -1.628180720472465, 48.092625102911121 ], [ -1.628184735090864, 48.092619955726796 ], [ -1.628188618482293, 48.092614763820258 ], [ -1.628192369530452, 48.09260952868393 ], [ -1.628195987157083, 48.092604251822671 ], [ -1.6282021979701, 48.092596332187888 ], [ -1.628202579218271, 48.092595668150651 ], [ -1.628202977679801, 48.092595008637353 ], [ -1.628203393234431, 48.092594353847055 ], [ -1.628203825756739, 48.092593703977364 ], [ -1.628204275116187, 48.092593059224448 ], [ -1.628204741177151, 48.092592419782889 ], [ -1.628205223798967, 48.092591785845677 ], [ -1.628205722835976, 48.092591157604133 ], [ -1.62820623813756, 48.092590535247886 ], [ -1.628206769548195, 48.092589918964755 ], [ -1.628207316907495, 48.092589308940759 ], [ -1.62820788005026, 48.092588705360001 ], [ -1.628208458806525, 48.092588108404655 ], [ -1.628209053001615, 48.092587518254881 ], [ -1.628209662456194, 48.092586935088804 ], [ -1.628210286986321, 48.092586359082425 ], [ -1.628210926403505, 48.092585790409586 ], [ -1.62821158051476, 48.092585229241934 ], [ -1.628212249122669, 48.092584675748832 ], [ -1.628212932025436, 48.092584130097322 ], [ -1.628213629016954, 48.092583592452108 ], [ -1.62821433988686, 48.092583062975443 ], [ -1.628215064420605, 48.092582541827127 ], [ -1.628215802399515, 48.092582029164447 ], [ -1.62821655360086, 48.092581525142158 ], [ -1.628217317797916, 48.09258102991236 ], [ -1.62821809476004, 48.092580543624514 ], [ -1.628218884252734, 48.092580066425406 ], [ -1.628219686037719, 48.092579598459054 ], [ -1.628220499873007, 48.092579139866679 ], [ -1.62822132551297, 48.092578690786723 ], [ -1.628222162708421, 48.092578251354702 ], [ -1.628223011206683, 48.092577821703244 ], [ -1.628223870751668, 48.092577401962032 ], [ -1.628224741083955, 48.092576992257747 ], [ -1.628225621940866, 48.092576592714032 ], [ -1.628226513056547, 48.0925762034515 ], [ -1.628227414162049, 48.092575824587605 ], [ -1.628228324985405, 48.092575456236716 ], [ -1.628229245251718, 48.09257509850999 ], [ -1.628230174683239, 48.092574751515407 ], [ -1.628231112999455, 48.092574415357689 ], [ -1.628232059917169, 48.092574090138299 ], [ -1.628233015150589, 48.092573775955373 ], [ -1.628233978411414, 48.092573472903766 ], [ -1.628234949408919, 48.092573181074918 ], [ -1.628235927850045, 48.092572900556917 ], [ -1.628236913439485, 48.092572631434429 ], [ -1.628237905879775, 48.092572373788677 ], [ -1.628238904871386, 48.092572127697416 ], [ -1.628239910112808, 48.092571893234926 ], [ -1.628240921300645, 48.092571670471962 ], [ -1.628241938129711, 48.092571459475778 ], [ -1.62824296029311, 48.092571260310024 ], [ -1.628243987482343, 48.092571073034833 ], [ -1.62824501938739, 48.092570897706736 ], [ -1.628246055696808, 48.092570734378619 ], [ -1.628247096097826, 48.092570583099814 ], [ -1.628248140276438, 48.092570443915946 ], [ -1.628249187917498, 48.092570316869036 ], [ -1.628250238704813, 48.092570201997425 ], [ -1.628251292321242, 48.092570099335788 ], [ -1.628252348448792, 48.092570008915104 ], [ -1.628253406768708, 48.092569930762686 ], [ -1.628254466961577, 48.092569864902075 ], [ -1.628255528707417, 48.092569811353187 ], [ -1.628256591685782, 48.092569770132179 ], [ -1.62825765557585, 48.092569741251474 ], [ -1.628258720056526, 48.092569724719809 ], [ -1.628259784806535, 48.092569720542159 ], [ -1.628260849504523, 48.092569728719795 ], [ -1.62826191382915, 48.092569749250238 ], [ -1.628262977459188, 48.092569782127299 ], [ -1.628264040073622, 48.092569827341059 ], [ -1.62826510135174, 48.092569884877861 ], [ -1.628266160973235, 48.092569954720346 ], [ -1.628267218618299, 48.092570036847434 ], [ -1.628268273967722, 48.092570131234346 ], [ -1.628269326702985, 48.092570237852577 ], [ -1.62827037650636, 48.092570356669967 ], [ -1.628271423061002, 48.09257048765064 ], [ -1.628272466051047, 48.092570630755077 ], [ -1.628273505161709, 48.092570785940069 ], [ -1.62827454007937, 48.092570953158798 ], [ -1.628275570491678, 48.092571132360789 ], [ -1.628276596087643, 48.09257132349196 ], [ -1.628277616557725, 48.092571526494609 ], [ -1.628278631593933, 48.092571741307488 ], [ -1.628279640889918, 48.092571967865744 ], [ -1.62828064414106, 48.092572206101018 ], [ -1.628281641044566, 48.092572455941394 ], [ -1.628282631299556, 48.092572717311469 ], [ -1.62828361460716, 48.092572990132368 ], [ -1.628284590670602, 48.092573274321737 ], [ -1.628285559195294, 48.092573569793799 ], [ -1.628286519888923, 48.092573876459397 ], [ -1.628287472461539, 48.092574194225961 ], [ -1.628288416625643, 48.092574522997594 ], [ -1.628289352096276, 48.09257486267505 ], [ -1.628290278591098, 48.092575213155833 ], [ -1.629614875622248, 48.093046618057251 ], [ -1.629615230455423, 48.093046780416941 ], [ -1.629615581041712, 48.093046946841611 ], [ -1.629615927276746, 48.093047117281728 ], [ -1.629616269057444, 48.093047291686545 ], [ -1.629616606282054, 48.09304747000413 ], [ -1.62961693885018, 48.093047652181404 ], [ -1.629617266662812, 48.093047838164132 ], [ -1.629617589622356, 48.093048027896934 ], [ -1.629617907632662, 48.093048221323336 ], [ -1.629618220599055, 48.093048418385742 ], [ -1.629618528428359, 48.093048619025488 ], [ -1.629618831028931, 48.093048823182841 ], [ -1.629619128310681, 48.093049030797033 ], [ -1.629619420185106, 48.09304924180622 ], [ -1.629619706565309, 48.093049456147618 ], [ -1.629619987366033, 48.093049673757399 ], [ -1.629620262503678, 48.093049894570782 ], [ -1.629620531896334, 48.093050118522022 ], [ -1.629620795463796, 48.093050345544455 ], [ -1.6296210531276, 48.09305057557048 ], [ -1.629621304811034, 48.093050808531615 ], [ -1.629621550439168, 48.093051044358525 ], [ -1.629621789938876, 48.09305128298098 ], [ -1.629622023238856, 48.093051524327947 ], [ -1.629622250269652, 48.093051768327577 ], [ -1.629622470963672, 48.093052014907229 ], [ -1.629622685255214, 48.093052263993471 ], [ -1.62962289308048, 48.093052515512177 ], [ -1.629623094377598, 48.09305276938845 ], [ -1.629623289086638, 48.093053025546716 ], [ -1.629623477149634, 48.093053283910699 ], [ -1.629623658510596, 48.093053544403496 ], [ -1.629623833115531, 48.093053806947552 ], [ -1.629624000912457, 48.093054071464685 ], [ -1.629624161851418, 48.093054337876175 ], [ -1.629624315884501, 48.093054606102683 ], [ -1.629624462965847, 48.093054876064372 ], [ -1.62962460305167, 48.093055147680857 ], [ -1.629624736100262, 48.093055420871288 ], [ -1.629624862072015, 48.09305569555432 ], [ -1.629624980929424, 48.093055971648184 ], [ -1.629625092637104, 48.093056249070671 ], [ -1.629625197161798, 48.093056527739208 ], [ -1.629625294472388, 48.093056807570818 ], [ -1.629625384539903, 48.09305708848219 ], [ -1.629625467337529, 48.093057370389694 ], [ -1.629625542840616, 48.093057653209421 ], [ -1.629625611026686, 48.093057936857136 ], [ -1.629625671875438, 48.093058221248434 ], [ -1.629625725368757, 48.093058506298618 ], [ -1.629625771490718, 48.093058791922829 ], [ -1.629625810227589, 48.093059078036049 ], [ -1.629625841567838, 48.093059364553078 ], [ -1.629625865502134, 48.093059651388629 ], [ -1.629625882023352, 48.093059938457301 ], [ -1.629625891126574, 48.093060225673639 ], [ -1.629625892809089, 48.093060512952121 ], [ -1.629625887070396, 48.093060800207233 ], [ -1.629625873912204, 48.093061087353455 ], [ -1.62962585333843, 48.093061374305286 ], [ -1.629625825355199, 48.093061660977305 ], [ -1.629625789970842, 48.093061947284163 ], [ -1.629625747195894, 48.093062233140635 ], [ -1.629625697043089, 48.093062518461608 ], [ -1.629625639527359, 48.093062803162134 ], [ -1.629625574665826, 48.093063087157461 ], [ -1.629625502477801, 48.093063370363033 ], [ -1.629625422984775, 48.093063652694539 ], [ -1.629625336210414, 48.093063934067928 ], [ -1.629625242180553, 48.093064214399433 ], [ -1.629625140923185, 48.093064493605603 ], [ -1.629625032468455, 48.093064771603288 ], [ -1.629624916848653, 48.093065048309739 ], [ -1.629624794098198, 48.093065323642591 ], [ -1.629624664253638, 48.093065597519853 ], [ -1.629624527353628, 48.093065869859991 ], [ -1.629624383438923, 48.093066140581939 ], [ -1.629624232552372, 48.093066409605093 ], [ -1.629624074738892, 48.093066676849354 ], [ -1.629623910045469, 48.093066942235161 ], [ -1.629623738521134, 48.093067205683518 ], [ -1.629623560216951, 48.093067467115972 ], [ -1.629623375186004, 48.093067726454713 ], [ -1.62962318348338, 48.093067983622518 ], [ -1.629622985166151, 48.093068238542841 ], [ -1.629622780293358, 48.093068491139761 ], [ -1.629619392577164, 48.093076787823797 ], [ -1.629619089536963, 48.093077281901671 ], [ -1.629618799406623, 48.093077779424746 ], [ -1.629618522273891, 48.093078280242565 ], [ -1.629618258222586, 48.093078784203648 ], [ -1.629618007332569, 48.093079291155576 ], [ -1.629617769679721, 48.09307980094502 ], [ -1.629617545335919, 48.093080313417786 ], [ -1.629617334369015, 48.093080828418898 ], [ -1.629617136842815, 48.093081345792591 ], [ -1.629616952817061, 48.093081865382381 ], [ -1.62961678234741, 48.093082387031139 ], [ -1.62961662548542, 48.09308291058106 ], [ -1.629616482278534, 48.093083435873822 ], [ -1.629616352770064, 48.093083962750541 ], [ -1.629616236999179, 48.093084491051869 ], [ -1.629616135000894, 48.093085020618034 ], [ -1.629616046806059, 48.093085551288851 ], [ -1.629615972441345, 48.093086082903838 ], [ -1.629615911929247, 48.093086615302198 ], [ -1.629615865288065, 48.093087148322915 ], [ -1.629615832531905, 48.093087681804782 ], [ -1.629615813670675, 48.093088215586434 ], [ -1.629615808710079, 48.093088749506435 ], [ -1.629615817651617, 48.093089283403323 ], [ -1.629615840492585, 48.093089817115604 ], [ -1.629615877226075, 48.093090350481866 ], [ -1.629615927840977, 48.093090883340786 ], [ -1.629615992321983, 48.093091415531212 ], [ -1.629616070649591, 48.09309194689218 ], [ -1.62961616280011, 48.093092477262985 ], [ -1.62961626874567, 48.093093006483215 ], [ -1.629616388454228, 48.093093534392807 ], [ -1.62961652188958, 48.093094060832094 ], [ -1.629616669011367, 48.093094585641872 ], [ -1.629616829775093, 48.093095108663398 ], [ -1.629617004132137, 48.093095629738499 ], [ -1.629617192029763, 48.09309614870957 ], [ -1.629617393411144, 48.093096665419644 ], [ -1.629617608215372, 48.093097179712473 ], [ -1.62961783637748, 48.093097691432469 ], [ -1.629618077828462, 48.09309820042489 ], [ -1.629618332495292, 48.093098706535784 ], [ -1.629618600300946, 48.093099209612092 ], [ -1.629618881164428, 48.093099709501651 ], [ -1.629619175000791, 48.093100206053265 ], [ -1.629619481721167, 48.093100699116761 ], [ -1.629619801232787, 48.093101188543017 ], [ -1.629620133439018, 48.093101674184005 ], [ -1.629620478239383, 48.093102155892844 ], [ -1.629620835529601, 48.093102633523841 ], [ -1.62962120520161, 48.093103106932546 ], [ -1.629621587143604, 48.093103575975775 ], [ -1.629621981240065, 48.093104040511662 ], [ -1.629622387371801, 48.093104500399718 ], [ -1.629622805415978, 48.093104955500834 ], [ -1.629623235246161, 48.093105405677392 ], [ -1.629623676732349, 48.093105850793222 ], [ -1.629624129741016, 48.093106290713699 ], [ -1.629624594135152, 48.09310672530578 ], [ -1.629625069774301, 48.09310715443803 ], [ -1.629625556514609, 48.093107577980632 ], [ -1.629626054208863, 48.093107995805518 ], [ -1.629626562706536, 48.093108407786296 ], [ -1.629627081853835, 48.093108813798381 ], [ -1.629627611493747, 48.093109213718961 ], [ -1.629628151466084, 48.093109607427095 ], [ -1.629628701607532, 48.093109994803704 ], [ -1.629629261751704, 48.093110375731619 ], [ -1.629629831729186, 48.093110750095647 ], [ -1.629630411367589, 48.093111117782534 ], [ -1.629631000491606, 48.093111478681102 ], [ -1.629631598923057, 48.093111832682197 ], [ -1.629632206480948, 48.093112179678734 ], [ -1.629632822981527, 48.093112519565786 ], [ -1.629633448238334, 48.093112852240537 ], [ -1.629634082062263, 48.093113177602383 ], [ -1.629634724261616, 48.093113495552913 ], [ -1.629635374642163, 48.093113805995969 ], [ -1.629636033007197, 48.093114108837661 ], [ -1.629636699157599, 48.093114403986391 ], [ -1.629637372891894, 48.093114691352895 ], [ -1.629638054006314, 48.093114970850252 ], [ -1.629638742294858, 48.093115242393942 ], [ -1.629639437549354, 48.093115505901828 ], [ -1.629640139559527, 48.093115761294214 ], [ -1.629640848113059, 48.093116008493858 ], [ -1.6301811888457, 48.093304946110258 ], [ -1.630390098010885, 48.093363022603334 ], [ -1.630693863229458, 48.093443726192589 ], [ -1.630696172105393, 48.093444398981852 ], [ -1.630698463144968, 48.093445098443887 ], [ -1.630700735657546, 48.093445824367841 ], [ -1.630702988958072, 48.093446576534888 ], [ -1.630705222367284, 48.093447354718272 ], [ -1.630707435211916, 48.093448158683422 ], [ -1.630709626824902, 48.093448988187951 ], [ -1.630711796545574, 48.09344984298184 ], [ -1.630713943719867, 48.09345072280739 ], [ -1.63071606770051, 48.093451627399361 ], [ -1.630718167847224, 48.093452556485083 ], [ -1.630720243526917, 48.093453509784467 ], [ -1.630722294113869, 48.093454487010142 ], [ -1.630724318989928, 48.09345548786753 ], [ -1.63072631754469, 48.093456512054892 ], [ -1.630728289175687, 48.093457559263513 ], [ -1.630730233288566, 48.093458629177682 ], [ -1.63073214929727, 48.0934597214749 ], [ -1.630734036624215, 48.093460835825859 ], [ -1.630735894700462, 48.093461971894648 ], [ -1.630737722965889, 48.093463129338801 ], [ -1.630739520869363, 48.093464307809391 ], [ -1.630741287868902, 48.093465506951183 ], [ -1.630743023431839, 48.093466726402667 ], [ -1.630744727034987, 48.093467965796258 ], [ -1.630746398164789, 48.093469224758309 ], [ -1.630748036317482, 48.093470502909334 ], [ -1.630749640999239, 48.093471799864012 ], [ -1.630751211726326, 48.093473115231369 ], [ -1.630752748025245, 48.093474448614899 ], [ -1.630754249432874, 48.093475799612634 ], [ -1.630755715496612, 48.093477167817312 ], [ -1.63075714577451, 48.093478552816499 ], [ -1.630758539835408, 48.093479954192667 ], [ -1.630759897259063, 48.093481371523367 ], [ -1.630761217636278, 48.093482804381352 ], [ -1.630762500569021, 48.093484252334683 ], [ -1.63076374567055, 48.093485714946851 ], [ -1.630764952565527, 48.093487191776966 ], [ -1.630766120890131, 48.093488682379828 ], [ -1.630767250292166, 48.093490186306084 ], [ -1.630768340431174, 48.09349170310238 ], [ -1.630769390978529, 48.093493232311474 ], [ -1.630770401617542, 48.093494773472372 ], [ -1.630771372043553, 48.093496326120487 ], [ -1.630772301964025, 48.093497889787784 ], [ -1.630773191098633, 48.093499464002882 ], [ -1.630774039179343, 48.093501048291223 ], [ -1.630800011670153, 48.09356742116772 ] ], [ [ -1.630800011670153, 48.09356742116772 ], [ -1.630800044781211, 48.093567493695538 ], [ -1.630800076002126, 48.09356756659637 ], [ -1.63080010532349, 48.093567639848224 ], [ -1.630800132736468, 48.093567713429053 ], [ -1.630800158232795, 48.093567787316651 ], [ -1.630800181804787, 48.093567861488744 ], [ -1.63080020344534, 48.093567935922984 ], [ -1.63080022314793, 48.093568010596933 ], [ -1.63080024090662, 48.093568085488087 ], [ -1.630800256716055, 48.093568160573888 ], [ -1.630800270571471, 48.093568235831683 ], [ -1.630800282468693, 48.093568311238791 ], [ -1.630800292404133, 48.093568386772496 ], [ -1.630800300374798, 48.093568462410012 ], [ -1.630800306378285, 48.093568538128551 ], [ -1.630800310412785, 48.093568613905298 ], [ -1.63080031247708, 48.093568689717408 ], [ -1.63080031257055, 48.093568765542024 ], [ -1.630800310693166, 48.093568841356294 ], [ -1.630800306845493, 48.093568917137375 ], [ -1.630800301028693, 48.09356899286243 ], [ -1.630800293244517, 48.093569068508607 ], [ -1.630800283495312, 48.093569144053127 ], [ -1.630800271784017, 48.093569219473217 ], [ -1.630800258114161, 48.093569294746153 ], [ -1.630800242489866, 48.093569369849227 ], [ -1.630800224915839, 48.093569444759808 ], [ -1.630800205397378, 48.093569519455336 ], [ -1.630800183940366, 48.09356959391328 ], [ -1.630800160551271, 48.093569668111193 ], [ -1.630800135237142, 48.09356974202673 ], [ -1.63080010800561, 48.093569815637593 ], [ -1.630800078864881, 48.0935698889216 ], [ -1.63080004782374, 48.093569961856673 ], [ -1.630800014891542, 48.093570034420807 ], [ -1.630799980078214, 48.093570106592153 ], [ -1.630799943394249, 48.093570178348948 ], [ -1.630799904850704, 48.093570249669568 ], [ -1.630799864459195, 48.0935703205325 ], [ -1.630799822231898, 48.093570390916405 ], [ -1.630799778181541, 48.093570460800073 ], [ -1.630799732321401, 48.093570530162417 ], [ -1.630799684665299, 48.093570598982531 ], [ -1.630799635227601, 48.093570667239689 ], [ -1.630799584023208, 48.093570734913328 ], [ -1.630799531067552, 48.093570801983027 ], [ -1.630799476376596, 48.093570868428571 ], [ -1.630799419966824, 48.093570934229945 ], [ -1.630799361855238, 48.093570999367294 ], [ -1.630799302059355, 48.09357106382101 ], [ -1.630799240597196, 48.093571127571664 ], [ -1.630799177487287, 48.093571190600031 ], [ -1.630799112748651, 48.093571252887116 ], [ -1.6307990464008, 48.093571314414135 ], [ -1.630798978463732, 48.093571375162561 ], [ -1.630798908957924, 48.093571435114072 ], [ -1.630798837904327, 48.093571494250611 ], [ -1.630798765324355, 48.093571552554337 ], [ -1.630798691239886, 48.093571610007679 ], [ -1.63079861567325, 48.093571666593334 ], [ -1.630798538647224, 48.093571722294229 ], [ -1.630798460185022, 48.093571777093594 ], [ -1.630798380310296, 48.093571830974895 ], [ -1.63079829904712, 48.093571883921896 ], [ -1.630798216419987, 48.093571935918646 ], [ -1.630798132453803, 48.093571986949463 ], [ -1.630798047173875, 48.093572036998971 ], [ -1.630797960605909, 48.093572086052092 ], [ -1.630797872775996, 48.093572134094018 ], [ -1.630797783710609, 48.093572181110289 ], [ -1.630797693436594, 48.093572227086725 ], [ -1.63079760198116, 48.093572272009482 ], [ -1.630797509371873, 48.093572315864996 ], [ -1.630797415636647, 48.09357235864006 ], [ -1.630797320803734, 48.09357240032179 ], [ -1.630797224901717, 48.09357244089761 ], [ -1.630797127959503, 48.093572480355292 ], [ -1.630797030006311, 48.093572518682954 ], [ -1.630796931071665, 48.093572555869031 ], [ -1.630796831185386, 48.093572591902323 ], [ -1.630796730377579, 48.093572626771959 ], [ -1.630796628678631, 48.09357266046743 ], [ -1.630796526119193, 48.093572692978604 ], [ -1.630796422730178, 48.093572724295647 ], [ -1.630796318542749, 48.093572754409145 ], [ -1.630796213588309, 48.093572783310009 ], [ -1.630796107898493, 48.093572810989521 ], [ -1.630796001505156, 48.093572837439361 ], [ -1.630795894440366, 48.093572862651548 ], [ -1.630795786736395, 48.093572886618468 ], [ -1.630795678425705, 48.093572909332913 ], [ -1.630795569540942, 48.093572930788028 ], [ -1.630795460114925, 48.093572950977354 ], [ -1.630795350180638, 48.093572969894794 ], [ -1.630795239771213, 48.093572987534657 ], [ -1.630795128919932, 48.093573003891628 ], [ -1.630795017660204, 48.093573018960768 ], [ -1.630794906025565, 48.093573032737531 ], [ -1.630787493285596, 48.093573886373385 ] ] ] } },
{ "type": "Feature", "properties": { "Fid": 4.0, "Id_itinéraire": 4.0, "Id_quai": "SP5", "Couleurs": "#f59300", "Sens_de_circulation": "Entrée", "Type_quai": "Stockage papier (SP5)" }, "geometry": { "type": "MultiLineString", "coordinates": [ [ [ -1.629179293871371, 48.094858303615212 ], [ -1.629113002257112, 48.09480692141878 ], [ -1.629108573499351, 48.094807540016291 ], [ -1.62910412935052, 48.094808107240397 ], [ -1.629099671146407, 48.094808622920624 ], [ -1.629095200227027, 48.094809086901954 ], [ -1.629090717936214, 48.094809499044942 ], [ -1.62908622562122, 48.094809859225705 ], [ -1.629081724632313, 48.094810167335986 ], [ -1.629077216322365, 48.094810423283178 ], [ -1.629072702046449, 48.094810626990345 ], [ -1.629068183161434, 48.094810778396258 ], [ -1.629063661025571, 48.094810877455416 ], [ -1.62905913699809, 48.094810924138045 ], [ -1.629054612438787, 48.094810918430106 ], [ -1.629050088707622, 48.094810860333325 ], [ -1.629045567164303, 48.094810749865154 ], [ -1.629041049167882, 48.094810587058802 ], [ -1.629036536076342, 48.094810371963199 ], [ -1.629032029246196, 48.09481010464301 ], [ -1.629027530032073, 48.094809785178562 ], [ -1.629023039786311, 48.094809413665885 ], [ -1.629018559858556, 48.094808990216656 ], [ -1.629014091595349, 48.094808514958139 ], [ -1.629009636339728, 48.094807988033175 ], [ -1.629005195430819, 48.094807409600165 ], [ -1.629000770203438, 48.094806779832943 ], [ -1.628996361987686, 48.094806098920813 ], [ -1.62899197210855, 48.094805367068432 ], [ -1.628987601885508, 48.094804584495783 ], [ -1.628983252632128, 48.094803751438057 ], [ -1.628978925655675, 48.094802868145663 ], [ -1.628974622256721, 48.094801934884103 ], [ -1.628970343728746, 48.09480095193387 ], [ -1.62896609135776, 48.094799919590415 ], [ -1.628961866421907, 48.094798838164017 ], [ -1.628957670191088, 48.094797707979744 ], [ -1.628953503926572, 48.09479652937727 ], [ -1.628949368880625, 48.094795302710871 ], [ -1.628945266296127, 48.094794028349227 ], [ -1.628941197406202, 48.094792706675371 ], [ -1.628937163433847, 48.094791338086573 ], [ -1.628933165591561, 48.094789922994188 ], [ -1.628929205080987, 48.094788461823541 ], [ -1.628925283092544, 48.094786955013809 ], [ -1.628921400805074, 48.094785403017916 ], [ -1.628917559385485, 48.094783806302324 ], [ -1.628913759988404, 48.094782165346977 ], [ -1.628910003755822, 48.09478048064507 ], [ -1.628906291816761, 48.094778752703 ], [ -1.628902625286928, 48.094776982040123 ], [ -1.628899005268379, 48.094775169188644 ], [ -1.628895432849192, 48.094773314693455 ], [ -1.628891909103139, 48.094771419111972 ], [ -1.62888843508936, 48.094769483013934 ], [ -1.628885011852047, 48.094767506981277 ], [ -1.628881640420133, 48.094765491607937 ], [ -1.628878321806976, 48.094763437499687 ], [ -1.628875057010059, 48.094761345273923 ], [ -1.628871847010692, 48.094759215559506 ], [ -1.62886869277371, 48.094757048996563 ], [ -1.628865595247191, 48.094754846236299 ], [ -1.628862555362166, 48.094752607940791 ], [ -1.62885957403234, 48.094750334782823 ], [ -1.62885665215382, 48.094748027445618 ], [ -1.62885379060484, 48.094745686622716 ], [ -1.628850990245504, 48.09474331301768 ], [ -1.628848251917523, 48.094740907343954 ], [ -1.628845576443963, 48.094738470324607 ], [ -1.628842964628997, 48.094736002692144 ], [ -1.628038338666447, 48.094125463672469 ], [ -1.628005731636859, 48.094100721757869 ], [ -1.628005514989902, 48.094100386868867 ], [ -1.62800528963537, 48.094100054553202 ], [ -1.62800505564175, 48.094099724911878 ], [ -1.628004813080153, 48.094099398045053 ], [ -1.628004562024296, 48.094099074052075 ], [ -1.628004302550475, 48.094098753031403 ], [ -1.628004034737546, 48.094098435080596 ], [ -1.628003758666898, 48.09409812029628 ], [ -1.628003474422431, 48.09409780877413 ], [ -1.628003182090529, 48.094097500608811 ], [ -1.628002881760032, 48.094097195893973 ], [ -1.628002573522212, 48.09409689472222 ], [ -1.628002257470745, 48.0940965971851 ], [ -1.62800193370168, 48.094096303373007 ], [ -1.628001602313413, 48.094096013375257 ], [ -1.628001263406653, 48.094095727279957 ], [ -1.628000917084397, 48.094095445174077 ], [ -1.628000563451893, 48.09409516714333 ], [ -1.628000202616613, 48.094094893272235 ], [ -1.627999834688216, 48.094094623643997 ], [ -1.627999459778517, 48.09409435834057 ], [ -1.627999078001453, 48.094094097442586 ], [ -1.62799868947305, 48.09409384102932 ], [ -1.627998294311381, 48.094093589178712 ], [ -1.627997892636539, 48.094093341967294 ], [ -1.627997484570595, 48.094093099470193 ], [ -1.627997070237563, 48.094092861761105 ], [ -1.62799664976336, 48.094092628912279 ], [ -1.62799622327577, 48.094092400994469 ], [ -1.627995790904406, 48.094092178076949 ], [ -1.627995352780667, 48.094091960227452 ], [ -1.627994909037702, 48.094091747512202 ], [ -1.627994459810366, 48.09409153999583 ], [ -1.627994005235182, 48.094091337741403 ], [ -1.627993545450297, 48.094091140810391 ], [ -1.627993080595442, 48.09409094926265 ], [ -1.62799261081189, 48.094090763156373 ], [ -1.62799213624241, 48.094090582548134 ], [ -1.627991657031226, 48.094090407492821 ], [ -1.627991173323973, 48.09409023804362 ], [ -1.627990685267652, 48.094090074252044 ], [ -1.627990193010586, 48.09408991616786 ], [ -1.627989696702374, 48.094089763839122 ], [ -1.627989196493847, 48.094089617312108 ], [ -1.627988692537021, 48.094089476631353 ], [ -1.627988184985052, 48.094089341839627 ], [ -1.627987673992186, 48.09408921297787 ], [ -1.627987159713717, 48.094089090085255 ], [ -1.627986642305937, 48.094088973199135 ], [ -1.62798612192609, 48.094088862355022 ], [ -1.62798559873232, 48.094088757586604 ], [ -1.627985072883629, 48.094088658925727 ], [ -1.627984544539827, 48.094088566402377 ], [ -1.627984013861478, 48.094088480044654 ], [ -1.627983481009859, 48.094088399878828 ], [ -1.627982946146907, 48.094088325929242 ], [ -1.627982409435168, 48.094088258218378 ], [ -1.627981871037753, 48.094088196766805 ], [ -1.627981331118283, 48.094088141593218 ], [ -1.627980789840842, 48.094088092714365 ], [ -1.627980247369928, 48.094088050145103 ], [ -1.627979703870401, 48.094088013898379 ], [ -1.627979159507432, 48.094087983985212 ], [ -1.627978614446456, 48.094087960414669 ], [ -1.62797806885312, 48.094087943193941 ], [ -1.627977522893234, 48.094087932328243 ], [ -1.627976976732716, 48.094087927820887 ], [ -1.627976430537548, 48.094087929673236 ], [ -1.627975884473722, 48.09408793788473 ], [ -1.627975338707188, 48.094087952452867 ], [ -1.627974793403809, 48.094087973373234 ], [ -1.627974248729305, 48.094088000639459 ], [ -1.627973704849206, 48.094088034243271 ], [ -1.627973161928798, 48.094088074174444 ], [ -1.62797262013308, 48.094088120420849 ], [ -1.627972079626704, 48.094088172968426 ], [ -1.627971540573935, 48.094088231801216 ], [ -1.627971003138592, 48.094088296901333 ], [ -1.627970467484006, 48.094088368248983 ], [ -1.627969933772964, 48.094088445822486 ], [ -1.627969402167664, 48.094088529598288 ], [ -1.627968872829664, 48.094088619550909 ], [ -1.627968345919831, 48.094088715653022 ], [ -1.627967821598298, 48.094088817875416 ], [ -1.627967300024407, 48.094088926187013 ], [ -1.627966781356669, 48.09408904055492 ], [ -1.627966265752708, 48.094089160944364 ], [ -1.627965753369219, 48.094089287318774 ], [ -1.627965244361919, 48.094089419639722 ], [ -1.627964738885498, 48.094089557867001 ], [ -1.627964237093571, 48.094089701958616 ], [ -1.627963739138637, 48.09408985187077 ], [ -1.627963245172027, 48.094090007557902 ], [ -1.62796275534386, 48.094090168972691 ], [ -1.627962269802996, 48.094090336066088 ], [ -1.627961788696995, 48.094090508787332 ], [ -1.627961312172066, 48.094090687083899 ], [ -1.627960840373029, 48.094090870901624 ], [ -1.627960373443265, 48.094091060184631 ], [ -1.627959911524678, 48.094091254875416 ], [ -1.627959454757646, 48.094091454914789 ], [ -1.627959003280983, 48.094091660241965 ], [ -1.627958557231895, 48.094091870794543 ], [ -1.627958116745939, 48.094092086508553 ], [ -1.627957681956982, 48.094092307318405 ], [ -1.627957252997156, 48.094092533157017 ], [ -1.627956829996827, 48.094092763955757 ], [ -1.627956413084545, 48.094092999644467 ], [ -1.627956002387012, 48.094093240151537 ], [ -1.627366564343974, 48.094407472707182 ], [ -1.627365489481285, 48.094407848655536 ], [ -1.627364424597463, 48.094408237065551 ], [ -1.627363370016345, 48.094408637819122 ], [ -1.627362326058636, 48.094409050794354 ], [ -1.62736129304181, 48.094409475865689 ], [ -1.627360271280013, 48.094409912903828 ], [ -1.62735926108397, 48.0944103617759 ], [ -1.627358262760887, 48.09441082234536 ], [ -1.62735727661436, 48.094411294472174 ], [ -1.627356302944281, 48.094411778012756 ], [ -1.627355342046752, 48.094412272820058 ], [ -1.627354394213984, 48.094412778743617 ], [ -1.627353459734222, 48.09441329562955 ], [ -1.627352538891645, 48.094413823320707 ], [ -1.627351631966286, 48.094414361656582 ], [ -1.627350739233949, 48.094414910473475 ], [ -1.627349860966117, 48.094415469604499 ], [ -1.627348997429878, 48.094416038879594 ], [ -1.627348148887839, 48.094416618125649 ], [ -1.627347315598044, 48.094417207166515 ], [ -1.627346497813905, 48.094417805823078 ], [ -1.627345695784112, 48.094418413913246 ], [ -1.627344909752569, 48.09441903125213 ], [ -1.627344139958312, 48.094419657651962 ], [ -1.627343386635441, 48.094420292922273 ], [ -1.627342650013045, 48.094420936869867 ], [ -1.627341930315136, 48.094421589298904 ], [ -1.627341227760578, 48.094422250010993 ], [ -1.627340542563022, 48.094422918805193 ], [ -1.627339874930842, 48.094423595478133 ], [ -1.627339225067067, 48.094424279824025 ], [ -1.627338593169326, 48.094424971634744 ], [ -1.627337979429782, 48.094425670699941 ], [ -1.627337384035077, 48.094426376806979 ], [ -1.627336807166275, 48.09442708974116 ], [ -1.627336248998804, 48.094427809285662 ], [ -1.627335709702407, 48.094428535221667 ], [ -1.627335189441088, 48.094429267328422 ], [ -1.62733468837306, 48.094430005383281 ], [ -1.627334206650701, 48.094430749161802 ], [ -1.627333744420506, 48.094431498437793 ], [ -1.627333301823043, 48.094432252983388 ], [ -1.627332878992907, 48.094433012569148 ], [ -1.627332476058684, 48.094433776964053 ], [ -1.627332093142908, 48.094434545935648 ], [ -1.627331730362027, 48.09443531925011 ], [ -1.627331387826365, 48.09443609667224 ], [ -1.627331065640088, 48.09443687796562 ], [ -1.627330763901175, 48.09443766289268 ], [ -1.627330482701388, 48.0944384512147 ], [ -1.62733022212624, 48.094439242691941 ], [ -1.627329982254974, 48.094440037083722 ], [ -1.627329763160536, 48.09444083414845 ], [ -1.627329564909554, 48.094441633643754 ], [ -1.627329387562318, 48.094442435326485 ], [ -1.627329231172761, 48.094443238952856 ], [ -1.627329095788439, 48.094444044278468 ], [ -1.627328981450526, 48.094444851058427 ], [ -1.627328888193792, 48.094445659047381 ], [ -1.627328816046597, 48.094446467999624 ], [ -1.627328765030881, 48.094447277669133 ], [ -1.627328735162159, 48.094448087809695 ], [ -1.627328726449513, 48.094448898174939 ], [ -1.627328738895594, 48.094449708518425 ], [ -1.627328772496616, 48.094450518593725 ], [ -1.627328827242361, 48.094451328154491 ], [ -1.627328903116181, 48.09445213695453 ], [ -1.627329000095001, 48.094452944747886 ], [ -1.627329118149331, 48.094453751288896 ], [ -1.627329257243268, 48.094454556332281 ], [ -1.627329417334515, 48.094455359633237 ], [ -1.627329598374386, 48.094456160947473 ], [ -1.627329800307825, 48.094456960031295 ], [ -1.627330023073423, 48.09445775664171 ], [ -1.627330266603437, 48.094458550536451 ], [ -1.627330530823807, 48.094459341474092 ], [ -1.627330815654182, 48.094460129214113 ], [ -1.627331121007944, 48.09446091351694 ], [ -1.627331446792233, 48.094461694144094 ], [ -1.627331792907975, 48.094462470858154 ], [ -1.627332159249915, 48.094463243422922 ], [ -1.627332545706646, 48.094464011603463 ], [ -1.627332952160644, 48.094464775166166 ], [ -1.627333378488304, 48.094465533878825 ], [ -1.627333824559978, 48.094466287510713 ], [ -1.627334290240012, 48.094467035832643 ], [ -1.62733477538679, 48.094467778617052 ], [ -1.627335279852776, 48.094468515638049 ], [ -1.627335803484558, 48.094469246671515 ], [ -1.627336346122899, 48.094469971495116 ], [ -1.627336907602776, 48.094470689888446 ], [ -1.627337487753443, 48.094471401633037 ], [ -1.62733808639847, 48.094472106512448 ], [ -1.627338703355806, 48.094472804312296 ], [ -1.627339338437832, 48.094473494820392 ], [ -1.627339991451414, 48.094474177826754 ], [ -1.627340662197968, 48.094474853123671 ], [ -1.627341350473515, 48.094475520505782 ], [ -1.627342056068746, 48.09447617977014 ], [ -1.627342778769086, 48.094476830716246 ], [ -1.627388137264482, 48.094522402069494 ], [ -1.627389390459207, 48.094523297607651 ], [ -1.627390620164091, 48.094524207556077 ], [ -1.627391826007748, 48.094525131639969 ], [ -1.627393007625999, 48.094526069580212 ], [ -1.627394164661979, 48.094527021093548 ], [ -1.627395296766246, 48.094527985892618 ], [ -1.62739640359689, 48.094528963686038 ], [ -1.627397484819633, 48.094529954178476 ], [ -1.627398540107932, 48.094530957070816 ], [ -1.627399569143074, 48.094531972060146 ], [ -1.627400571614278, 48.094532998839952 ], [ -1.627401547218783, 48.094534037100111 ], [ -1.627402495661945, 48.094535086527067 ], [ -1.627403416657318, 48.094536146803861 ], [ -1.627404309926752, 48.094537217610288 ], [ -1.627405175200467, 48.094538298622957 ], [ -1.627406012217137, 48.094539389515361 ], [ -1.627406820723974, 48.094540489958057 ], [ -1.627407600476796, 48.094541599618694 ], [ -1.627408351240108, 48.094542718162131 ], [ -1.627409072787169, 48.094543845250548 ], [ -1.627409764900062, 48.094544980543567 ], [ -1.62741042736976, 48.094546123698301 ], [ -1.627411059996188, 48.094547274369496 ], [ -1.627411662588283, 48.094548432209642 ], [ -1.627412234964057, 48.094549596869058 ], [ -1.627412776950641, 48.09455076799599 ], [ -1.627413288384351, 48.094551945236745 ], [ -1.627413769110725, 48.094553128235781 ], [ -1.627414218984578, 48.094554316635815 ], [ -1.627414637870042, 48.094555510077946 ], [ -1.627415025640607, 48.094556708201722 ], [ -1.627415382179163, 48.0945579106453 ], [ -1.627415707378029, 48.09455911704552 ], [ -1.627416001138991, 48.094560327038039 ], [ -1.627416263373328, 48.094561540257423 ], [ -1.627416494001844, 48.094562756337261 ], [ -1.627416692954884, 48.094563974910287 ], [ -1.627416860172362, 48.094565195608446 ], [ -1.627416995603777, 48.094566418063103 ], [ -1.627417099208227, 48.094567641905059 ], [ -1.62741717095442, 48.094568866764682 ], [ -1.62741721082069, 48.094570092272043 ], [ -1.627417218794995, 48.094571318057042 ], [ -1.627417194874928, 48.094572543749464 ], [ -1.627417139067712, 48.094573768979132 ], [ -1.627417051390203, 48.094574993376014 ], [ -1.62741693186888, 48.094576216570331 ], [ -1.627416780539839, 48.094577438192644 ], [ -1.627416597448786, 48.094578657874024 ], [ -1.627416382651014, 48.094579875246104 ], [ -1.627416136211397, 48.094581089941236 ], [ -1.627415858204362, 48.094582301592524 ], [ -1.627415548713872, 48.094583509834081 ], [ -1.627415207833396, 48.094584714300971 ], [ -1.627414835665885, 48.094585914629462 ], [ -1.627414432323739, 48.094587110456999 ], [ -1.627413997928773, 48.094588301422448 ], [ -1.627413532612179, 48.094589487166118 ], [ -1.62741303651449, 48.094590667329896 ], [ -1.627412509785533, 48.094591841557367 ], [ -1.627411952584389, 48.094593009493877 ], [ -1.627411365079339, 48.094594170786728 ], [ -1.627410747447818, 48.094595325085159 ], [ -1.627410099876359, 48.094596472040585 ], [ -1.627409422560537, 48.094597611306583 ], [ -1.627408715704911, 48.094598742539105 ], [ -1.627407979522961, 48.094599865396489 ], [ -1.627407214237024, 48.094600979539621 ], [ -1.627406420078226, 48.094602084632015 ], [ -1.627405597286414, 48.094603180339931 ], [ -1.627404746110083, 48.094604266332432 ], [ -1.627403866806299, 48.094605342281547 ], [ -1.627402959640624, 48.094606407862308 ], [ -1.627402024887034, 48.094607462752926 ], [ -1.627401062827837, 48.094608506634778 ], [ -1.627400073753589, 48.094609539192611 ], [ -1.627399057963003, 48.094610560114589 ], [ -1.627398015762861, 48.094611569092372 ], [ -1.627396947467923, 48.094612565821237 ], [ -1.627395853400827, 48.094613550000162 ], [ -1.627394733891998, 48.094614521331899 ], [ -1.627393589279541, 48.094615479523107 ], [ -1.627392419909145, 48.094616424284403 ], [ -1.627391226133976, 48.094617355330442 ], [ -1.62739000831457, 48.094618272380053 ], [ -1.627388766818725, 48.094619175156261 ], [ -1.62738750202139, 48.094620063386422 ], [ -1.62738621430455, 48.094620936802279 ], [ -1.627384904057114, 48.09462179514005 ], [ -1.627383571674793, 48.0946226381405 ], [ -1.627382217559986, 48.094623465549049 ], [ -1.627380842121654, 48.094624277115791 ], [ -1.627379445775196, 48.094625072595633 ], [ -1.62737802894233, 48.094625851748326 ], [ -1.627376592050957, 48.094626614338559 ], [ -1.627375135535039, 48.094627360136009 ], [ -1.627373659834462, 48.094628088915464 ], [ -1.627372165394909, 48.094628800456789 ], [ -1.627370652667721, 48.09462949454511 ], [ -1.627369122109761, 48.094630170970795 ], [ -1.627367574183278, 48.094630829529564 ], [ -1.627366009355768, 48.094631470022513 ], [ -1.62736442809983, 48.094632092256212 ], [ -1.627362830893024, 48.09463269604273 ], [ -1.627361218217728, 48.094633281199741 ], [ -1.627359590560993, 48.09463384755049 ], [ -1.627357948414391, 48.094634394923951 ], [ -1.627356292273875, 48.0946349231548 ], [ -1.627354622639621, 48.094635432083507 ], [ -1.627352940015881, 48.094635921556367 ], [ -1.62735124491083, 48.094636391425567 ], [ -1.627349537836413, 48.094636841549189 ], [ -1.627347819308189, 48.094637271791292 ], [ -1.627346089845178, 48.094637682021933 ], [ -1.6273443499697, 48.09463807211722 ], [ -1.627342600207222, 48.094638441959354 ], [ -1.627340841086195, 48.094638791436616 ], [ -1.627339073137898, 48.094639120443468 ], [ -1.627337296896275, 48.094639428880541 ], [ -1.627335512897775, 48.094639716654697 ], [ -1.62733372168119, 48.094639983679023 ], [ -1.627331923787492, 48.094640229872859 ], [ -1.627330119759668, 48.094640455161858 ], [ -1.62732831014256, 48.094640659477982 ], [ -1.627326495482696, 48.094640842759532 ], [ -1.627324676328129, 48.09464100495115 ], [ -1.627322853228267, 48.094641146003838 ], [ -1.627321026733712, 48.094641265875019 ], [ -1.627319197396089, 48.094641364528485 ], [ -1.627317365767884, 48.094641441934428 ], [ -1.627315532402273, 48.094641498069471 ], [ -1.627313697852956, 48.094641532916675 ], [ -1.627311862673994, 48.09464154646551 ], [ -1.627310027419633, 48.094641538711883 ], [ -1.627308192644148, 48.094641509658139 ], [ -1.627306358901664, 48.094641459313046 ], [ -1.627304526745996, 48.094641387691816 ], [ -1.62730269673048, 48.094641294816064 ], [ -1.627300869407807, 48.094641180713865 ], [ -1.627299045329851, 48.094641045419664 ], [ -1.62729722504751, 48.094640888974311 ], [ -1.627295409110532, 48.094640711425086 ], [ -1.627293598067356, 48.094640512825578 ], [ -1.627291792464942, 48.094640293235784 ], [ -1.627289992848605, 48.094640052722013 ], [ -1.627288199761854, 48.094639791356919 ], [ -1.627286413746226, 48.094639509219419 ], [ -1.627284635341121, 48.094639206394731 ], [ -1.627282865083643, 48.094638882974316 ], [ -1.627281103508431, 48.094638539055843 ], [ -1.627279351147507, 48.094638174743181 ], [ -1.627277608530107, 48.094637790146372 ], [ -1.627275876182526, 48.094637385381539 ], [ -1.627274154627954, 48.094636960570952 ], [ -1.627272444386326, 48.094636515842886 ], [ -1.627270745974157, 48.09463605133169 ], [ -1.62726905990439, 48.094635567177612 ], [ -1.627267386686243, 48.094635063526901 ], [ -1.627265726825049, 48.094634540531665 ], [ -1.627264080822109, 48.094633998349828 ], [ -1.627262449174538, 48.094633437145156 ], [ -1.627260832375115, 48.094632857087149 ], [ -1.627259230912136, 48.094632258350963 ], [ -1.627257645269265, 48.094631641117452 ], [ -1.627256075925387, 48.094631005573021 ], [ -1.627254523354465, 48.094630351909593 ], [ -1.627252988025397, 48.094629680324609 ], [ -1.627251470401873, 48.094628991020883 ], [ -1.627249970942235, 48.094628284206593 ], [ -1.627248490099341, 48.094627560095212 ], [ -1.627247028320425, 48.094626818905425 ], [ -1.627245586046965, 48.094626060861081 ], [ -1.627244163714547, 48.094625286191118 ], [ -1.627242761752733, 48.094624495129501 ], [ -1.627241380584937, 48.094623687915139 ], [ -1.627240020628288, 48.094622864791816 ], [ -1.627238682293513, 48.094622026008139 ], [ -1.627237365984806, 48.094621171817415 ], [ -1.627236072099711, 48.094620302477622 ], [ -1.627234801028998, 48.09461941825132 ], [ -1.627233553156549, 48.094618519405557 ], [ -1.627232328859236, 48.094617606211791 ], [ -1.627231128506816, 48.094616678945819 ], [ -1.62722995246181, 48.094615737887679 ], [ -1.6272288010794, 48.09461478332161 ], [ -1.627227674707319, 48.094613815535858 ], [ -1.627226573685746, 48.094612834822755 ], [ -1.627225498347206, 48.094611841478454 ], [ -1.627224449016464, 48.094610835802982 ], [ -1.627223426010434, 48.094609818100047 ], [ -1.627222429638076, 48.094608788677007 ], [ -1.627221460200309, 48.094607747844783 ], [ -1.627220517989916, 48.094606695917705 ], [ -1.6266828118334, 48.094177276750763 ] ] ] } },
{ "type": "Feature", "properties": { "Fid": 13.0, "Id_itinéraire": 11.0, "Id_quai": "Sortie 2", "Couleurs": "#000000", "Sens_de_circulation": "Sortie 2", "Type_quai": null }, "geometry": { "type": "MultiLineString", "coordinates": [ [ [ -1.631268645743406, 48.094520013353822 ], [ -1.63082090258668, 48.093481060987841 ], [ -1.630820432457682, 48.093480055012122 ], [ -1.630819936151439, 48.093479054661636 ], [ -1.630819413818702, 48.093478060240209 ], [ -1.630818865618131, 48.093477072049915 ], [ -1.630818291716241, 48.093476090390901 ], [ -1.630817692287357, 48.093475115561368 ], [ -1.630817067513556, 48.093474147857407 ], [ -1.630816417584611, 48.093473187572968 ], [ -1.63081574269794, 48.09347223499973 ], [ -1.63081504305854, 48.093471290427033 ], [ -1.630814318878927, 48.093470354141807 ], [ -1.630813570379071, 48.093469426428449 ], [ -1.630812797786329, 48.093468507568751 ], [ -1.630812001335377, 48.093467597841801 ], [ -1.630811181268137, 48.093466697523951 ], [ -1.630810337833705, 48.093465806888659 ], [ -1.630809471288275, 48.093464926206472 ], [ -1.63080858189506, 48.093464055744882 ], [ -1.630807669924214, 48.093463195768308 ], [ -1.63080673565275, 48.093462346537947 ], [ -1.630805779364452, 48.093461508311776 ], [ -1.630804801349793, 48.093460681344389 ], [ -1.630803801905847, 48.093459865887013 ], [ -1.630802781336194, 48.093459062187307 ], [ -1.630801739950835, 48.0934582704894 ], [ -1.630800678066089, 48.093457491033789 ], [ -1.630799596004505, 48.093456724057219 ], [ -1.63079849409476, 48.093455969792664 ], [ -1.63079737267156, 48.093455228469239 ], [ -1.630796232075538, 48.09345450031212 ], [ -1.63079507265315, 48.093453785542479 ], [ -1.630793894756571, 48.093453084377444 ], [ -1.63079269874359, 48.093452397029978 ], [ -1.630791484977495, 48.093451723708867 ], [ -1.630790253826968, 48.093451064618641 ], [ -1.630789005665972, 48.093450419959488 ], [ -1.630787740873637, 48.093449789927242 ], [ -1.630786459834144, 48.09344917471325 ], [ -1.63078516293661, 48.093448574504414 ], [ -1.630783850574968, 48.093447989483032 ], [ -1.630782523147849, 48.093447419826802 ], [ -1.63078118105846, 48.093446865708763 ], [ -1.630779824714461, 48.093446327297229 ], [ -1.630778454527842, 48.093445804755746 ], [ -1.630777070914799, 48.093445298243033 ], [ -1.630775674295604, 48.093444807912945 ], [ -1.630774265094482, 48.093444333914412 ], [ -1.630772843739479, 48.093443876391433 ], [ -1.630771410662331, 48.093443435482968 ], [ -1.630769966298338, 48.09344301132294 ], [ -1.630768511086224, 48.093442604040199 ], [ -1.630767045468013, 48.093442213758443 ], [ -1.630765569888886, 48.093441840596235 ], [ -1.630648693680256, 48.0934052600117 ], [ -1.630222406059406, 48.093294763861273 ], [ -1.629813621638884, 48.093154474891307 ] ], [ [ -1.629813621638884, 48.0931544748913 ], [ -1.629720424154889, 48.093119284738506 ], [ -1.629718482199999, 48.093118624590971 ], [ -1.629716557580684, 48.093117942170366 ], [ -1.629714650869514, 48.093117237679728 ], [ -1.629712762633729, 48.093116511328631 ], [ -1.629710893435075, 48.093115763333152 ], [ -1.629709043829634, 48.093114993915833 ], [ -1.629707214367658, 48.093114203305568 ], [ -1.629705405593406, 48.093113391737553 ], [ -1.629703618044984, 48.093112559453246 ], [ -1.629701852254183, 48.093111706700221 ], [ -1.629700108746322, 48.09311083373219 ], [ -1.629698388040087, 48.09310994080883 ], [ -1.629696690647386, 48.093109028195819 ], [ -1.629695017073187, 48.093108096164634 ], [ -1.629693367815375, 48.093107144992565 ], [ -1.629691743364599, 48.093106174962564 ], [ -1.629690144204129, 48.093105186363211 ], [ -1.629688570809711, 48.093104179488627 ], [ -1.629687023649424, 48.093103154638335 ], [ -1.629685503183546, 48.093102112117258 ], [ -1.62968400986441, 48.09310105223549 ], [ -1.629682544136275, 48.093099975308384 ], [ -1.629681106435191, 48.09309888165631 ], [ -1.629679697188871, 48.093097771604626 ], [ -1.62967831681656, 48.093096645483563 ], [ -1.629676965728916, 48.093095503628135 ], [ -1.629675644327884, 48.093094346378045 ], [ -1.629674353006578, 48.09309317407758 ], [ -1.629673092149161, 48.093091987075475 ], [ -1.629671862130735, 48.093090785724883 ], [ -1.629670663317228, 48.093089570383178 ], [ -1.629669496065282, 48.093088341411935 ], [ -1.629668360722153, 48.093087099176756 ], [ -1.629667257625602, 48.093085844047224 ], [ -1.629666187103797, 48.093084576396713 ], [ -1.629665149475215, 48.093083296602359 ], [ -1.629664145048549, 48.093082005044884 ], [ -1.629663174122611, 48.09308070210853 ], [ -1.629662236986251, 48.093079388180911 ], [ -1.629661333918262, 48.093078063652925 ], [ -1.629660465187307, 48.093076728918611 ], [ -1.629659631051829, 48.093075384375041 ], [ -1.629658831759983, 48.093074030422216 ], [ -1.629658067549554, 48.093072667462934 ], [ -1.629657338647894, 48.093071295902682 ], [ -1.629656645271848, 48.093069916149474 ], [ -1.629655987627695, 48.093068528613799 ], [ -1.629655365911081, 48.093067133708431 ], [ -1.629654780306966, 48.093065731848355 ], [ -1.629654230989565, 48.093064323450626 ], [ -1.629653718122298, 48.093062908934236 ], [ -1.629653241857742, 48.093061488719989 ], [ -1.629652802337586, 48.093060063230404 ], [ -1.629652399692583, 48.093058632889552 ], [ -1.629652034042521, 48.093057198122978 ], [ -1.62965170549618, 48.093055759357483 ], [ -1.6296514141513, 48.093054317021135 ], [ -1.629651160094556, 48.093052871542994 ], [ -1.629650943401531, 48.093051423353103 ], [ -1.629650764136688, 48.093049972882284 ], [ -1.629650622353358, 48.093048520562057 ], [ -1.629650518093723, 48.093047066824468 ], [ -1.629650451388798, 48.093045612102024 ], [ -1.629650422258429, 48.093044156827482 ], [ -1.629650430711282, 48.093042701433788 ], [ -1.629650476744842, 48.09304124635392 ], [ -1.629650560345413, 48.093039792020761 ], [ -1.629650681488126, 48.093038338866954 ], [ -1.62965084013694, 48.093036887324836 ], [ -1.629651036244659, 48.093035437826217 ], [ -1.629651269752939, 48.093033990802326 ], [ -1.629651540592314, 48.093032546683645 ], [ -1.62965944526343, 48.092977486799001 ], [ -1.62965983431066, 48.092976835903706 ], [ -1.629660206435344, 48.092976180608957 ], [ -1.62966056152603, 48.092975521111043 ], [ -1.629660899476366, 48.092974857607487 ], [ -1.629661220185136, 48.092974190296992 ], [ -1.629661523556288, 48.092973519379434 ], [ -1.629661809498959, 48.092972845055748 ], [ -1.629662077927512, 48.092972167527897 ], [ -1.629662328761549, 48.092971486998792 ], [ -1.629662561925946, 48.092970803672266 ], [ -1.62966277735087, 48.092970117752969 ], [ -1.6296629749718, 48.092969429446342 ], [ -1.629663154729549, 48.092968738958525 ], [ -1.629663316570279, 48.092968046496338 ], [ -1.629663460445517, 48.092967352267152 ], [ -1.629663586312174, 48.0929666564789 ], [ -1.629663694132552, 48.092965959339985 ], [ -1.629663783874357, 48.092965261059177 ], [ -1.629663855510713, 48.092964561845626 ], [ -1.629663909020165, 48.092963861908757 ], [ -1.629663944386685, 48.092963161458179 ], [ -1.629663961599682, 48.092962460703696 ], [ -1.629663960654001, 48.092961759855186 ], [ -1.629663941549924, 48.092961059122551 ], [ -1.629663904293173, 48.092960358715658 ], [ -1.629663848894907, 48.092959658844286 ], [ -1.629663775371718, 48.09295895971804 ], [ -1.629663683745626, 48.092958261546315 ], [ -1.629663574044073, 48.092957564538217 ], [ -1.629663446299914, 48.092956868902512 ], [ -1.629663300551411, 48.092956174847522 ], [ -1.629663136842215, 48.092955482581132 ], [ -1.629662955221356, 48.092954792310671 ], [ -1.629662755743232, 48.092954104242878 ], [ -1.629662538467585, 48.092953418583832 ], [ -1.629662303459491, 48.092952735538887 ], [ -1.629662050789335, 48.09295205531263 ], [ -1.629661780532792, 48.092951378108772 ], [ -1.629661492770804, 48.092950704130146 ], [ -1.629661187589558, 48.09295003357861 ], [ -1.629660865080455, 48.092949366654992 ], [ -1.629660525340087, 48.092948703559053 ], [ -1.629660168470209, 48.092948044489361 ], [ -1.629659794577701, 48.092947389643335 ], [ -1.629659403774548, 48.092946739217098 ], [ -1.629658996177794, 48.092946093405445 ], [ -1.629658571909517, 48.092945452401807 ], [ -1.629658131096785, 48.092944816398166 ], [ -1.629657673871622, 48.092944185584997 ], [ -1.629657200370969, 48.092943560151234 ], [ -1.62965671073664, 48.092942940284217 ], [ -1.629656205115282, 48.09294232616957 ], [ -1.629655683658329, 48.092941717991224 ], [ -1.629655146521959, 48.092941115931346 ], [ -1.629654593867045, 48.092940520170245 ], [ -1.629654025859109, 48.092939930886359 ], [ -1.62965344266827, 48.092939348256166 ], [ -1.629652844469196, 48.092938772454183 ], [ -1.629652231441047, 48.092938203652849 ], [ -1.629651603767428, 48.092937642022541 ], [ -1.629650961636328, 48.092937087731443 ], [ -1.629650305240067, 48.09293654094558 ], [ -1.629649634775237, 48.092936001828718 ], [ -1.629648950442643, 48.092935470542329 ], [ -1.629648252447245, 48.09293494724551 ], [ -1.629647540998093, 48.092934432095014 ], [ -1.629646816308269, 48.09293392524512 ], [ -1.629646078594818, 48.092933426847644 ], [ -1.629645328078688, 48.092932937051849 ], [ -1.629644564984659, 48.092932456004419 ], [ -1.62964378954128, 48.092931983849439 ], [ -1.629643001980798, 48.092931520728314 ], [ -1.629642202539089, 48.092931066779762 ], [ -1.629641391455587, 48.09293062213974 ], [ -1.629640568973214, 48.092930186941409 ], [ -1.629639735338305, 48.092929761315112 ], [ -1.629638890800535, 48.092929345388342 ], [ -1.629638035612845, 48.092928939285656 ], [ -1.629637170031367, 48.092928543128693 ], [ -1.629636294315343, 48.092928157036084 ], [ -1.629635408727053, 48.092927781123471 ], [ -1.629634513531731, 48.092927415503468 ], [ -1.629633608997492, 48.092927060285547 ], [ -1.629632695395244, 48.092926715576105 ], [ -1.629631772998614, 48.092926381478385 ], [ -1.629630842083861, 48.092926058092452 ], [ -1.629629902929798, 48.092925745515167 ], [ -1.629628955817699, 48.092925443840144 ], [ -1.629280021049904, 48.092793450592332 ], [ -1.62927891927, 48.092793125056673 ], [ -1.629277826025536, 48.092792786926736 ], [ -1.629276741639179, 48.092792436302339 ], [ -1.629275666430982, 48.092792073286958 ], [ -1.629274600718289, 48.092791697987728 ], [ -1.629273544815643, 48.092791310515423 ], [ -1.629272499034688, 48.092790910984405 ], [ -1.629271463684085, 48.09279049951261 ], [ -1.629270439069414, 48.092790076221448 ], [ -1.629269425493086, 48.092789641235875 ], [ -1.629268423254256, 48.092789194684265 ], [ -1.629267432648729, 48.092788736698431 ], [ -1.629266453968882, 48.092788267413532 ], [ -1.629265487503567, 48.092787786968074 ], [ -1.629264533538035, 48.092787295503868 ], [ -1.629263592353844, 48.092786793165963 ], [ -1.629262664228783, 48.092786280102622 ], [ -1.629261749436784, 48.092785756465283 ], [ -1.629260848247845, 48.09278522240848 ], [ -1.62925996092795, 48.092784678089835 ], [ -1.629259087738988, 48.092784123670029 ], [ -1.629258228938678, 48.092783559312672 ], [ -1.629257384780491, 48.092782985184343 ], [ -1.62925655551358, 48.092782401454485 ], [ -1.629255741382698, 48.092781808295392 ], [ -1.629254942628135, 48.092781205882119 ], [ -1.629254159485639, 48.092780594392487 ], [ -1.629253392186354, 48.092779974006966 ], [ -1.629252640956744, 48.092779344908656 ], [ -1.629251906018533, 48.092778707283237 ], [ -1.629251187588636, 48.092778061318903 ], [ -1.629250485879094, 48.092777407206292 ], [ -1.629249801097016, 48.092776745138487 ], [ -1.629249133444511, 48.09277607531088 ], [ -1.629248483118637, 48.092775397921173 ], [ -1.629247850311334, 48.092774713169298 ], [ -1.629247235209373, 48.092774021257355 ], [ -1.6292466379943, 48.092773322389554 ], [ -1.629246058842381, 48.092772616772166 ], [ -1.629245497924551, 48.092771904613464 ], [ -1.629244955406363, 48.092771186123613 ], [ -1.629244431447938, 48.092770461514696 ], [ -1.629243926203923, 48.092769731000566 ], [ -1.629243439823438, 48.092768994796835 ], [ -1.629242972450036, 48.092768253120795 ], [ -1.629242524221661, 48.09276750619135 ], [ -1.629242095270608, 48.092766754228947 ], [ -1.629241685723478, 48.092765997455516 ], [ -1.629241295701149, 48.092765236094436 ], [ -1.629240925318735, 48.092764470370412 ], [ -1.629240574685552, 48.092763700509437 ], [ -1.629240243905089, 48.09276292673875 ], [ -1.629239933074974, 48.09276214928672 ], [ -1.629236545358782, 48.09275460680059 ], [ -1.629236468689846, 48.092754022878232 ], [ -1.629236376972586, 48.092753439924664 ], [ -1.629236270234222, 48.092752858112881 ], [ -1.62923614850643, 48.092752277615524 ], [ -1.629236011825334, 48.092751698604886 ], [ -1.629235860231496, 48.092751121252789 ], [ -1.629235693769904, 48.09275054573056 ], [ -1.629235512489957, 48.09274997220902 ], [ -1.629235316445455, 48.092749400858345 ], [ -1.629235105694575, 48.092748831848098 ], [ -1.62923488029986, 48.092748265347147 ], [ -1.629234640328201, 48.092747701523621 ], [ -1.629234385850812, 48.092747140544816 ], [ -1.629234116943213, 48.09274658257722 ], [ -1.629233833685206, 48.092746027786426 ], [ -1.629233536160852, 48.092745476337072 ], [ -1.629233224458447, 48.092744928392811 ], [ -1.629232898670492, 48.092744384116259 ], [ -1.629232558893669, 48.09274384366892 ], [ -1.629232205228813, 48.092743307211201 ], [ -1.629231837780879, 48.092742774902284 ], [ -1.629231456658912, 48.092742246900151 ], [ -1.629231061976016, 48.092741723361499 ], [ -1.629230653849318, 48.09274120444168 ], [ -1.629230232399936, 48.092740690294711 ], [ -1.629229797752942, 48.092740181073161 ], [ -1.629229350037324, 48.09273967692814 ], [ -1.629228889385947, 48.092739178009282 ], [ -1.629228415935517, 48.092738684464642 ], [ -1.629227929826537, 48.092738196440664 ], [ -1.629227431203267, 48.092737714082212 ], [ -1.629226920213681, 48.092737237532411 ], [ -1.629226397009422, 48.092736766932696 ], [ -1.629225861745759, 48.092736302422708 ], [ -1.62922531458154, 48.092735844140307 ], [ -1.629224755679143, 48.092735392221506 ], [ -1.629224185204431, 48.092734946800398 ], [ -1.6292236033267, 48.092734508009187 ], [ -1.629223010218632, 48.092734075978086 ], [ -1.629222406056239, 48.092733650835292 ], [ -1.629221791018817, 48.092733232706991 ], [ -1.629221165288886, 48.092732821717263 ], [ -1.62922052905214, 48.092732417988067 ], [ -1.629219882497393, 48.092732021639236 ], [ -1.629219225816519, 48.092731632788364 ], [ -1.629218559204398, 48.092731251550873 ], [ -1.629217882858857, 48.092730878039887 ], [ -1.62921719698061, 48.092730512366259 ], [ -1.629216501773204, 48.09273015463851 ], [ -1.62921579744295, 48.092729804962794 ], [ -1.629215084198868, 48.092729463442879 ], [ -1.629214362252626, 48.092729130180125 ], [ -1.62921363181847, 48.092728805273424 ], [ -1.629212893113167, 48.092728488819219 ], [ -1.629212146355941, 48.092728180911386 ], [ -1.6292113917684, 48.092727881641338 ], [ -1.629210629574481, 48.092727591097862 ], [ -1.629209860000376, 48.092727309367206 ], [ -1.629209083274468, 48.092727036532949 ], [ -1.62920829962726, 48.092726772676066 ], [ -1.629207509291311, 48.092726517874887 ], [ -1.629206712501166, 48.092726272204985 ], [ -1.629205909493284, 48.092726035739304 ], [ -1.62920510050597, 48.09272580854801 ], [ -1.629204285779301, 48.0927255906985 ], [ -1.62920346555506, 48.092725382255466 ], [ -1.629202640076661, 48.092725183280734 ], [ -1.629201809589076, 48.092724993833357 ], [ -1.629200974338764, 48.092724813969575 ], [ -1.628710320110252, 48.092541153984477 ], [ -1.628444949008541, 48.092446872423182 ], [ -1.628443270654945, 48.092446063192313 ], [ -1.628441571568956, 48.09244527349906 ], [ -1.628439852260315, 48.092444503580346 ], [ -1.628438113244829, 48.092443753667155 ], [ -1.628436355044217, 48.092443023984458 ], [ -1.628434578185954, 48.092442314751175 ], [ -1.628432783203112, 48.092441626180076 ], [ -1.6284309706342, 48.092440958477745 ], [ -1.628429141023006, 48.092440311844499 ], [ -1.628427294918427, 48.092439686474329 ], [ -1.628425432874309, 48.092439082554854 ], [ -1.628423555449283, 48.092438500267264 ], [ -1.62842166320659, 48.09243793978623 ], [ -1.62841975671392, 48.092437401279938 ], [ -1.628417836543236, 48.092436884909901 ], [ -1.628415903270606, 48.092436390831068 ], [ -1.628413957476027, 48.092435919191644 ], [ -1.628411999743255, 48.092435470133154 ], [ -1.628410030659624, 48.092435043790289 ], [ -1.628408050815876, 48.092434640290968 ], [ -1.628406060805982, 48.092434259756267 ], [ -1.628404061226961, 48.092433902300314 ], [ -1.628402052678703, 48.092433568030366 ], [ -1.62840003576379, 48.092433257046714 ], [ -1.628398011087312, 48.09243296944264 ], [ -1.628395979256689, 48.092432705304446 ], [ -1.628393940881488, 48.092432464711358 ], [ -1.628391896573239, 48.092432247735566 ], [ -1.62838984694525, 48.092432054442163 ], [ -1.628387792612427, 48.092431884889137 ], [ -1.628385734191087, 48.092431739127363 ], [ -1.628383672298774, 48.092431617200575 ], [ -1.628381607554073, 48.092431519145322 ], [ -1.628379540576424, 48.092431444991057 ], [ -1.628377471985938, 48.092431394760006 ], [ -1.628375402403208, 48.092431368467253 ], [ -1.628373332449128, 48.092431366120678 ], [ -1.628371262744701, 48.092431387720971 ], [ -1.628369193910855, 48.092431433261687 ], [ -1.628367126568257, 48.092431502729134 ], [ -1.628365061337129, 48.092431596102479 ], [ -1.628362998837055, 48.092431713353704 ], [ -1.628360939686804, 48.092431854447646 ], [ -1.628358884504137, 48.09243201934197 ], [ -1.628356833905628, 48.092432207987201 ], [ -1.628354788506471, 48.092432420326745 ], [ -1.628352748920305, 48.092432656296893 ], [ -1.628350715759021, 48.092432915826876 ], [ -1.628348689632586, 48.092433198838798 ], [ -1.628346671148854, 48.092433505247776 ], [ -1.628344660913386, 48.092433834961881 ], [ -1.628342659529272, 48.092434187882191 ], [ -1.628340667596941, 48.09243456390282 ], [ -1.628338685713991, 48.092434962910971 ], [ -1.628336714475004, 48.092435384786938 ], [ -1.628334754471366, 48.092435829404145 ], [ -1.628332806291096, 48.092436296629202 ], [ -1.628330870518664, 48.092436786321947 ], [ -1.628328947734818, 48.092437298335454 ], [ -1.628327038516409, 48.092437832516133 ], [ -1.628325143436218, 48.092438388703705 ], [ -1.628323263062785, 48.092438966731322 ], [ -1.628321397960238, 48.092439566425561 ], [ -1.628319548688124, 48.092440187606506 ], [ -1.628317715801239, 48.092440830087817 ], [ -1.628315899849464, 48.092441493676723 ], [ -1.628314101377602, 48.092442178174146 ], [ -1.628312320925206, 48.092442883374737 ], [ -1.62831055902643, 48.092443609066912 ], [ -1.628308816209856, 48.092444355032974 ], [ -1.628307092998345, 48.092445121049124 ], [ -1.628305389908873, 48.092445906885537 ], [ -1.628303707452383, 48.092446712306469 ], [ -1.628302046133625, 48.092447537070271 ], [ -1.628300406451008, 48.092448380929532 ], [ -1.628278950915125, 48.092456677713621 ], [ -1.628277106640708, 48.09245744095174 ], [ -1.628275243111753, 48.092458183031376 ], [ -1.628273360872304, 48.092458903735896 ], [ -1.628271460471872, 48.092459602854881 ], [ -1.628269542465271, 48.092460280184227 ], [ -1.628267607412451, 48.092460935526191 ], [ -1.628265655878341, 48.092461568689473 ], [ -1.628263688432682, 48.092462179489196 ], [ -1.62826170564986, 48.092462767747051 ], [ -1.628259708108737, 48.092463333291299 ], [ -1.628257696392486, 48.092463875956845 ], [ -1.628255671088417, 48.092464395585246 ], [ -1.628253632787806, 48.092464892024815 ], [ -1.628251582085725, 48.0924653651306 ], [ -1.628249519580867, 48.092465814764495 ], [ -1.628247445875368, 48.092466240795225 ], [ -1.628245361574637, 48.092466643098419 ], [ -1.628243267287174, 48.092467021556622 ], [ -1.628241163624396, 48.092467376059354 ], [ -1.628239051200457, 48.092467706503108 ], [ -1.628236930632067, 48.092468012791429 ], [ -1.628234802538315, 48.09246829483488 ], [ -1.628232667540488, 48.092468552551132 ], [ -1.628230526261887, 48.092468785864952 ], [ -1.628228379327648, 48.092468994708199 ], [ -1.628226227364558, 48.092469179019936 ], [ -1.628224071000869, 48.092469338746326 ], [ -1.628221910866122, 48.092469473840765 ], [ -1.628219747590957, 48.092469584263796 ], [ -1.628217581806932, 48.092469669983181 ], [ -1.628215414146335, 48.092469730973903 ], [ -1.628213245242004, 48.092469767218148 ], [ -1.628211075727138, 48.092469778705329 ], [ -1.628208906235119, 48.092469765432114 ], [ -1.628206737399316, 48.092469727402367 ], [ -1.628204569852911, 48.092469664627188 ], [ -1.628202404228708, 48.092469577124902 ], [ -1.628200241158949, 48.092469464921059 ], [ -1.628198081275132, 48.092469328048416 ], [ -1.628195925207822, 48.092469166546934 ], [ -1.628193773586475, 48.092468980463757 ], [ -1.628191627039243, 48.09246876985322 ], [ -1.628189486192801, 48.092468534776792 ], [ -1.628187351672157, 48.092468275303105 ], [ -1.628185224100474, 48.092467991507938 ], [ -1.628112952821704, 48.092455923460577 ], [ -1.628109021950065, 48.092455099302754 ], [ -1.628105070334762, 48.092454320657474 ], [ -1.628101099156864, 48.09245358775744 ], [ -1.628097109603288, 48.092452900821748 ], [ -1.628093102866441, 48.092452260055673 ], [ -1.628089080143869, 48.092451665650756 ], [ -1.628085042637893, 48.092451117784641 ], [ -1.628080991555254, 48.092450616621093 ], [ -1.628076928106751, 48.092450162309895 ], [ -1.628072853506878, 48.092449754986816 ], [ -1.628068768973462, 48.092449394773624 ], [ -1.628064675727301, 48.092449081777978 ], [ -1.628060574991793, 48.092448816093416 ], [ -1.628056467992578, 48.092448597799354 ], [ -1.628052355957168, 48.092448426961042 ], [ -1.628048240114577, 48.092448303629524 ], [ -1.628044121694962, 48.092448227841686 ], [ -1.628040001929245, 48.092448199620165 ], [ -1.628035882048754, 48.092448218973388 ], [ -1.628031763284849, 48.092448285895593 ], [ -1.628027646868558, 48.092448400366763 ], [ -1.628023534030206, 48.092448562352679 ], [ -1.628019425999051, 48.092448771804939 ], [ -1.628015324002909, 48.092449028660937 ], [ -1.628011229267799, 48.092449332843906 ], [ -1.628007143017565, 48.092449684262924 ], [ -1.628003066473517, 48.092450082812952 ], [ -1.627999000854062, 48.092450528374876 ], [ -1.627994947374345, 48.092451020815531 ], [ -1.627983090367672, 48.092455169207526 ], [ -1.627931120614377, 48.092478621209303 ], [ -1.627878635785082, 48.09250155574982 ], [ -1.627692311394513, 48.092603379720295 ], [ -1.627684034122305, 48.092608066777998 ], [ -1.627675641994316, 48.092612661814279 ], [ -1.6276671373034, 48.092617163573749 ], [ -1.627658522373163, 48.092621570826466 ], [ -1.627649799557331, 48.092625882368345 ], [ -1.627640971239108, 48.092630097021434 ], [ -1.627632039830519, 48.092634213634241 ], [ -1.627623007771758, 48.092638231082063 ], [ -1.627613877530516, 48.092642148267323 ], [ -1.62760465160131, 48.092645964119782 ], [ -1.6275953325048, 48.092649677596945 ], [ -1.627585922787101, 48.092653287684236 ], [ -1.627576425019087, 48.092656793395349 ], [ -1.627566841795688, 48.092660193772502 ], [ -1.627557175735183, 48.092663487886675 ], [ -1.627547429478481, 48.092666674837893 ], [ -1.627537605688405, 48.092669753755459 ], [ -1.627450654306134, 48.092693135497441 ], [ -1.627189800159341, 48.092790433599887 ], [ -1.627182442871554, 48.092792911291134 ], [ -1.627175148633688, 48.092795470797704 ], [ -1.627167919484932, 48.092798111404051 ], [ -1.627160757446279, 48.09280083237195 ], [ -1.627153664519961, 48.092803632940708 ], [ -1.627148475300007, 48.0928060247128 ], [ -1.627143225020702, 48.092808356278823 ], [ -1.627137915247617, 48.092810626943518 ], [ -1.627132547564066, 48.092812836029822 ], [ -1.627127123570627, 48.092814982879041 ], [ -1.627121644884674, 48.092817066850991 ], [ -1.627116113139886, 48.092819087324266 ], [ -1.627110529985764, 48.092821043696404 ], [ -1.627104897087141, 48.092822935384028 ], [ -1.62709921612368, 48.092824761823081 ], [ -1.627093488789378, 48.09282652246894 ], [ -1.627087716792061, 48.092828216796605 ], [ -1.627081901852869, 48.092829844300866 ], [ -1.62707604570575, 48.092831404496415 ], [ -1.627070150096939, 48.092832896918033 ], [ -1.627064216784436, 48.092834321120691 ], [ -1.627058247537488, 48.092835676679734 ], [ -1.627052244136052, 48.09283696319094 ], [ -1.627046208370275, 48.092838180270689 ], [ -1.627040142039949, 48.092839327556078 ], [ -1.627034046953985, 48.092840404705008 ], [ -1.627027924929865, 48.092841411396279 ], [ -1.627021777793106, 48.092842347329722 ], [ -1.627015607376712, 48.092843212226235 ], [ -1.627009415520629, 48.092844005827942 ], [ -1.627003204071197, 48.092844727898196 ], [ -1.626996974880596, 48.092845378221689 ], [ -1.6269907298063, 48.092845956604506 ], [ -1.626984470710515, 48.092846462874171 ], [ -1.626978199459631, 48.092846896879749 ], [ -1.626971917923663, 48.092847258491794 ], [ -1.62696562797569, 48.092847547602489 ], [ -1.626959331491302, 48.092847764125636 ], [ -1.626953030348036, 48.092847907996664 ], [ -1.626946726424821, 48.092847979172674 ], [ -1.626940421601411, 48.092847977632445 ], [ -1.626934117757833, 48.09284790337643 ], [ -1.626927816773819, 48.092847756426785 ], [ -1.626880388747129, 48.092853790404845 ], [ -1.62687317528182, 48.09285429548482 ], [ -1.626865975525435, 48.092854881364829 ], [ -1.626858791506556, 48.092855547879772 ], [ -1.626851625249327, 48.092856294841873 ], [ -1.626844478772892, 48.092857122040655 ], [ -1.626837354090819, 48.092858029243047 ], [ -1.626830253210535, 48.09285901619343 ], [ -1.626823178132762, 48.092860082613726 ], [ -1.626816130850951, 48.092861228203461 ], [ -1.626809113350721, 48.092862452639856 ], [ -1.626802127609303, 48.092863755577888 ], [ -1.626795175594975, 48.092865136650467 ], [ -1.626788259266515, 48.092866595468443 ], [ -1.626781380572645, 48.092868131620783 ], [ -1.626774541451486, 48.092869744674665 ], [ -1.626767743830005, 48.092871434175578 ], [ -1.626760989623478, 48.092873199647507 ], [ -1.62675428073495, 48.092875040592986 ], [ -1.626747619054696, 48.092876956493321 ], [ -1.626741006459689, 48.092878946808689 ], [ -1.626734444813073, 48.092881010978289 ], [ -1.626727935963638, 48.092883148420526 ], [ -1.626721481745294, 48.092885358533138 ], [ -1.626715083976563, 48.092887640693426 ], [ -1.626708744460059, 48.09288999425835 ], [ -1.62630560623318, 48.092990308969249 ], [ -1.626220913328367, 48.093013690565478 ], [ -1.626213953128023, 48.093015507498329 ], [ -1.626207040562148, 48.093017403824128 ], [ -1.62620017766054, 48.093019378986064 ], [ -1.626193366438415, 48.0930214324041 ], [ -1.626186608895811, 48.093023563475306 ], [ -1.626179907017006, 48.093025771573878 ], [ -1.626173262769932, 48.093028056051438 ], [ -1.626166678105598, 48.093030416237156 ], [ -1.626160154957518, 48.093032851437989 ], [ -1.62615369524114, 48.093035360938842 ], [ -1.626147300853291, 48.09303794400283 ], [ -1.626140973671608, 48.093040599871443 ], [ -1.626134715554, 48.093043327764818 ], [ -1.626128528338094, 48.093046126881916 ], [ -1.626122413840694, 48.09304899640081 ], [ -1.626116373857257, 48.093051935478861 ], [ -1.626110410161356, 48.093054943253051 ], [ -1.626104524504163, 48.093058018840161 ], [ -1.626098718613938, 48.093061161337076 ], [ -1.626092994195513, 48.093064369821008 ], [ -1.626087352929801, 48.093067643349819 ], [ -1.626081796473298, 48.09307098096226 ], [ -1.626076326457595, 48.093074381678264 ], [ -1.6260709444889, 48.093077844499248 ], [ -1.62606565214757, 48.093081368408363 ], [ -1.62606045098764, 48.093084952370845 ], [ -1.626055342536374, 48.093088595334301 ], [ -1.626050328293812, 48.093092296228988 ], [ -1.62604540973233, 48.093096053968189 ], [ -1.62604058829621, 48.093099867448444 ], [ -1.626035865401211, 48.093103735549974 ], [ -1.626031242434159, 48.093107657136947 ], [ -1.626026720752539, 48.093111631057809 ], [ -1.626022301684089, 48.093115656145649 ], [ -1.626017986526422, 48.093119731218536 ], [ -1.626013776546635, 48.093123855079853 ], [ -1.626009672980942, 48.093128026518677 ], [ -1.626005677034309, 48.093132244310084 ], [ -1.626001789880101, 48.093136507215569 ], [ -1.625998012659738, 48.093140813983368 ], [ -1.625994346482359, 48.093145163348822 ], [ -1.625990792424495, 48.093149554034774 ], [ -1.625987351529757, 48.093153984751964 ], [ -1.625984024808524, 48.093158454199319 ], [ -1.625980813237652, 48.093162961064444 ], [ -1.625977717760182, 48.093167504023938 ], [ -1.625974739285069, 48.093172081743802 ], [ -1.625847135308507, 48.093381006504224 ], [ -1.625844112856856, 48.093385728747492 ], [ -1.625841213199412, 48.093390485215977 ], [ -1.625838437204492, 48.093395274485331 ], [ -1.625835785703381, 48.093400095121382 ], [ -1.625833259490085, 48.093404945680547 ], [ -1.62583085932109, 48.093409824710299 ], [ -1.62582858591514, 48.093414730749579 ], [ -1.625826439953016, 48.093419662329239 ], [ -1.625824422077337, 48.093424617972495 ], [ -1.625822532892368, 48.093429596195335 ], [ -1.625820772963832, 48.093434595507013 ], [ -1.625819142818751, 48.093439614410443 ], [ -1.625817642945278, 48.093444651402692 ], [ -1.625816273792559, 48.093449704975392 ], [ -1.625815035770593, 48.093454773615235 ], [ -1.625813929250111, 48.093459855804383 ], [ -1.625812954562468, 48.09346495002093 ], [ -1.625812111999537, 48.093470054739413 ], [ -1.625811401813628, 48.093475168431169 ], [ -1.625810824217411, 48.093480289564887 ], [ -1.625810379383849, 48.093485416607024 ], [ -1.62581006744615, 48.093490548022238 ], [ -1.625809888497725, 48.093495682273918 ], [ -1.625809842592162, 48.093500817824584 ], [ -1.625809929743206, 48.093505953136365 ], [ -1.62581014992476, 48.093511086671484 ], [ -1.62581050307089, 48.093516216892638 ], [ -1.625810989075843, 48.093521342263607 ], [ -1.625811607794085, 48.093526461249539 ], [ -1.625812359040336, 48.093531572317545 ], [ -1.625813242589631, 48.093536673937102 ], [ -1.625814258177388, 48.093541764580486 ], [ -1.625815405499485, 48.093546842723306 ], [ -1.625816684212349, 48.093551906844866 ], [ -1.625818093933063, 48.093556955428717 ], [ -1.625819634239481, 48.093561986963017 ], [ -1.625821304670348, 48.093566999941068 ], [ -1.625823104725448, 48.093571992861719 ], [ -1.625825033865743, 48.093576964229818 ], [ -1.625827091513545, 48.093581912556658 ], [ -1.625829277052679, 48.093586836360465 ], [ -1.625831589828675, 48.093591734166765 ], [ -1.625834029148961, 48.09359660450891 ], [ -1.62583659428307, 48.093601445928464 ], [ -1.625839284462861, 48.093606256975633 ], [ -1.625842098882745, 48.093611036209744 ], [ -1.62584503669993, 48.093615782199635 ], [ -1.625848097034674, 48.093620493524114 ], [ -1.625851278970542, 48.093625168772348 ], [ -1.625854581554689, 48.093629806544328 ], [ -1.62585800379814, 48.093634405451262 ], [ -1.625861544676086, 48.093638964115996 ], [ -1.625865203128196, 48.093643481173423 ], [ -1.62692781677381, 48.094501039933824 ], [ -1.627185283204418, 48.094706188194536 ], [ -1.627189469995721, 48.094709782087968 ], [ -1.627193749493922, 48.094713326934638 ], [ -1.627198120411289, 48.094716821667888 ], [ -1.62720258143258, 48.094720265236127 ], [ -1.627207131215442, 48.094723656603186 ], [ -1.627211768390811, 48.094726994748584 ], [ -1.627216491563327, 48.094730278667846 ], [ -1.627221299311752, 48.094733507372844 ], [ -1.6272261901894, 48.094736679892037 ], [ -1.627231162724569, 48.094739795270804 ], [ -1.627236215420987, 48.094742852571713 ], [ -1.62724134675826, 48.094745850874823 ], [ -1.627246555192332, 48.094748789277915 ], [ -1.627251839155945, 48.094751666896819 ], [ -1.627257197059117, 48.094754482865646 ], [ -1.627262627289614, 48.094757236337067 ], [ -1.62726812821344, 48.094759926482553 ], [ -1.627273698175328, 48.094762552492625 ], [ -1.627279335499233, 48.094765113577104 ], [ -1.627285038488845, 48.094767608965348 ], [ -1.62729080542809, 48.094770037906493 ], [ -1.627296634581655, 48.094772399669672 ], [ -1.627302524195505, 48.094774693544203 ], [ -1.627308472497411, 48.094776918839855 ], [ -1.627314477697485, 48.094779074887036 ], [ -1.627320537988719, 48.094781161036991 ], [ -1.627326651547526, 48.094783176661977 ], [ -1.627332816534291, 48.094785121155482 ], [ -1.627339031093923, 48.094786993932424 ], [ -1.627345293356418, 48.094788794429256 ], [ -1.627351601437412, 48.094790522104205 ], [ -1.62735795343876, 48.09479217643743 ], [ -1.627364347449095, 48.094793756931111 ], [ -1.627370781544413, 48.094795263109688 ], [ -1.627377253788649, 48.094796694519935 ], [ -1.627445008112492, 48.094811778892016 ], [ -1.627453602105806, 48.09481444547955 ], [ -1.627462126478379, 48.094817209957029 ], [ -1.627470578730897, 48.094820071513908 ], [ -1.627478956385192, 48.094823029311158 ], [ -1.62748725698497, 48.094826082481568 ], [ -1.627495478096526, 48.094829230129946 ], [ -1.627503617309461, 48.094832471333362 ], [ -1.627511672237392, 48.094835805141528 ], [ -1.627519640518643, 48.094839230576952 ], [ -1.627527519816946, 48.094842746635287 ], [ -1.627535307822121, 48.094846352285629 ], [ -1.627543002250755, 48.094850046470789 ], [ -1.627550600846872, 48.094853828107631 ], [ -1.627558101382592, 48.094857696087374 ], [ -1.627565501658788, 48.09486164927592 ], [ -1.627572799505727, 48.094865686514197 ], [ -1.627579992783708, 48.094869806618483 ], [ -1.627587079383692, 48.094874008380735 ], [ -1.627594057227913, 48.094878290569028 ], [ -1.627600924270496, 48.094882651927797 ], [ -1.627607678498049, 48.094887091178308 ], [ -1.62761431793026, 48.094891607018951 ], [ -1.627620840620472, 48.094896198125682 ], [ -1.627627244656259, 48.09490086315239 ], [ -1.627633528159982, 48.094905600731288 ], [ -1.627639689289341, 48.094910409473322 ], [ -1.627645726237918, 48.094915287968561 ], [ -1.627651637235703, 48.094920234786628 ], [ -1.627657420549613, 48.094925248477125 ], [ -1.627663074484005, 48.094930327570026 ], [ -1.627668597381166, 48.094935470576154 ], [ -1.627717154646596, 48.094976952476756 ] ] ] } },
{ "type": "Feature", "properties": { "Fid": 12.0, "Id_itinéraire": 10.0, "Id_quai": "Sortie 1", "Couleurs": "#000000", "Sens_de_circulation": "Sortie 1", "Type_quai": null }, "geometry": { "type": "MultiLineString", "coordinates": [ [ [ -1.629179293871371, 48.094858303615212 ], [ -1.629113002257112, 48.09480692141878 ], [ -1.629108573499351, 48.094807540016291 ], [ -1.62910412935052, 48.094808107240397 ], [ -1.629099671146407, 48.094808622920624 ], [ -1.629095200227027, 48.094809086901954 ], [ -1.629090717936214, 48.094809499044942 ], [ -1.62908622562122, 48.094809859225705 ], [ -1.629081724632313, 48.094810167335986 ], [ -1.629077216322365, 48.094810423283178 ], [ -1.629072702046449, 48.094810626990345 ], [ -1.629068183161434, 48.094810778396258 ], [ -1.629063661025571, 48.094810877455416 ], [ -1.62905913699809, 48.094810924138045 ], [ -1.629054612438787, 48.094810918430106 ], [ -1.629050088707622, 48.094810860333325 ], [ -1.629045567164303, 48.094810749865154 ], [ -1.629041049167882, 48.094810587058802 ], [ -1.629036536076342, 48.094810371963199 ], [ -1.629032029246196, 48.09481010464301 ], [ -1.629027530032073, 48.094809785178562 ], [ -1.629023039786311, 48.094809413665885 ], [ -1.629018559858556, 48.094808990216656 ], [ -1.629014091595349, 48.094808514958139 ], [ -1.629009636339728, 48.094807988033175 ], [ -1.629005195430819, 48.094807409600165 ], [ -1.629000770203438, 48.094806779832943 ], [ -1.628996361987686, 48.094806098920813 ], [ -1.62899197210855, 48.094805367068432 ], [ -1.628987601885508, 48.094804584495783 ], [ -1.628983252632128, 48.094803751438057 ], [ -1.628978925655675, 48.094802868145663 ], [ -1.628974622256721, 48.094801934884103 ], [ -1.628970343789078, 48.094800951947732 ], [ -1.628967228988243, 48.094800565396149 ], [ -1.628964103596853, 48.094800214939454 ], [ -1.62896096955976, 48.094799900807736 ], [ -1.62895782782331, 48.094799623095831 ], [ -1.628954679336173, 48.094799381887604 ], [ -1.628951525049056, 48.094799177255879 ], [ -1.628948365914418, 48.094799009262466 ], [ -1.628945202886183, 48.094798877958077 ], [ -1.62894203691945, 48.094798783382359 ], [ -1.628938868970204, 48.094798725563876 ], [ -1.628935699995031, 48.094798704520095 ], [ -1.628932530950824, 48.094798720257359 ], [ -1.6289293627945, 48.094798772770915 ], [ -1.628926196482705, 48.094798862044911 ], [ -1.628923032971531, 48.094798988052396 ], [ -1.62891987321622, 48.094799150755307 ], [ -1.628916718170884, 48.094799350104523 ], [ -1.628913568788212, 48.094799586039841 ], [ -1.628910426019181, 48.094799858490028 ], [ -1.628907290812774, 48.094800167372817 ], [ -1.628904164115687, 48.094800512594915 ], [ -1.628901046872049, 48.094800894052106 ], [ -1.628897940023135, 48.094801311629205 ], [ -1.628894844507078, 48.094801765200096 ], [ -1.628891761258593, 48.094802254627844 ], [ -1.628888691208688, 48.094802779764649 ], [ -1.628885635284385, 48.094803340451939 ], [ -1.628882594408444, 48.094803936520428 ], [ -1.628879569499078, 48.094804567790106 ], [ -1.62887656146968, 48.094805234070364 ], [ -1.628873571228546, 48.094805935160011 ], [ -1.628870599678601, 48.094806670847348 ], [ -1.628867647717124, 48.09480744091023 ], [ -1.628864716235482, 48.094808245116113 ], [ -1.628861806118856, 48.094809083222195 ], [ -1.628858918245977, 48.094809954975368 ], [ -1.628856053488858, 48.094810860112418 ], [ -1.628853212712533, 48.09481179836002 ], [ -1.628850396774795, 48.094812769434867 ], [ -1.628847606525936, 48.094813773043725 ], [ -1.628844842808491, 48.094814808883562 ], [ -1.628842106456985, 48.094815876641583 ], [ -1.628839398297678, 48.094816975995379 ], [ -1.628836719148318, 48.094818106612976 ], [ -1.628834069817893, 48.094819268152996 ], [ -1.628831451106388, 48.094820460264678 ], [ -1.62882886380454, 48.094821682588069 ], [ -1.628826308693605, 48.09482293475407 ], [ -1.628302497702772, 48.095058658513487 ], [ -1.628299746656219, 48.095059772842745 ], [ -1.62829696711325, 48.095060855166921 ], [ -1.628294159908462, 48.095061905161018 ], [ -1.628291325884758, 48.095062922509769 ], [ -1.628288465893094, 48.095063906907697 ], [ -1.628285580792222, 48.095064858059239 ], [ -1.628282671448435, 48.095065775678783 ], [ -1.628279738735304, 48.095066659490826 ], [ -1.628276783533418, 48.095067509229956 ], [ -1.628273806730117, 48.095068324641062 ], [ -1.628270809219229, 48.095069105479297 ], [ -1.6282677919008, 48.095069851510189 ], [ -1.62826475568082, 48.095070562509768 ], [ -1.628261701470958, 48.095071238264509 ], [ -1.628258630188284, 48.095071878571531 ], [ -1.628255542754994, 48.095072483238582 ], [ -1.628252440098132, 48.095073052084075 ], [ -1.628249323149316, 48.095073584937225 ], [ -1.628246192844454, 48.095074081638039 ], [ -1.628243050123463, 48.095074542037366 ], [ -1.628239895929989, 48.095074965996979 ], [ -1.628236731211125, 48.095075353389575 ], [ -1.628233556917121, 48.095075704098825 ], [ -1.628230374001103, 48.095076018019434 ], [ -1.628227183418788, 48.09507629505714 ], [ -1.628223986128193, 48.095076535128761 ], [ -1.628220783089349, 48.095076738162199 ], [ -1.628217575264014, 48.095076904096523 ], [ -1.628214363615383, 48.095077032881882 ], [ -1.628211149107798, 48.095077124479609 ], [ -1.62820793270646, 48.095077178862212 ], [ -1.62820471537714, 48.095077196013342 ], [ -1.628201498085886, 48.095077175927877 ], [ -1.628198281798735, 48.095077118611833 ], [ -1.628195067481423, 48.095077024082414 ], [ -1.628191856099094, 48.095076892368013 ], [ -1.62818864861601, 48.095076723508186 ], [ -1.628185445995264, 48.095076517553608 ], [ -1.628182249198487, 48.095076274566146 ], [ -1.628179059185564, 48.095075994618746 ], [ -1.62817587691434, 48.095075677795478 ], [ -1.628172703340337, 48.095075324191463 ], [ -1.628169539416466, 48.095074933912855 ], [ -1.628166386092739, 48.095074507076895 ], [ -1.628163244315986, 48.095074043811685 ], [ -1.628160115029571, 48.095073544256358 ], [ -1.628156999173104, 48.095073008560909 ], [ -1.628153897682167, 48.095072436886177 ], [ -1.628150811488026, 48.095071829403828 ], [ -1.628147741517354, 48.095071186296259 ], [ -1.628144688691952, 48.095070507756567 ], [ -1.628141653928475, 48.095069793988493 ], [ -1.628138638138154, 48.095069045206365 ], [ -1.628135642226522, 48.095068261635006 ], [ -1.628132667093143, 48.095067443509684 ], [ -1.628129713631344, 48.095066591076062 ], [ -1.628126782727943, 48.095065704590091 ], [ -1.628123875262985, 48.095064784317941 ], [ -1.628120992109477, 48.095063830535956 ], [ -1.628118134133127, 48.095062843530499 ], [ -1.628115302192083, 48.095061823597938 ], [ -1.628112497136674, 48.09506077104453 ], [ -1.62810971980916, 48.095059686186303 ], [ -1.62810697104347, 48.095058569349 ], [ -1.62810425166496, 48.095057420867981 ], [ -1.628101562490164, 48.095056241088074 ], [ -1.628098904326542, 48.095055030363518 ], [ -1.628096277972247, 48.095053789057864 ], [ -1.628093684215878, 48.095052517543827 ], [ -1.628091123836247, 48.095051216203188 ], [ -1.628088597602144, 48.09504988542669 ], [ -1.628086106272107, 48.095048525613926 ], [ -1.627747545509739, 48.094841600702019 ], [ -1.627741882312975, 48.094837787255457 ], [ -1.627736123672908, 48.094834038111912 ], [ -1.627730271226055, 48.094830354336857 ], [ -1.627724326635597, 48.094826736977168 ], [ -1.627718291590896, 48.094823187060875 ], [ -1.627712167807024, 48.094819705596805 ], [ -1.627705957024267, 48.094816293574368 ], [ -1.62769966100764, 48.09481295196322 ], [ -1.627693281546374, 48.094809681713002 ], [ -1.627686820453418, 48.094806483753096 ], [ -1.62768027956492, 48.094803358992323 ], [ -1.627673660739701, 48.09480030831871 ], [ -1.627666965858734, 48.094797332599228 ], [ -1.627660196824604, 48.094794432679535 ], [ -1.62765335556097, 48.094791609383762 ], [ -1.627646444012016, 48.094788863514268 ], [ -1.627639464141903, 48.094786195851384 ], [ -1.627632417934206, 48.094783607153246 ], [ -1.627625307391352, 48.094781098155536 ], [ -1.62761813453405, 48.094778669571291 ], [ -1.627610901400722, 48.094776322090674 ], [ -1.627603610046915, 48.094774056380828 ], [ -1.627596262544724, 48.094771873085627 ], [ -1.627588860982199, 48.094769772825558 ], [ -1.627581407462755, 48.094767756197498 ], [ -1.62757390410457, 48.094765823774544 ], [ -1.627566353039987, 48.09476397610586 ], [ -1.627558756414907, 48.094762213716557 ], [ -1.627551116388177, 48.094760537107476 ], [ -1.627393813392454, 48.094730671540411 ], [ -1.627387191049716, 48.094729717576513 ], [ -1.627380594023763, 48.09472868833334 ], [ -1.627374024232742, 48.094727584110117 ], [ -1.62736748358688, 48.094726405227924 ], [ -1.627360973987932, 48.094725152029518 ], [ -1.627354497328624, 48.094723824879267 ], [ -1.627348055492104, 48.094722424163066 ], [ -1.627341650351397, 48.094720950288171 ], [ -1.627335283768856, 48.094719403683108 ], [ -1.627328957595626, 48.094717784797574 ], [ -1.6273226736711, 48.094716094102253 ], [ -1.627316433822386, 48.094714332088742 ], [ -1.62731023986378, 48.094712499269335 ], [ -1.627304093596233, 48.094710596176959 ], [ -1.627297996806828, 48.094708623364937 ], [ -1.627291951268264, 48.094706581406854 ], [ -1.627285958738338, 48.094704470896453 ], [ -1.627280020959433, 48.094702292447352 ], [ -1.627274139658015, 48.094700046692964 ], [ -1.627268316544125, 48.094697734286243 ], [ -1.627262553310889, 48.094695355899525 ], [ -1.62725685163402, 48.094692912224367 ], [ -1.627251213171334, 48.094690403971263 ], [ -1.627245639562267, 48.0946878318695 ], [ -1.627240132427396, 48.094685196666923 ], [ -1.627234693367973, 48.09468249912976 ], [ -1.627229323965455, 48.094679740042309 ], [ -1.626002158612959, 48.093712045860066 ], [ -1.625996231069502, 48.093707920001265 ], [ -1.625990410311024, 48.093703726866785 ], [ -1.625984698048832, 48.093699467689376 ], [ -1.625979095962334, 48.093695143721241 ], [ -1.625973605698548, 48.093690756233606 ], [ -1.625968228871614, 48.093686306516382 ], [ -1.625962967062325, 48.093681795877757 ], [ -1.625957821817654, 48.093677225643873 ], [ -1.625952794650308, 48.093672597158346 ], [ -1.625947887038276, 48.093667911781949 ], [ -1.625943100424402, 48.093663170892164 ], [ -1.625938436215951, 48.093658375882804 ], [ -1.625933895784204, 48.093653528163586 ], [ -1.625929480464052, 48.09364862915973 ], [ -1.625925191553602, 48.093643680311537 ], [ -1.625921030313795, 48.093638683073955 ], [ -1.62591699796804, 48.09363363891616 ], [ -1.625913095701848, 48.09362854932111 ], [ -1.625909324662489, 48.09362341578516 ], [ -1.625905685958651, 48.093618239817552 ], [ -1.625902180660115, 48.093613022940005 ], [ -1.625898809797441, 48.09360776668629 ], [ -1.625895574361665, 48.09360247260171 ], [ -1.625892475304008, 48.093597142242743 ], [ -1.625889513535593, 48.093591777176485 ], [ -1.625886689927184, 48.09358637898027 ], [ -1.625884005308923, 48.093580949241165 ], [ -1.62588146047009, 48.093575489555505 ], [ -1.625879056158869, 48.09357000152842 ], [ -1.625876793082129, 48.093564486773403 ], [ -1.625874671905216, 48.093558946911777 ], [ -1.625872693251757, 48.093553383572271 ], [ -1.625870857703479, 48.093547798390475 ], [ -1.625869165800033, 48.093542193008453 ], [ -1.62586761803884, 48.093536569074175 ], [ -1.625866214874944, 48.093530928241087 ], [ -1.625864956720874, 48.093525272167575 ], [ -1.62586384394653, 48.093519602516523 ], [ -1.625862876879068, 48.093513920954834 ], [ -1.625862055802806, 48.093508229152853 ], [ -1.62586138095914, 48.093502528784008 ], [ -1.625860852546477, 48.093496821524177 ], [ -1.625860470720169, 48.093491109051314 ], [ -1.625860235592474, 48.093485393044872 ], [ -1.625860147232519, 48.093479675185378 ], [ -1.625860205666282, 48.093473957153876 ], [ -1.625860410876583, 48.093468240631481 ], [ -1.625860762803091, 48.09346252729884 ], [ -1.625861261342339, 48.093456818835683 ], [ -1.625861906347757, 48.09345111692032 ], [ -1.625862697629711, 48.093445423229099 ], [ -1.62595190748944, 48.09327571927863 ], [ -1.626026437245669, 48.093174650881991 ], [ -1.62602959529878, 48.093170307772461 ], [ -1.626032865448577, 48.093166001830149 ], [ -1.626036246714905, 48.093161734345699 ], [ -1.626039738084306, 48.093157506598168 ], [ -1.62604333851032, 48.093153319854771 ], [ -1.626047046913802, 48.093149175370364 ], [ -1.626050862183239, 48.093145074387209 ], [ -1.626054783175093, 48.093141018134482 ], [ -1.626058808714133, 48.093137007827956 ], [ -1.626062937593796, 48.093133044669642 ], [ -1.626067168576542, 48.093129129847433 ], [ -1.626071500394229, 48.093125264534699 ], [ -1.626075931748493, 48.093121449889999 ], [ -1.626080461311136, 48.093117687056697 ], [ -1.626085087724523, 48.093113977162645 ], [ -1.62608980960199, 48.093110321319799 ], [ -1.626094625528262, 48.093106720623922 ], [ -1.626099534059874, 48.093103176154258 ], [ -1.626104533725603, 48.093099688973204 ], [ -1.626109623026912, 48.093096260125954 ], [ -1.626114800438398, 48.093092890640264 ], [ -1.626120064408249, 48.093089581526058 ], [ -1.626125413358709, 48.093086333775183 ], [ -1.626130845686549, 48.093083148361082 ], [ -1.626136359763552, 48.093080026238532 ], [ -1.626141953936998, 48.09307696834334 ], [ -1.626147626530159, 48.093073975592041 ], [ -1.626153375842804, 48.093071048881647 ], [ -1.626159200151705, 48.093068189089408 ], [ -1.626165097711157, 48.093065397072472 ], [ -1.6261710667535, 48.09306267366771 ], [ -1.626177105489647, 48.093060019691407 ], [ -1.626183212109625, 48.093057435939038 ], [ -1.62618938478311, 48.093054923185043 ], [ -1.626195621659984, 48.093052482182564 ], [ -1.626201920870882, 48.09305011366326 ], [ -1.626208280527758, 48.093047818337027 ], [ -1.62621469872445, 48.093045596891891 ], [ -1.626221173537246, 48.093043449993651 ], [ -1.626227703025468, 48.093041378285818 ], [ -1.626234285232048, 48.093039382389328 ], [ -1.626240918184119, 48.093037462902444 ], [ -1.626247599893602, 48.093035620400485 ], [ -1.626254328357807, 48.093033855435692 ], [ -1.626261101560026, 48.093032168537114 ], [ -1.626267917470147, 48.093030560210345 ], [ -1.626274774045252, 48.093029030937458 ], [ -1.626281669230239, 48.09302758117682 ], [ -1.62628860095843, 48.093026211362982 ], [ -1.626295567152198, 48.093024921906505 ], [ -1.626302565723581, 48.093023713193901 ], [ -1.626309594574917, 48.093022585587448 ], [ -1.626316651599465, 48.093021539425131 ], [ -1.626907243455637, 48.092875969981819 ], [ -1.626912532200492, 48.092875360174517 ], [ -1.626917835190534, 48.092874808311102 ], [ -1.626923151002851, 48.092874314539664 ], [ -1.626928478211094, 48.092873878992691 ], [ -1.626933815385855, 48.092873501787047 ], [ -1.626939161095051, 48.092873183023947 ], [ -1.626944513904311, 48.092872922788921 ], [ -1.626949872377356, 48.092872721151814 ], [ -1.62695523507639, 48.092872578166691 ], [ -1.626960600562482, 48.092872493871965 ], [ -1.626965967395953, 48.092872468290224 ], [ -1.626971334136762, 48.092872501428346 ], [ -1.626976699344895, 48.092872593277434 ], [ -1.626982061580746, 48.09287274381284 ], [ -1.626987419405509, 48.092872952994178 ], [ -1.626993571085422, 48.092872716571868 ], [ -1.626999715659786, 48.092872408555507 ], [ -1.627005851261058, 48.092872029038702 ], [ -1.627011976024415, 48.092871578136794 ], [ -1.627018088088334, 48.092871055986841 ], [ -1.627024185595149, 48.092870462747527 ], [ -1.627030266691617, 48.092869798599168 ], [ -1.627036329529485, 48.092869063743599 ], [ -1.62704237226605, 48.092868258404181 ], [ -1.627048393064716, 48.092867382825681 ], [ -1.627054390095556, 48.092866437274203 ], [ -1.627060361535867, 48.092865422037136 ], [ -1.627066305570724, 48.092864337423045 ], [ -1.627072220393531, 48.092863183761558 ], [ -1.627078104206569, 48.092861961403337 ], [ -1.627083955221548, 48.09286067071988 ], [ -1.627089771660142, 48.09285931210345 ], [ -1.627095551754537, 48.092857885966993 ], [ -1.627101293747964, 48.09285639274394 ], [ -1.627106995895234, 48.09285483288815 ], [ -1.627112656463269, 48.092853206873684 ], [ -1.627118273731629, 48.092851515194738 ], [ -1.627123845993033, 48.092849758365489 ], [ -1.62712937155388, 48.092847936919874 ], [ -1.627134848734762, 48.092846051411485 ], [ -1.627140275870977, 48.092844102413395 ], [ -1.627145651313032, 48.092842090517948 ], [ -1.627150973427146, 48.092840016336638 ], [ -1.627156240595745, 48.092837880499872 ], [ -1.62743911489779, 48.092725120382951 ], [ -1.627585915932791, 48.092682882415978 ], [ -1.62758886615204, 48.092681982769925 ], [ -1.627591839366386, 48.092681117555443 ], [ -1.627594834675166, 48.092680287034653 ], [ -1.627597851171027, 48.092679491459123 ], [ -1.627600887940194, 48.092678731069874 ], [ -1.627603944062754, 48.092678006097223 ], [ -1.62760701861293, 48.092677316760806 ], [ -1.627610110659362, 48.09267666326943 ], [ -1.627613219265392, 48.092676045821065 ], [ -1.627616343489343, 48.092675464602735 ], [ -1.627619482384809, 48.092674919790532 ], [ -1.62762263500094, 48.092674411549474 ], [ -1.627625800382727, 48.092673940033535 ], [ -1.627628977571296, 48.092673505385548 ], [ -1.627632165604197, 48.092673107737163 ], [ -1.627635363515693, 48.092672747208852 ], [ -1.627638570337057, 48.092672423909839 ], [ -1.62764178509686, 48.092672137938045 ], [ -1.627645006821271, 48.0926718893801 ], [ -1.627648234534347, 48.092671678311312 ], [ -1.627651467258332, 48.092671504795597 ], [ -1.627654704013953, 48.09267136888554 ], [ -1.627657943820714, 48.092671270622304 ], [ -1.627661185697195, 48.092671210035647 ], [ -1.62766442866135, 48.092671187143935 ], [ -1.627667671730803, 48.092671201954097 ], [ -1.627670913923146, 48.092671254461642 ], [ -1.627674154256237, 48.092671344650675 ], [ -1.627677391748496, 48.092671472493862 ], [ -1.627680625419206, 48.092671637952492 ], [ -1.627683854288805, 48.092671840976422 ], [ -1.627687077379187, 48.092672081504169 ], [ -1.627690293713996, 48.092672359462867 ], [ -1.627693502318924, 48.092672674768309 ], [ -1.627696702222001, 48.092673027324985 ], [ -1.627699892453897, 48.092673417026084 ], [ -1.627703072048209, 48.092673843753573 ], [ -1.627706240041758, 48.092674307378182 ], [ -1.627709395474878, 48.092674807759444 ], [ -1.627712537391709, 48.092675344745814 ], [ -1.627715664840483, 48.092675918174592 ], [ -1.627718776873819, 48.092676527872086 ], [ -1.627721872549001, 48.092677173653605 ], [ -1.627724950928273, 48.092677855323529 ], [ -1.627728011079113, 48.092678572675332 ], [ -1.627731052074526, 48.092679325491744 ], [ -1.627734072993316, 48.092680113544695 ], [ -1.627737072920371, 48.092680936595471 ], [ -1.627740050946937, 48.092681794394743 ], [ -1.627743006170894, 48.092682686682664 ], [ -1.62774593769703, 48.092683613188932 ], [ -1.627748844637311, 48.09268457363288 ], [ -1.627751726111151, 48.092685567723578 ], [ -1.62775458124568, 48.092686595159869 ], [ -1.627757409176004, 48.092687655630527 ], [ -1.627760209045471, 48.092688748814304 ], [ -1.627762980005931, 48.092689874380042 ], [ -1.627765721217988, 48.092691031986774 ], [ -1.627768431851262, 48.092692221283848 ], [ -1.627771111084631, 48.092693441910974 ], [ -1.62788347033834, 48.09277226093014 ], [ -1.627884061858613, 48.092772714680514 ], [ -1.627884665113573, 48.092773161485376 ], [ -1.62788527992045, 48.092773601209345 ], [ -1.627885906092973, 48.092774033719188 ], [ -1.627886543441427, 48.092774458883873 ], [ -1.627887191772711, 48.092774876574595 ], [ -1.627887850890397, 48.092775286664789 ], [ -1.62788852059479, 48.092775689030226 ], [ -1.627889200682984, 48.092776083548983 ], [ -1.627889890948932, 48.092776470101526 ], [ -1.627890591183499, 48.092776848570757 ], [ -1.627891301174532, 48.092777218842002 ], [ -1.627892020706921, 48.092777580803087 ], [ -1.627892749562666, 48.092777934344326 ], [ -1.627893487520943, 48.092778279358619 ], [ -1.627894234358167, 48.092778615741452 ], [ -1.627894989848068, 48.092778943390876 ], [ -1.627895753761748, 48.092779262207635 ], [ -1.627896525867763, 48.092779572095139 ], [ -1.627897305932183, 48.092779872959504 ], [ -1.627898093718668, 48.092780164709573 ], [ -1.627898888988538, 48.092780447256949 ], [ -1.627899691500848, 48.092780720516032 ], [ -1.627900501012455, 48.092780984404015 ], [ -1.627901317278099, 48.092781238840978 ], [ -1.627902140050469, 48.092781483749803 ], [ -1.627902969080289, 48.092781719056305 ], [ -1.627903804116381, 48.092781944689193 ], [ -1.627904644905752, 48.0927821605801 ], [ -1.627905491193663, 48.09278236666362 ], [ -1.62790634272371, 48.092782562877304 ], [ -1.6279071992379, 48.092782749161721 ], [ -1.627908060476732, 48.092782925460419 ], [ -1.627908926179272, 48.092783091720001 ], [ -1.627909796083233, 48.092783247890061 ], [ -1.627910669925056, 48.092783393923334 ], [ -1.627911547439989, 48.092783529775524 ], [ -1.627912428362167, 48.092783655405505 ], [ -1.627913312424693, 48.092783770775199 ], [ -1.627914199359718, 48.092783875849662 ], [ -1.627915088898522, 48.092783970597047 ], [ -1.627915980771599, 48.092784054988662 ], [ -1.627916874708732, 48.092784128998922 ], [ -1.62791777043908, 48.092784192605421 ], [ -1.627918667691261, 48.092784245788877 ], [ -1.62791956619343, 48.092784288533181 ], [ -1.627920465673362, 48.092784320825373 ], [ -1.627921365858537, 48.092784342655683 ], [ -1.627922266476223, 48.092784354017489 ], [ -1.627923167253554, 48.092784354907359 ], [ -1.627924067917618, 48.092784345325015 ], [ -1.627924968195535, 48.092784325273357 ], [ -1.627925867814545, 48.092784294758452 ], [ -1.627926766502085, 48.092784253789567 ], [ -1.627927663985875, 48.0927842023791 ], [ -1.627928559994001, 48.092784140542641 ], [ -1.627929454254994, 48.092784068298918 ], [ -1.627930346497915, 48.092783985669811 ], [ -1.627931236452438, 48.092783892680359 ], [ -1.627932123848928, 48.092783789358734 ], [ -1.627933008418527, 48.092783675736243 ], [ -1.627933889893231, 48.092783551847312 ], [ -1.627934768005976, 48.092783417729471 ], [ -1.627935642490717, 48.092783273423358 ], [ -1.627936513082506, 48.092783118972697 ], [ -1.627937379517576, 48.09278295442428 ], [ -1.627938241533418, 48.092782779827949 ], [ -1.627939098868863, 48.092782595236621 ], [ -1.627939951264161, 48.092782400706213 ], [ -1.627940798461056, 48.092782196295659 ], [ -1.627941640202869, 48.092781982066903 ], [ -1.627942476234574, 48.092781758084847 ], [ -1.627943306302873, 48.09278152441734 ], [ -1.627944130156278, 48.092781281135188 ], [ -1.627944947545181, 48.092781028312103 ], [ -1.627945758221933, 48.092780766024667 ], [ -1.62794656194092, 48.092780494352368 ], [ -1.627947358458635, 48.092780213377488 ], [ -1.627948147533754, 48.092779923185191 ], [ -1.627948928927206, 48.092779623863365 ], [ -1.627949702402248, 48.092779315502717 ], [ -1.627950467724538, 48.092778998196657 ], [ -1.627951224662201, 48.092778672041341 ], [ -1.627986231062853, 48.092762832824292 ], [ -1.628034788328274, 48.092738696865105 ], [ -1.628041707257262, 48.092735185895677 ], [ -1.628048536073371, 48.092731597080935 ], [ -1.628055272813622, 48.092727931452494 ], [ -1.628061915541504, 48.09272419006404 ], [ -1.628068462347531, 48.092720373991028 ], [ -1.62807491134979, 48.092716484330396 ], [ -1.628081260694482, 48.092712522200237 ], [ -1.628087508556454, 48.092708488739454 ], [ -1.628093653139727, 48.092704385107488 ], [ -1.628099692678008, 48.092700212483926 ], [ -1.628105625435201, 48.092695972068185 ], [ -1.628111449705904, 48.092691665079201 ], [ -1.6281171638159, 48.092687292754981 ], [ -1.628122766122639, 48.092682856352404 ], [ -1.628128255015709, 48.092678357146696 ], [ -1.628133628917299, 48.092673796431157 ], [ -1.628138886282654, 48.092669175516775 ], [ -1.628144025600516, 48.092664495731853 ], [ -1.628149045393562, 48.09265975842159 ], [ -1.628153944218827, 48.092654964947734 ], [ -1.628158720668118, 48.092650116688183 ], [ -1.62816337336842, 48.09264521503659 ], [ -1.628167900982289, 48.092640261401918 ], [ -1.628172302208241, 48.092635257208123 ], [ -1.62817657578112, 48.092630203893656 ], [ -1.628180720472465, 48.092625102911121 ], [ -1.628184735090864, 48.092619955726796 ], [ -1.628188618482293, 48.092614763820258 ], [ -1.628192369530452, 48.09260952868393 ], [ -1.628195987157083, 48.092604251822671 ], [ -1.628197144795443, 48.092602482902187 ], [ -1.628198256089827, 48.092600700771172 ], [ -1.628199320702488, 48.092598905971265 ], [ -1.628200338309871, 48.092597099047929 ], [ -1.628201308602703, 48.09259528055032 ], [ -1.628202231286092, 48.092593451031135 ], [ -1.628203106079617, 48.09259161104638 ], [ -1.628203932717409, 48.092589761155267 ], [ -1.628204710948238, 48.092587901920012 ], [ -1.628205440535581, 48.09258603390569 ], [ -1.628206121257704, 48.092584157680022 ], [ -1.62820675290772, 48.092582273813214 ], [ -1.628207335293659, 48.09258038287782 ], [ -1.628207868238522, 48.092578485448541 ], [ -1.628208351580335, 48.092576582102041 ], [ -1.628208785172201, 48.092574673416763 ], [ -1.628209168882343, 48.092572759972832 ], [ -1.628209502594144, 48.092570842351755 ], [ -1.628209786206181, 48.092568921136341 ], [ -1.62821001963226, 48.092566996910499 ], [ -1.628210202801437, 48.092565070259027 ], [ -1.628210335658044, 48.092563141767471 ], [ -1.628210418161702, 48.092561212021948 ], [ -1.628210450287338, 48.092559281608949 ], [ -1.628210432025186, 48.092557351115154 ], [ -1.628210363380799, 48.09255542112728 ], [ -1.628210244375038, 48.092553492231893 ], [ -1.628210075044071, 48.092551565015242 ], [ -1.628209855439362, 48.092549640063019 ], [ -1.628209585627653, 48.092547717960265 ], [ -1.628209265690945, 48.092545799291159 ], [ -1.628208895726473, 48.092543884638815 ], [ -1.628208475846677, 48.092541974585124 ], [ -1.628208006179168, 48.092540069710616 ], [ -1.628207486866686, 48.092538170594196 ], [ -1.628206918067062, 48.092536277813068 ], [ -1.628206299953165, 48.092534391942465 ], [ -1.628205632712853, 48.092532513555561 ], [ -1.628204916548913, 48.092530643223228 ], [ -1.628204151679002, 48.092528781513899 ], [ -1.62820333833558, 48.092526928993387 ], [ -1.628202476765839, 48.092525086224718 ], [ -1.628201567231626, 48.092523253767936 ], [ -1.628200610009368, 48.092521432179979 ], [ -1.628199605389985, 48.09251962201445 ], [ -1.6281985536788, 48.092517823821495 ], [ -1.62819745519545, 48.092516038147643 ], [ -1.628196310273787, 48.09251426553557 ], [ -1.628195119261775, 48.092512506524038 ], [ -1.628193882521387, 48.092510761647631 ], [ -1.628192600428495, 48.092509031436663 ], [ -1.628191273372751, 48.09250731641697 ], [ -1.628189901757475, 48.092505617109794 ], [ -1.628188485999529, 48.092503934031583 ], [ -1.628187026529191, 48.092502267693874 ], [ -1.628185523790024, 48.09250061860309 ], [ -1.62818397823874, 48.092498987260413 ], [ -1.628182390345063, 48.092497374161674 ], [ -1.628180760591589, 48.092495779797105 ], [ -1.62817908947363, 48.092494204651274 ], [ -1.628177377499075, 48.092492649202903 ], [ -1.628175625188226, 48.09249111392473 ], [ -1.628173833073648, 48.092489599283347 ], [ -1.6281720017, 48.092488105739093 ], [ -1.628170131623873, 48.092486633745899 ], [ -1.628168223413623, 48.092485183751123 ], [ -1.628166277649193, 48.092483756195449 ], [ -1.62816429492194, 48.092482351512743 ], [ -1.628162275834456, 48.09248097012992 ], [ -1.628160221000382, 48.092479612466825 ], [ -1.628158131044225, 48.092478278936056 ], [ -1.628156006601164, 48.092476969942929 ], [ -1.628153848316861, 48.092475685885248 ], [ -1.628151656847262, 48.092474427153292 ], [ -1.628149432858401, 48.092473194129603 ], [ -1.628147177026191, 48.092471987188915 ], [ -1.628144890036227, 48.092470806698074 ], [ -1.628142572583571, 48.092469653015826 ], [ -1.628140225372545, 48.092468526492816 ], [ -1.628137849116514, 48.092467427471412 ], [ -1.628135444537669, 48.092466356285641 ], [ -1.628133012366813, 48.092465313261052 ], [ -1.62813055334313, 48.092464298714638 ], [ -1.628128068213968, 48.092463312954756 ], [ -1.62812555773461, 48.092462356280983 ], [ -1.628123022668039, 48.092461428984087 ], [ -1.628120463784716, 48.092460531345885 ], [ -1.628117881862335, 48.092459663639211 ], [ -1.628115277685597, 48.092458826127746 ], [ -1.628112652045963, 48.092458019066051 ], [ -1.62811000574142, 48.092457242699403 ], [ -1.628107339576232, 48.092456497263768 ], [ -1.628104654360701, 48.092455782985681 ], [ -1.62810195091092, 48.09245510008224 ], [ -1.628099230048521, 48.092454448760989 ], [ -1.62809649260043, 48.092453829219878 ], [ -1.628093739398614, 48.092453241647213 ], [ -1.628090971279826, 48.092452686221549 ], [ -1.628088189085355, 48.092452163111709 ], [ -1.628085393660764, 48.09245167247667 ], [ -1.628082585855642, 48.092451214465541 ], [ -1.628079766523337, 48.092450789217544 ], [ -1.628076936520702, 48.092450396861899 ], [ -1.628074096707831, 48.092450037517864 ], [ -1.628071247947803, 48.092449711294641 ], [ -1.628068391106413, 48.092449418291388 ], [ -1.628065527051913, 48.092449158597134 ], [ -1.628063985469158, 48.092449037056504 ] ], [ [ -1.628064675727301, 48.092449081777978 ], [ -1.628063985469158, 48.092449037056504 ] ], [ [ -1.628063985469158, 48.092449037056504 ], [ -1.628062656654748, 48.092448932290843 ] ], [ [ -1.628063985469158, 48.092449037056504 ], [ -1.628060574991793, 48.092448816093416 ], [ -1.628056467992578, 48.092448597799354 ], [ -1.628052355957168, 48.092448426961042 ], [ -1.628048240114577, 48.092448303629524 ], [ -1.628044121694962, 48.092448227841686 ], [ -1.628040001929245, 48.092448199620165 ], [ -1.628035882048754, 48.092448218973388 ], [ -1.628031763284849, 48.092448285895593 ], [ -1.628027646868558, 48.092448400366763 ], [ -1.628023534030206, 48.092448562352679 ], [ -1.628019425999051, 48.092448771804939 ], [ -1.628015324002909, 48.092449028660937 ], [ -1.628011229267799, 48.092449332843906 ], [ -1.628007143017565, 48.092449684262924 ], [ -1.628003066473517, 48.092450082812952 ], [ -1.627999000854062, 48.092450528374876 ], [ -1.627994947374345, 48.092451020815531 ], [ -1.627983090367672, 48.092455169207526 ], [ -1.627931120614377, 48.092478621209303 ], [ -1.627878635785082, 48.09250155574982 ], [ -1.627692311394513, 48.092603379720295 ], [ -1.627684034122305, 48.092608066777998 ], [ -1.627675641994316, 48.092612661814279 ], [ -1.6276671373034, 48.092617163573749 ], [ -1.627658522373163, 48.092621570826466 ], [ -1.627649799557331, 48.092625882368345 ], [ -1.627640971239108, 48.092630097021434 ], [ -1.627632039830519, 48.092634213634241 ], [ -1.627623007771758, 48.092638231082063 ], [ -1.627613877530516, 48.092642148267323 ], [ -1.62760465160131, 48.092645964119782 ], [ -1.6275953325048, 48.092649677596945 ], [ -1.627585922787101, 48.092653287684236 ], [ -1.627576425019087, 48.092656793395349 ], [ -1.627566841795688, 48.092660193772502 ], [ -1.627557175735183, 48.092663487886675 ], [ -1.627547429478481, 48.092666674837893 ], [ -1.627537605688405, 48.092669753755459 ], [ -1.627450654306134, 48.092693135497441 ], [ -1.627189800159341, 48.092790433599887 ], [ -1.627182442871554, 48.092792911291134 ], [ -1.627175148633688, 48.092795470797704 ], [ -1.627167919484932, 48.092798111404051 ], [ -1.627160757446279, 48.09280083237195 ], [ -1.627153664519961, 48.092803632940708 ], [ -1.627148475300007, 48.0928060247128 ], [ -1.627143225020702, 48.092808356278823 ], [ -1.627137915247617, 48.092810626943518 ], [ -1.627132547564066, 48.092812836029822 ], [ -1.627127123570627, 48.092814982879041 ], [ -1.627121644884674, 48.092817066850991 ], [ -1.627116113139886, 48.092819087324266 ], [ -1.627110529985764, 48.092821043696404 ], [ -1.627104897087141, 48.092822935384028 ], [ -1.62709921612368, 48.092824761823081 ], [ -1.627093488789378, 48.09282652246894 ], [ -1.627087716792061, 48.092828216796605 ], [ -1.627081901852869, 48.092829844300866 ], [ -1.62707604570575, 48.092831404496415 ], [ -1.627070150096939, 48.092832896918033 ], [ -1.627064216784436, 48.092834321120691 ], [ -1.627058247537488, 48.092835676679734 ], [ -1.627052244136052, 48.09283696319094 ], [ -1.627046208370275, 48.092838180270689 ], [ -1.627040142039949, 48.092839327556078 ], [ -1.627034046953985, 48.092840404705008 ], [ -1.627027924929865, 48.092841411396279 ], [ -1.627021777793106, 48.092842347329722 ], [ -1.627015607376712, 48.092843212226235 ], [ -1.627009415520629, 48.092844005827942 ], [ -1.627003204071197, 48.092844727898196 ], [ -1.626996974880596, 48.092845378221689 ], [ -1.6269907298063, 48.092845956604506 ], [ -1.626984470710515, 48.092846462874171 ], [ -1.626978199459631, 48.092846896879749 ], [ -1.626971917923663, 48.092847258491794 ], [ -1.62696562797569, 48.092847547602489 ], [ -1.626959331491302, 48.092847764125636 ], [ -1.626953030348036, 48.092847907996664 ], [ -1.626946726424821, 48.092847979172674 ], [ -1.626940421601411, 48.092847977632445 ], [ -1.626934117757833, 48.09284790337643 ], [ -1.626927816773819, 48.092847756426785 ], [ -1.626880388747129, 48.092853790404845 ], [ -1.62687317528182, 48.09285429548482 ], [ -1.626865975525435, 48.092854881364829 ], [ -1.626858791506556, 48.092855547879772 ], [ -1.626851625249327, 48.092856294841873 ], [ -1.626844478772892, 48.092857122040655 ], [ -1.626837354090819, 48.092858029243047 ], [ -1.626830253210535, 48.09285901619343 ], [ -1.626823178132762, 48.092860082613726 ], [ -1.626816130850951, 48.092861228203461 ], [ -1.626809113350721, 48.092862452639856 ], [ -1.626802127609303, 48.092863755577888 ], [ -1.626795175594975, 48.092865136650467 ], [ -1.626788259266515, 48.092866595468443 ], [ -1.626781380572645, 48.092868131620783 ], [ -1.626774541451486, 48.092869744674665 ], [ -1.626767743830005, 48.092871434175578 ], [ -1.626760989623478, 48.092873199647507 ], [ -1.62675428073495, 48.092875040592986 ], [ -1.626747619054696, 48.092876956493321 ], [ -1.626741006459689, 48.092878946808689 ], [ -1.626734444813073, 48.092881010978289 ], [ -1.626727935963638, 48.092883148420526 ], [ -1.626721481745294, 48.092885358533138 ], [ -1.626715083976563, 48.092887640693426 ], [ -1.626708744460059, 48.09288999425835 ], [ -1.62630560623318, 48.092990308969249 ], [ -1.626220913328367, 48.093013690565478 ], [ -1.626213953128023, 48.093015507498329 ], [ -1.626207040562148, 48.093017403824128 ], [ -1.62620017766054, 48.093019378986064 ], [ -1.626193366438415, 48.0930214324041 ], [ -1.626186608895811, 48.093023563475306 ], [ -1.626179907017006, 48.093025771573878 ], [ -1.626173262769932, 48.093028056051438 ], [ -1.626166678105598, 48.093030416237156 ], [ -1.626160154957518, 48.093032851437989 ], [ -1.62615369524114, 48.093035360938842 ], [ -1.626147300853291, 48.09303794400283 ], [ -1.626140973671608, 48.093040599871443 ], [ -1.626134715554, 48.093043327764818 ], [ -1.626128528338094, 48.093046126881916 ], [ -1.626122413840694, 48.09304899640081 ], [ -1.626116373857257, 48.093051935478861 ], [ -1.626110410161356, 48.093054943253051 ], [ -1.626104524504163, 48.093058018840161 ], [ -1.626098718613938, 48.093061161337076 ], [ -1.626092994195513, 48.093064369821008 ], [ -1.626087352929801, 48.093067643349819 ], [ -1.626081796473298, 48.09307098096226 ], [ -1.626076326457595, 48.093074381678264 ], [ -1.6260709444889, 48.093077844499248 ], [ -1.62606565214757, 48.093081368408363 ], [ -1.62606045098764, 48.093084952370845 ], [ -1.626055342536374, 48.093088595334301 ], [ -1.626050328293812, 48.093092296228988 ], [ -1.62604540973233, 48.093096053968189 ], [ -1.62604058829621, 48.093099867448444 ], [ -1.626035865401211, 48.093103735549974 ], [ -1.626031242434159, 48.093107657136947 ], [ -1.626026720752539, 48.093111631057809 ], [ -1.626022301684089, 48.093115656145649 ], [ -1.626017986526422, 48.093119731218536 ], [ -1.626013776546635, 48.093123855079853 ], [ -1.626009672980942, 48.093128026518677 ], [ -1.626005677034309, 48.093132244310084 ], [ -1.626001789880101, 48.093136507215569 ], [ -1.625998012659738, 48.093140813983368 ], [ -1.625994346482359, 48.093145163348822 ], [ -1.625990792424495, 48.093149554034774 ], [ -1.625987351529757, 48.093153984751964 ], [ -1.625984024808524, 48.093158454199319 ], [ -1.625980813237652, 48.093162961064444 ], [ -1.625977717760182, 48.093167504023938 ], [ -1.625974739285069, 48.093172081743802 ], [ -1.625847135308507, 48.093381006504224 ], [ -1.625844112856856, 48.093385728747492 ], [ -1.625841213199412, 48.093390485215977 ], [ -1.625838437204492, 48.093395274485331 ], [ -1.625835785703381, 48.093400095121382 ], [ -1.625833259490085, 48.093404945680547 ], [ -1.62583085932109, 48.093409824710299 ], [ -1.62582858591514, 48.093414730749579 ], [ -1.625826439953016, 48.093419662329239 ], [ -1.625824422077337, 48.093424617972495 ], [ -1.625822532892368, 48.093429596195335 ], [ -1.625820772963832, 48.093434595507013 ], [ -1.625819142818751, 48.093439614410443 ], [ -1.625817642945278, 48.093444651402692 ], [ -1.625816273792559, 48.093449704975392 ], [ -1.625815035770593, 48.093454773615235 ], [ -1.625813929250111, 48.093459855804383 ], [ -1.625812954562468, 48.09346495002093 ], [ -1.625812111999537, 48.093470054739413 ], [ -1.625811401813628, 48.093475168431169 ], [ -1.625810824217411, 48.093480289564887 ], [ -1.625810379383849, 48.093485416607024 ], [ -1.62581006744615, 48.093490548022238 ], [ -1.625809888497725, 48.093495682273918 ], [ -1.625809842592162, 48.093500817824584 ], [ -1.625809929743206, 48.093505953136365 ], [ -1.62581014992476, 48.093511086671484 ], [ -1.62581050307089, 48.093516216892638 ], [ -1.625810989075843, 48.093521342263607 ], [ -1.625811607794085, 48.093526461249539 ], [ -1.625812359040336, 48.093531572317545 ], [ -1.625813242589631, 48.093536673937102 ], [ -1.625814258177388, 48.093541764580486 ], [ -1.625815405499485, 48.093546842723306 ], [ -1.625816684212349, 48.093551906844866 ], [ -1.625818093933063, 48.093556955428717 ], [ -1.625819634239481, 48.093561986963017 ], [ -1.625821304670348, 48.093566999941068 ], [ -1.625823104725448, 48.093571992861719 ], [ -1.625825033865743, 48.093576964229818 ], [ -1.625827091513545, 48.093581912556658 ], [ -1.625829277052679, 48.093586836360465 ], [ -1.625831589828675, 48.093591734166765 ], [ -1.625834029148961, 48.09359660450891 ], [ -1.62583659428307, 48.093601445928464 ], [ -1.625839284462861, 48.093606256975633 ], [ -1.625842098882745, 48.093611036209744 ], [ -1.62584503669993, 48.093615782199635 ], [ -1.625848097034674, 48.093620493524114 ], [ -1.625851278970542, 48.093625168772348 ], [ -1.625854581554689, 48.093629806544328 ], [ -1.62585800379814, 48.093634405451262 ], [ -1.625861544676086, 48.093638964115996 ], [ -1.625865203128196, 48.093643481173423 ], [ -1.62692781677381, 48.094501039933824 ], [ -1.627185283204418, 48.094706188194536 ], [ -1.627189469995721, 48.094709782087968 ], [ -1.627193749493922, 48.094713326934638 ], [ -1.627198120411289, 48.094716821667888 ], [ -1.62720258143258, 48.094720265236127 ], [ -1.627207131215442, 48.094723656603186 ], [ -1.627211768390811, 48.094726994748584 ], [ -1.627216491563327, 48.094730278667846 ], [ -1.627221299311752, 48.094733507372844 ], [ -1.6272261901894, 48.094736679892037 ], [ -1.627231162724569, 48.094739795270804 ], [ -1.627236215420987, 48.094742852571713 ], [ -1.62724134675826, 48.094745850874823 ], [ -1.627246555192332, 48.094748789277915 ], [ -1.627251839155945, 48.094751666896819 ], [ -1.627257197059117, 48.094754482865646 ], [ -1.627262627289614, 48.094757236337067 ], [ -1.62726812821344, 48.094759926482553 ], [ -1.627273698175328, 48.094762552492625 ], [ -1.627279335499233, 48.094765113577104 ], [ -1.627285038488845, 48.094767608965348 ], [ -1.62729080542809, 48.094770037906493 ], [ -1.627296634581655, 48.094772399669672 ], [ -1.627302524195505, 48.094774693544203 ], [ -1.627308472497411, 48.094776918839855 ], [ -1.627314477697485, 48.094779074887036 ], [ -1.627320537988719, 48.094781161036991 ], [ -1.627326651547526, 48.094783176661977 ], [ -1.627332816534291, 48.094785121155482 ], [ -1.627339031093923, 48.094786993932424 ], [ -1.627345293356418, 48.094788794429256 ], [ -1.627351601437412, 48.094790522104205 ], [ -1.62735795343876, 48.09479217643743 ], [ -1.627364347449095, 48.094793756931111 ], [ -1.627370781544413, 48.094795263109688 ], [ -1.627377253788649, 48.094796694519935 ], [ -1.627445008112492, 48.094811778892016 ], [ -1.627453602105806, 48.09481444547955 ], [ -1.627462126478379, 48.094817209957029 ], [ -1.627470578730897, 48.094820071513908 ], [ -1.627478956385192, 48.094823029311158 ], [ -1.62748725698497, 48.094826082481568 ], [ -1.627495478096526, 48.094829230129946 ], [ -1.627503617309461, 48.094832471333362 ], [ -1.627511672237392, 48.094835805141528 ], [ -1.627519640518643, 48.094839230576952 ], [ -1.627527519816946, 48.094842746635287 ], [ -1.627535307822121, 48.094846352285629 ], [ -1.627543002250755, 48.094850046470789 ], [ -1.627550600846872, 48.094853828107631 ], [ -1.627558101382592, 48.094857696087374 ], [ -1.627565501658788, 48.09486164927592 ], [ -1.627572799505727, 48.094865686514197 ], [ -1.627579992783708, 48.094869806618483 ], [ -1.627587079383692, 48.094874008380735 ], [ -1.627594057227913, 48.094878290569028 ], [ -1.627600924270496, 48.094882651927797 ], [ -1.627607678498049, 48.094887091178308 ], [ -1.62761431793026, 48.094891607018951 ], [ -1.627620840620472, 48.094896198125682 ], [ -1.627627244656259, 48.09490086315239 ], [ -1.627633528159982, 48.094905600731288 ], [ -1.627639689289341, 48.094910409473322 ], [ -1.627645726237918, 48.094915287968561 ], [ -1.627651637235703, 48.094920234786628 ], [ -1.627657420549613, 48.094925248477125 ], [ -1.627663074484005, 48.094930327570026 ], [ -1.627668597381166, 48.094935470576154 ], [ -1.627717154646596, 48.094976952476756 ] ] ] } },
{ "type": "Feature", "properties": { "Fid": 5.0, "Id_itinéraire": 4.0, "Id_quai": "SP1", "Couleurs": "#f59300", "Sens_de_circulation": "Entrée", "Type_quai": "Stockage papier (SP1)" }, "geometry": { "type": "MultiLineString", "coordinates": [ [ [ -1.629179293871371, 48.094858303615212 ], [ -1.629113002257112, 48.09480692141878 ], [ -1.629108573499351, 48.094807540016291 ], [ -1.62910412935052, 48.094808107240397 ], [ -1.629099671146407, 48.094808622920624 ], [ -1.629095200227027, 48.094809086901954 ], [ -1.629090717936214, 48.094809499044942 ], [ -1.62908622562122, 48.094809859225705 ], [ -1.629081724632313, 48.094810167335986 ], [ -1.629077216322365, 48.094810423283178 ], [ -1.629072702046449, 48.094810626990345 ], [ -1.629068183161434, 48.094810778396258 ], [ -1.629063661025571, 48.094810877455416 ], [ -1.62905913699809, 48.094810924138045 ], [ -1.629054612438787, 48.094810918430106 ], [ -1.629050088707622, 48.094810860333325 ], [ -1.629045567164303, 48.094810749865154 ], [ -1.629041049167882, 48.094810587058802 ], [ -1.629036536076342, 48.094810371963199 ], [ -1.629032029246196, 48.09481010464301 ], [ -1.629027530032073, 48.094809785178562 ], [ -1.629023039786311, 48.094809413665885 ], [ -1.629018559858556, 48.094808990216656 ], [ -1.629014091595349, 48.094808514958139 ], [ -1.629009636339728, 48.094807988033175 ], [ -1.629005195430819, 48.094807409600165 ], [ -1.629000770203438, 48.094806779832943 ], [ -1.628996361987686, 48.094806098920813 ], [ -1.62899197210855, 48.094805367068432 ], [ -1.628987601885508, 48.094804584495783 ], [ -1.628983252632128, 48.094803751438057 ], [ -1.628978925655675, 48.094802868145663 ], [ -1.628974622256721, 48.094801934884103 ], [ -1.628970343728746, 48.09480095193387 ], [ -1.62896609135776, 48.094799919590415 ], [ -1.628961866421907, 48.094798838164017 ], [ -1.628957670191088, 48.094797707979744 ], [ -1.628953503926572, 48.09479652937727 ], [ -1.628949368880625, 48.094795302710871 ], [ -1.628945266296127, 48.094794028349227 ], [ -1.628941197406202, 48.094792706675371 ], [ -1.628937163433847, 48.094791338086573 ], [ -1.628933165591561, 48.094789922994188 ], [ -1.628929205080987, 48.094788461823541 ], [ -1.628925283092544, 48.094786955013809 ], [ -1.628921400805074, 48.094785403017916 ], [ -1.628917559385485, 48.094783806302324 ], [ -1.628913759988404, 48.094782165346977 ], [ -1.628910003755822, 48.09478048064507 ], [ -1.628906291816761, 48.094778752703 ], [ -1.628902625286928, 48.094776982040123 ], [ -1.628899005268379, 48.094775169188644 ], [ -1.628895432849192, 48.094773314693455 ], [ -1.628891909103139, 48.094771419111972 ], [ -1.62888843508936, 48.094769483013934 ], [ -1.628885011852047, 48.094767506981277 ], [ -1.628881640420133, 48.094765491607937 ], [ -1.628878321806976, 48.094763437499687 ], [ -1.628875057010059, 48.094761345273923 ], [ -1.628871847010692, 48.094759215559506 ], [ -1.62886869277371, 48.094757048996563 ], [ -1.628865595247191, 48.094754846236299 ], [ -1.628862555362166, 48.094752607940791 ], [ -1.62885957403234, 48.094750334782823 ], [ -1.62885665215382, 48.094748027445618 ], [ -1.62885379060484, 48.094745686622716 ], [ -1.628850990245504, 48.09474331301768 ], [ -1.628848251917523, 48.094740907343954 ], [ -1.628845576443963, 48.094738470324607 ], [ -1.628842964628997, 48.094736002692144 ], [ -1.628038338666447, 48.094125463672469 ], [ -1.628005731636859, 48.094100721757869 ], [ -1.628005514989902, 48.094100386868867 ], [ -1.62800528963537, 48.094100054553202 ], [ -1.62800505564175, 48.094099724911878 ], [ -1.628004813080153, 48.094099398045053 ], [ -1.628004562024296, 48.094099074052075 ], [ -1.628004302550475, 48.094098753031403 ], [ -1.628004034737546, 48.094098435080596 ], [ -1.628003758666898, 48.09409812029628 ], [ -1.628003474422431, 48.09409780877413 ], [ -1.628003182090529, 48.094097500608811 ], [ -1.628002881760032, 48.094097195893973 ], [ -1.628002573522212, 48.09409689472222 ], [ -1.628002257470745, 48.0940965971851 ], [ -1.62800193370168, 48.094096303373007 ], [ -1.628001602313413, 48.094096013375257 ], [ -1.628001263406653, 48.094095727279957 ], [ -1.628000917084397, 48.094095445174077 ], [ -1.628000563451893, 48.09409516714333 ], [ -1.628000202616613, 48.094094893272235 ], [ -1.627999834688216, 48.094094623643997 ], [ -1.627999459778517, 48.09409435834057 ], [ -1.627999078001453, 48.094094097442586 ], [ -1.62799868947305, 48.09409384102932 ], [ -1.627998294311381, 48.094093589178712 ], [ -1.627997892636539, 48.094093341967294 ], [ -1.627997484570595, 48.094093099470193 ], [ -1.627997070237563, 48.094092861761105 ], [ -1.62799664976336, 48.094092628912279 ], [ -1.62799622327577, 48.094092400994469 ], [ -1.627995790904406, 48.094092178076949 ], [ -1.627995352780667, 48.094091960227452 ], [ -1.627994909037702, 48.094091747512202 ], [ -1.627994459810366, 48.09409153999583 ], [ -1.627994005235182, 48.094091337741403 ], [ -1.627993545450297, 48.094091140810391 ], [ -1.627993080595442, 48.09409094926265 ], [ -1.62799261081189, 48.094090763156373 ], [ -1.62799213624241, 48.094090582548134 ], [ -1.627991657031226, 48.094090407492821 ], [ -1.627991173323973, 48.09409023804362 ], [ -1.627990685267652, 48.094090074252044 ], [ -1.627990193010586, 48.09408991616786 ], [ -1.627989696702374, 48.094089763839122 ], [ -1.627989196493847, 48.094089617312108 ], [ -1.627988692537021, 48.094089476631353 ], [ -1.627988184985052, 48.094089341839627 ], [ -1.627987673992186, 48.09408921297787 ], [ -1.627987159713717, 48.094089090085255 ], [ -1.627986642305937, 48.094088973199135 ], [ -1.62798612192609, 48.094088862355022 ], [ -1.62798559873232, 48.094088757586604 ], [ -1.627985072883629, 48.094088658925727 ], [ -1.627984544539827, 48.094088566402377 ], [ -1.627984013861478, 48.094088480044654 ], [ -1.627983481009859, 48.094088399878828 ], [ -1.627982946146907, 48.094088325929242 ], [ -1.627982409435168, 48.094088258218378 ], [ -1.627981871037753, 48.094088196766805 ], [ -1.627981331118283, 48.094088141593218 ], [ -1.627980789840842, 48.094088092714365 ], [ -1.627980247369928, 48.094088050145103 ], [ -1.627979703870401, 48.094088013898379 ], [ -1.627979159507432, 48.094087983985212 ], [ -1.627978614446456, 48.094087960414669 ], [ -1.62797806885312, 48.094087943193941 ], [ -1.627977522893234, 48.094087932328243 ], [ -1.627976976732716, 48.094087927820887 ], [ -1.627976430537548, 48.094087929673236 ], [ -1.627975884473722, 48.09408793788473 ], [ -1.627975338707188, 48.094087952452867 ], [ -1.627974793403809, 48.094087973373234 ], [ -1.627974248729305, 48.094088000639459 ], [ -1.627973704849206, 48.094088034243271 ], [ -1.627973161928798, 48.094088074174444 ], [ -1.62797262013308, 48.094088120420849 ], [ -1.627972079626704, 48.094088172968426 ], [ -1.627971540573935, 48.094088231801216 ], [ -1.627971003138592, 48.094088296901333 ], [ -1.627970467484006, 48.094088368248983 ], [ -1.627969933772964, 48.094088445822486 ], [ -1.627969402167664, 48.094088529598288 ], [ -1.627968872829664, 48.094088619550909 ], [ -1.627968345919831, 48.094088715653022 ], [ -1.627967821598298, 48.094088817875416 ], [ -1.627967300024407, 48.094088926187013 ], [ -1.627966781356669, 48.09408904055492 ], [ -1.627966265752708, 48.094089160944364 ], [ -1.627965753369219, 48.094089287318774 ], [ -1.627965244361919, 48.094089419639722 ], [ -1.627964738885498, 48.094089557867001 ], [ -1.627964237093571, 48.094089701958616 ], [ -1.627963739138637, 48.09408985187077 ], [ -1.627963245172027, 48.094090007557902 ], [ -1.62796275534386, 48.094090168972691 ], [ -1.627962269802996, 48.094090336066088 ], [ -1.627961788696995, 48.094090508787332 ], [ -1.627961312172066, 48.094090687083899 ], [ -1.627960840373029, 48.094090870901624 ], [ -1.627960373443265, 48.094091060184631 ], [ -1.627959911524678, 48.094091254875416 ], [ -1.627959454757646, 48.094091454914789 ], [ -1.627959003280983, 48.094091660241965 ], [ -1.627958557231895, 48.094091870794543 ], [ -1.627958116745939, 48.094092086508553 ], [ -1.627957681956982, 48.094092307318405 ], [ -1.627957252997156, 48.094092533157017 ], [ -1.627956829996827, 48.094092763955757 ], [ -1.627956413084545, 48.094092999644467 ], [ -1.627956002387012, 48.094093240151537 ], [ -1.627366564343974, 48.094407472707182 ], [ -1.627365489481285, 48.094407848655536 ], [ -1.627364424597463, 48.094408237065551 ], [ -1.627363370016345, 48.094408637819122 ], [ -1.627362326058636, 48.094409050794354 ], [ -1.62736129304181, 48.094409475865689 ], [ -1.627360271280013, 48.094409912903828 ], [ -1.62735926108397, 48.0944103617759 ], [ -1.627358262760887, 48.09441082234536 ], [ -1.62735727661436, 48.094411294472174 ], [ -1.627356302944281, 48.094411778012756 ], [ -1.627355342046752, 48.094412272820058 ], [ -1.627354394213984, 48.094412778743617 ], [ -1.627353459734222, 48.09441329562955 ], [ -1.627352538891645, 48.094413823320707 ], [ -1.627351631966286, 48.094414361656582 ], [ -1.627350739233949, 48.094414910473475 ], [ -1.627349860966117, 48.094415469604499 ], [ -1.627348997429878, 48.094416038879594 ], [ -1.627348148887839, 48.094416618125649 ], [ -1.627347315598044, 48.094417207166515 ], [ -1.627346497813905, 48.094417805823078 ], [ -1.627345695784112, 48.094418413913246 ], [ -1.627344909752569, 48.09441903125213 ], [ -1.627344139958312, 48.094419657651962 ], [ -1.627343386635441, 48.094420292922273 ], [ -1.627342650013045, 48.094420936869867 ], [ -1.627341930315136, 48.094421589298904 ], [ -1.627341227760578, 48.094422250010993 ], [ -1.627340542563022, 48.094422918805193 ], [ -1.627339874930842, 48.094423595478133 ], [ -1.627339225067067, 48.094424279824025 ], [ -1.627338593169326, 48.094424971634744 ], [ -1.627337979429782, 48.094425670699941 ], [ -1.627337384035077, 48.094426376806979 ], [ -1.627336807166275, 48.09442708974116 ], [ -1.627336248998804, 48.094427809285662 ], [ -1.627335709702407, 48.094428535221667 ], [ -1.627335189441088, 48.094429267328422 ], [ -1.62733468837306, 48.094430005383281 ], [ -1.627334206650701, 48.094430749161802 ], [ -1.627333744420506, 48.094431498437793 ], [ -1.627333301823043, 48.094432252983388 ], [ -1.627332878992907, 48.094433012569148 ], [ -1.627332476058684, 48.094433776964053 ], [ -1.627332093142908, 48.094434545935648 ], [ -1.627331730362027, 48.09443531925011 ], [ -1.627331387826365, 48.09443609667224 ], [ -1.627331065640088, 48.09443687796562 ], [ -1.627330763901175, 48.09443766289268 ], [ -1.627330482701388, 48.0944384512147 ], [ -1.62733022212624, 48.094439242691941 ], [ -1.627329982254974, 48.094440037083722 ], [ -1.627329763160536, 48.09444083414845 ], [ -1.627329564909554, 48.094441633643754 ], [ -1.627329387562318, 48.094442435326485 ], [ -1.627329231172761, 48.094443238952856 ], [ -1.627329095788439, 48.094444044278468 ], [ -1.627328981450526, 48.094444851058427 ], [ -1.627328888193792, 48.094445659047381 ], [ -1.627328816046597, 48.094446467999624 ], [ -1.627328765030881, 48.094447277669133 ], [ -1.627328735162159, 48.094448087809695 ], [ -1.627328726449513, 48.094448898174939 ], [ -1.627328738895594, 48.094449708518425 ], [ -1.627328772496616, 48.094450518593725 ], [ -1.627328827242361, 48.094451328154491 ], [ -1.627328903116181, 48.09445213695453 ], [ -1.627329000095001, 48.094452944747886 ], [ -1.627329118149331, 48.094453751288896 ], [ -1.627329257243268, 48.094454556332281 ], [ -1.627329417334515, 48.094455359633237 ], [ -1.627329598374386, 48.094456160947473 ], [ -1.627329800307825, 48.094456960031295 ], [ -1.627330023073423, 48.09445775664171 ], [ -1.627330266603437, 48.094458550536451 ], [ -1.627330530823807, 48.094459341474092 ], [ -1.627330815654182, 48.094460129214113 ], [ -1.627331121007944, 48.09446091351694 ], [ -1.627331446792233, 48.094461694144094 ], [ -1.627331792907975, 48.094462470858154 ], [ -1.627332159249915, 48.094463243422922 ], [ -1.627332545706646, 48.094464011603463 ], [ -1.627332952160644, 48.094464775166166 ], [ -1.627333378488304, 48.094465533878825 ], [ -1.627333824559978, 48.094466287510713 ], [ -1.627334290240012, 48.094467035832643 ], [ -1.62733477538679, 48.094467778617052 ], [ -1.627335279852776, 48.094468515638049 ], [ -1.627335803484558, 48.094469246671515 ], [ -1.627336346122899, 48.094469971495116 ], [ -1.627336907602776, 48.094470689888446 ], [ -1.627337487753443, 48.094471401633037 ], [ -1.62733808639847, 48.094472106512448 ], [ -1.627338703355806, 48.094472804312296 ], [ -1.627339338437832, 48.094473494820392 ], [ -1.627339991451414, 48.094474177826754 ], [ -1.627340662197968, 48.094474853123671 ], [ -1.627341350473515, 48.094475520505782 ], [ -1.627342056068746, 48.09447617977014 ], [ -1.627342778769086, 48.094476830716246 ], [ -1.627465550397085, 48.094600178392326 ], [ -1.627465763976299, 48.094600488102657 ], [ -1.627465969446596, 48.094600800250582 ], [ -1.627466166745636, 48.094601114741415 ], [ -1.627466355813562, 48.094601431479738 ], [ -1.627466536593012, 48.094601750369456 ], [ -1.62746670902914, 48.094602071313822 ], [ -1.627466873069632, 48.094602394215471 ], [ -1.627467028664719, 48.094602718976425 ], [ -1.627467175767197, 48.094603045498168 ], [ -1.627467314332437, 48.094603373681629 ], [ -1.627467444318398, 48.094603703427261 ], [ -1.627467565685646, 48.094604034634997 ], [ -1.62746767839736, 48.094604367204361 ], [ -1.627467782419343, 48.094604701034463 ], [ -1.627467877720038, 48.094605036024028 ], [ -1.627467964270531, 48.094605372071406 ], [ -1.627468042044564, 48.094605709074656 ], [ -1.627468111018541, 48.094606046931546 ], [ -1.627468171171536, 48.094606385539549 ], [ -1.6274682224853, 48.094606724795959 ], [ -1.627468264944266, 48.094607064597845 ], [ -1.62746829853555, 48.094607404842094 ], [ -1.627468323248963, 48.094607745425506 ], [ -1.627468339077007, 48.094608086244762 ], [ -1.627468346014879, 48.094608427196434 ], [ -1.627468344060475, 48.094608768177082 ], [ -1.627468333214387, 48.094609109083287 ], [ -1.627468313479907, 48.094609449811585 ], [ -1.627468284863021, 48.09460979025863 ], [ -1.627468247372411, 48.094610130321122 ], [ -1.627468201019452, 48.094610469895891 ], [ -1.627468145818206, 48.094610808879935 ], [ -1.627468081785421, 48.094611147170383 ], [ -1.627468008940523, 48.094611484664611 ], [ -1.627467927305613, 48.09461182126023 ], [ -1.627467836905457, 48.094612156855135 ], [ -1.627467737767483, 48.094612491347483 ], [ -1.627467629921766, 48.09461282463581 ], [ -1.627467513401026, 48.094613156619005 ], [ -1.627467388240614, 48.094613487196341 ], [ -1.627467254478501, 48.094613816267518 ], [ -1.62746711215527, 48.09461414373272 ], [ -1.6274669613141, 48.094614469492576 ], [ -1.627466802000752, 48.094614793448272 ], [ -1.627466634263562, 48.094615115501519 ], [ -1.627466458153419, 48.094615435554616 ], [ -1.627466273723751, 48.094615753510453 ], [ -1.627466081030513, 48.094616069272568 ], [ -1.627465880132165, 48.094616382745166 ], [ -1.627465671089657, 48.094616693833146 ], [ -1.627465453966409, 48.094617002442114 ], [ -1.627465228828294, 48.094617308478462 ], [ -1.627464995743616, 48.094617611849323 ], [ -1.62746475478309, 48.094617912462674 ], [ -1.62746450601982, 48.094618210227317 ], [ -1.627464249529277, 48.0946185050529 ], [ -1.627463985389278, 48.094618796849971 ], [ -1.627463713679958, 48.094619085530034 ], [ -1.627463434483751, 48.094619371005471 ], [ -1.627463147885362, 48.094619653189696 ], [ -1.62746285397174, 48.09461993199708 ], [ -1.627462552832055, 48.094620207343063 ], [ -1.627462244557669, 48.094620479144083 ], [ -1.627461929242107, 48.094620747317691 ], [ -1.627461606981034, 48.094621011782529 ], [ -1.627461277872218, 48.094621272458355 ], [ -1.627460942015507, 48.094621529266085 ], [ -1.627460599512795, 48.094621782127803 ], [ -1.627460250467993, 48.094622030966811 ], [ -1.627459894986996, 48.0946222757076 ], [ -1.627459533177654, 48.094622516275919 ], [ -1.627459165149733, 48.094622752598788 ], [ -1.627458791014889, 48.094622984604499 ], [ -1.62745841088663, 48.094623212222686 ], [ -1.627458024880281, 48.094623435384271 ], [ -1.627457633112951, 48.094623654021561 ], [ -1.627457235703498, 48.094623868068226 ], [ -1.62745683277249, 48.094624077459322 ], [ -1.627456424442171, 48.094624282131321 ], [ -1.627456010836423, 48.094624482022134 ], [ -1.62745559208073, 48.09462467707111 ], [ -1.627455168302135, 48.094624867219082 ], [ -1.627454739629207, 48.094625052408354 ], [ -1.627454306192001, 48.094625232582743 ], [ -1.627453868122015, 48.094625407687595 ], [ -1.627453425552154, 48.094625577669781 ], [ -1.627452978616688, 48.094625742477717 ], [ -1.627452527451211, 48.094625902061424 ], [ -1.6274520721926, 48.094626056372476 ], [ -1.627451612978976, 48.094626205364058 ], [ -1.627451149949658, 48.094626348990964 ], [ -1.627450683245122, 48.094626487209631 ], [ -1.62745021300696, 48.094626619978108 ], [ -1.627449739377838, 48.094626747256136 ], [ -1.627449262501446, 48.094626869005083 ], [ -1.627448782522464, 48.094626985188029 ], [ -1.62744829958651, 48.094627095769702 ], [ -1.627447813840102, 48.094627200716573 ], [ -1.627447325430607, 48.094627299996802 ], [ -1.627446834506204, 48.094627393580254 ], [ -1.627446341215831, 48.094627481438543 ], [ -1.627445845709148, 48.094627563545018 ], [ -1.627445348136483, 48.094627639874773 ], [ -1.627444848648795, 48.094627710404644 ], [ -1.62744434739762, 48.094627775113231 ], [ -1.627443844535032, 48.094627833980901 ], [ -1.627443340213593, 48.094627886989805 ], [ -1.627442834586307, 48.094627934123864 ], [ -1.627442327806575, 48.094627975368759 ], [ -1.627441820028147, 48.094628010711979 ], [ -1.627441311405076, 48.094628040142823 ], [ -1.627440802091672, 48.094628063652337 ], [ -1.627440292242454, 48.094628081233409 ], [ -1.627439782012104, 48.09462809288069 ], [ -1.627439271555418, 48.094628098590654 ], [ -1.627438761027262, 48.094628098361568 ], [ -1.627438250582524, 48.094628092193503 ], [ -1.627437740376066, 48.09462808008832 ], [ -1.627437230562678, 48.094628062049708 ], [ -1.62743672129703, 48.094628038083123 ], [ -1.627436212733627, 48.094628008195855 ], [ -1.627435705026761, 48.09462797239695 ], [ -1.627435198330463, 48.094627930697285 ], [ -1.627434692798458, 48.094627883109496 ], [ -1.627434188584117, 48.09462782964804 ], [ -1.627433685840412, 48.094627770329126 ], [ -1.62743318471987, 48.094627705170751 ], [ -1.627432685374524, 48.094627634192676 ], [ -1.627432187955869, 48.094627557416452 ], [ -1.627431692614814, 48.094627474865355 ], [ -1.62743119950164, 48.094627386564433 ], [ -1.62743070876595, 48.094627292540494 ], [ -1.627430220556628, 48.094627192822038 ], [ -1.62742973502179, 48.094627087439328 ], [ -1.62742925230874, 48.094626976424337 ], [ -1.627428772563927, 48.094626859810745 ], [ -1.6274282959329, 48.094626737633945 ], [ -1.627427822560262, 48.09462660993097 ], [ -1.627427352589628, 48.094626476740601 ], [ -1.627426886163581, 48.094626338103211 ], [ -1.627426423423628, 48.094626194060886 ], [ -1.627425964510159, 48.094626044657318 ], [ -1.627425509562402, 48.094625889937838 ], [ -1.627425058718382, 48.094625729949378 ], [ -1.627424612114879, 48.094625564740475 ], [ -1.627424169887387, 48.094625394361266 ], [ -1.627423732170072, 48.094625218863413 ], [ -1.627423299095731, 48.094625038300201 ], [ -1.627422870795753, 48.094624852726398 ], [ -1.627422447400079, 48.094624662198271 ], [ -1.627422029037162, 48.094624466773659 ], [ -1.627421615833927, 48.094624266511836 ], [ -1.627421207915735, 48.094624061473567 ], [ -1.627420805406343, 48.094623851721053 ], [ -1.627420408427867, 48.094623637317923 ], [ -1.627420017100744, 48.094623418329242 ], [ -1.627419631543699, 48.09462319482143 ], [ -1.627419251873703, 48.094622966862318 ], [ -1.627418878205945, 48.094622734521039 ], [ -1.62741851065379, 48.094622497868102 ], [ -1.627418149328748, 48.094622256975292 ], [ -1.627417794340441, 48.094622011915703 ], [ -1.627417445796567, 48.09462176276368 ], [ -1.627417103802871, 48.094621509594802 ], [ -1.627416768463107, 48.094621252485886 ], [ -1.627416439879015, 48.094620991514937 ], [ -1.627416118150281, 48.094620726761121 ], [ -1.627415803374515, 48.094620458304775 ], [ -1.627415495647214, 48.094620186227345 ], [ -1.627415195061741, 48.094619910611357 ], [ -1.627414901709287, 48.094619631540453 ], [ -1.627414615678853, 48.094619349099268 ], [ -1.627414337057217, 48.094619063373521 ], [ -1.627414065928908, 48.094618774449891 ], [ -1.627413802376182, 48.094618482416017 ], [ -1.627194697336458, 48.094446204750021 ] ] ] } },
{ "type": "Feature", "properties": { "Fid": 3.0, "Id_itinéraire": 3.0, "Id_quai": "3", "Couleurs": "#5dbee1", "Sens_de_circulation": "Entrée", "Type_quai": "Encre couleur / Solvant" }, "geometry": { "type": "MultiLineString", "coordinates": [ [ [ -1.629179293871371, 48.094858303615212 ], [ -1.629113002257112, 48.09480692141878 ], [ -1.629108573499351, 48.094807540016291 ], [ -1.62910412935052, 48.094808107240397 ], [ -1.629099671146407, 48.094808622920624 ], [ -1.629095200227027, 48.094809086901954 ], [ -1.629090717936214, 48.094809499044942 ], [ -1.62908622562122, 48.094809859225705 ], [ -1.629081724632313, 48.094810167335986 ], [ -1.629077216322365, 48.094810423283178 ], [ -1.629072702046449, 48.094810626990345 ], [ -1.629068183161434, 48.094810778396258 ], [ -1.629063661025571, 48.094810877455416 ], [ -1.62905913699809, 48.094810924138045 ], [ -1.629054612438787, 48.094810918430106 ], [ -1.629050088707622, 48.094810860333325 ], [ -1.629045567164303, 48.094810749865154 ], [ -1.629041049167882, 48.094810587058802 ], [ -1.629036536076342, 48.094810371963199 ], [ -1.629032029246196, 48.09481010464301 ], [ -1.629027530032073, 48.094809785178562 ], [ -1.629023039786311, 48.094809413665885 ], [ -1.629018559858556, 48.094808990216656 ], [ -1.629014091595349, 48.094808514958139 ], [ -1.629009636339728, 48.094807988033175 ], [ -1.629005195430819, 48.094807409600165 ], [ -1.629000770203438, 48.094806779832943 ], [ -1.628996361987686, 48.094806098920813 ], [ -1.62899197210855, 48.094805367068432 ], [ -1.628987601885508, 48.094804584495783 ], [ -1.628983252632128, 48.094803751438057 ], [ -1.628978925655675, 48.094802868145663 ], [ -1.628974622256721, 48.094801934884103 ], [ -1.628970343728746, 48.09480095193387 ], [ -1.62896609135776, 48.094799919590415 ], [ -1.628961866421907, 48.094798838164017 ], [ -1.628957670191088, 48.094797707979744 ], [ -1.628953503926572, 48.09479652937727 ], [ -1.628949368880625, 48.094795302710871 ], [ -1.628945266296127, 48.094794028349227 ], [ -1.628941197406202, 48.094792706675371 ], [ -1.628937163433847, 48.094791338086573 ], [ -1.628933165591561, 48.094789922994188 ], [ -1.628929205080987, 48.094788461823541 ], [ -1.628925283092544, 48.094786955013809 ], [ -1.628921400805074, 48.094785403017916 ], [ -1.628917559385485, 48.094783806302324 ], [ -1.628913759988404, 48.094782165346977 ], [ -1.628910003755822, 48.09478048064507 ], [ -1.628906291816761, 48.094778752703 ], [ -1.628902625286928, 48.094776982040123 ], [ -1.628899005268379, 48.094775169188644 ], [ -1.628895432849192, 48.094773314693455 ], [ -1.628891909103139, 48.094771419111972 ], [ -1.62888843508936, 48.094769483013934 ], [ -1.628885011852047, 48.094767506981277 ], [ -1.628881640420133, 48.094765491607937 ], [ -1.628878321806976, 48.094763437499687 ], [ -1.628875057010059, 48.094761345273923 ], [ -1.628871847010692, 48.094759215559506 ], [ -1.62886869277371, 48.094757048996563 ], [ -1.628865595247191, 48.094754846236299 ], [ -1.628862555362166, 48.094752607940791 ], [ -1.62885957403234, 48.094750334782823 ], [ -1.62885665215382, 48.094748027445618 ], [ -1.62885379060484, 48.094745686622716 ], [ -1.628850990245504, 48.09474331301768 ], [ -1.628848251917523, 48.094740907343954 ], [ -1.628845576443963, 48.094738470324607 ], [ -1.628842964628997, 48.094736002692144 ], [ -1.628038338666447, 48.094125463672469 ], [ -1.627983750723076, 48.094083975819281 ], [ -1.627978932659089, 48.094083542863288 ], [ -1.627974126462104, 48.094083054600226 ], [ -1.627969333555175, 48.094082511174655 ], [ -1.627964555357417, 48.094081912747463 ], [ -1.627959793283594, 48.094081259495859 ], [ -1.627955048743692, 48.094080551613246 ], [ -1.627950323142509, 48.094079789309227 ], [ -1.627945617879233, 48.094078972809491 ], [ -1.627940934347031, 48.094078102355809 ], [ -1.627936273932635, 48.094077178205886 ], [ -1.627931638015934, 48.094076200633367 ], [ -1.627927027969561, 48.094075169927692 ], [ -1.627922445158491, 48.094074086394031 ], [ -1.627917890939635, 48.094072950353194 ], [ -1.627913366661438, 48.094071762141567 ], [ -1.627908873663479, 48.09407052211094 ], [ -1.627904413276075, 48.094069230628477 ], [ -1.62789998681989, 48.094067888076559 ], [ -1.627895595605539, 48.094066494852697 ], [ -1.627891240933204, 48.094065051369398 ], [ -1.627886924092246, 48.09406355805406 ], [ -1.627882646360824, 48.094062015348818 ], [ -1.62787840900552, 48.094060423710459 ], [ -1.62787421328096, 48.094058783610244 ], [ -1.627870060429442, 48.094057095533756 ], [ -1.627865951680571, 48.094055359980842 ], [ -1.627861888250895, 48.094053577465345 ], [ -1.627857871343541, 48.094051748515042 ], [ -1.627853902147863, 48.094049873671466 ], [ -1.627849981839089, 48.094047953489721 ], [ -1.627846111577971, 48.094045988538355 ], [ -1.627842292510441, 48.094043979399139 ], [ -1.627838525767278, 48.094041926666968 ], [ -1.627834812463763, 48.094039830949605 ], [ -1.627831153699357, 48.094037692867587 ], [ -1.627827550557373, 48.094035513053925 ], [ -1.627824004104655, 48.094033292154073 ], [ -1.627820515391259, 48.09403103082559 ], [ -1.627817085450149, 48.094028729738 ], [ -1.627813715296886, 48.094026389572633 ], [ -1.627810405929327, 48.094024011022391 ], [ -1.627807158327334, 48.094021594791506 ], [ -1.627803973452478, 48.094019141595396 ], [ -1.62780085224776, 48.094016652160413 ], [ -1.627763962944119, 48.093987568866332 ] ] ] } },
{ "type": "Feature", "properties": { "Fid": 7.0, "Id_itinéraire": 5.0, "Id_quai": "5", "Couleurs": "#e74698", "Sens_de_circulation": "Entrée", "Type_quai": "Expéditions / Camions" }, "geometry": { "type": "MultiLineString", "coordinates": [ [ [ -1.629179293871371, 48.094858303615212 ], [ -1.629113002257112, 48.09480692141878 ], [ -1.629108573499351, 48.094807540016291 ], [ -1.62910412935052, 48.094808107240397 ], [ -1.629099671146407, 48.094808622920624 ], [ -1.629095200227027, 48.094809086901954 ], [ -1.629090717936214, 48.094809499044942 ], [ -1.62908622562122, 48.094809859225705 ], [ -1.629081724632313, 48.094810167335986 ], [ -1.629077216322365, 48.094810423283178 ], [ -1.629072702046449, 48.094810626990345 ], [ -1.629068183161434, 48.094810778396258 ], [ -1.629063661025571, 48.094810877455416 ], [ -1.62905913699809, 48.094810924138045 ], [ -1.629054612438787, 48.094810918430106 ], [ -1.629050088707622, 48.094810860333325 ], [ -1.629045567164303, 48.094810749865154 ], [ -1.629041049167882, 48.094810587058802 ], [ -1.629036536076342, 48.094810371963199 ], [ -1.629032029246196, 48.09481010464301 ], [ -1.629027530032073, 48.094809785178562 ], [ -1.629023039786311, 48.094809413665885 ], [ -1.629018559858556, 48.094808990216656 ], [ -1.629014091595349, 48.094808514958139 ], [ -1.629009636339728, 48.094807988033175 ], [ -1.629005195430819, 48.094807409600165 ], [ -1.629000770203438, 48.094806779832943 ], [ -1.628996361987686, 48.094806098920813 ], [ -1.62899197210855, 48.094805367068432 ], [ -1.628987601885508, 48.094804584495783 ], [ -1.628983252632128, 48.094803751438057 ], [ -1.628978925655675, 48.094802868145663 ], [ -1.628974622256721, 48.094801934884103 ], [ -1.628970343789078, 48.094800951947732 ], [ -1.628967228988243, 48.094800565396149 ], [ -1.628964103596853, 48.094800214939454 ], [ -1.62896096955976, 48.094799900807736 ], [ -1.62895782782331, 48.094799623095831 ], [ -1.628954679336173, 48.094799381887604 ], [ -1.628951525049056, 48.094799177255879 ], [ -1.628948365914418, 48.094799009262466 ], [ -1.628945202886183, 48.094798877958077 ], [ -1.62894203691945, 48.094798783382359 ], [ -1.628938868970204, 48.094798725563876 ], [ -1.628935699995031, 48.094798704520095 ], [ -1.628932530950824, 48.094798720257359 ], [ -1.6289293627945, 48.094798772770915 ], [ -1.628926196482705, 48.094798862044911 ], [ -1.628923032971531, 48.094798988052396 ], [ -1.62891987321622, 48.094799150755307 ], [ -1.628916718170884, 48.094799350104523 ], [ -1.628913568788212, 48.094799586039841 ], [ -1.628910426019181, 48.094799858490028 ], [ -1.628907290812774, 48.094800167372817 ], [ -1.628904164115687, 48.094800512594915 ], [ -1.628901046872049, 48.094800894052106 ], [ -1.628897940023135, 48.094801311629205 ], [ -1.628894844507078, 48.094801765200096 ], [ -1.628891761258593, 48.094802254627844 ], [ -1.628888691208688, 48.094802779764649 ], [ -1.628885635284385, 48.094803340451939 ], [ -1.628882594408444, 48.094803936520428 ], [ -1.628879569499078, 48.094804567790106 ], [ -1.62887656146968, 48.094805234070364 ], [ -1.628873571228546, 48.094805935160011 ], [ -1.628870599678601, 48.094806670847348 ], [ -1.628867647717124, 48.09480744091023 ], [ -1.628864716235482, 48.094808245116113 ], [ -1.628861806118856, 48.094809083222195 ], [ -1.628858918245977, 48.094809954975368 ], [ -1.628856053488858, 48.094810860112418 ], [ -1.628853212712533, 48.09481179836002 ], [ -1.628850396774795, 48.094812769434867 ], [ -1.628847606525936, 48.094813773043725 ], [ -1.628844842808491, 48.094814808883562 ], [ -1.628842106456985, 48.094815876641583 ], [ -1.628839398297678, 48.094816975995379 ], [ -1.628836719148318, 48.094818106612976 ], [ -1.628834069817893, 48.094819268152996 ], [ -1.628831451106388, 48.094820460264678 ], [ -1.62882886380454, 48.094821682588069 ], [ -1.628826308693605, 48.09482293475407 ], [ -1.628302497702772, 48.095058658513487 ], [ -1.628299746656219, 48.095059772842745 ], [ -1.62829696711325, 48.095060855166921 ], [ -1.628294159908462, 48.095061905161018 ], [ -1.628291325884758, 48.095062922509769 ], [ -1.628288465893094, 48.095063906907697 ], [ -1.628285580792222, 48.095064858059239 ], [ -1.628282671448435, 48.095065775678783 ], [ -1.628279738735304, 48.095066659490826 ], [ -1.628276783533418, 48.095067509229956 ], [ -1.628273806730117, 48.095068324641062 ], [ -1.628270809219229, 48.095069105479297 ], [ -1.6282677919008, 48.095069851510189 ], [ -1.62826475568082, 48.095070562509768 ], [ -1.628261701470958, 48.095071238264509 ], [ -1.628258630188284, 48.095071878571531 ], [ -1.628255542754994, 48.095072483238582 ], [ -1.628252440098132, 48.095073052084075 ], [ -1.628249323149316, 48.095073584937225 ], [ -1.628246192844454, 48.095074081638039 ], [ -1.628243050123463, 48.095074542037366 ], [ -1.628239895929989, 48.095074965996979 ], [ -1.628236731211125, 48.095075353389575 ], [ -1.628233556917121, 48.095075704098825 ], [ -1.628230374001103, 48.095076018019434 ], [ -1.628227183418788, 48.09507629505714 ], [ -1.628223986128193, 48.095076535128761 ], [ -1.628220783089349, 48.095076738162199 ], [ -1.628217575264014, 48.095076904096523 ], [ -1.628214363615383, 48.095077032881882 ], [ -1.628211149107798, 48.095077124479609 ], [ -1.62820793270646, 48.095077178862212 ], [ -1.62820471537714, 48.095077196013342 ], [ -1.628201498085886, 48.095077175927877 ], [ -1.628198281798735, 48.095077118611833 ], [ -1.628195067481423, 48.095077024082414 ], [ -1.628191856099094, 48.095076892368013 ], [ -1.62818864861601, 48.095076723508186 ], [ -1.628185445995264, 48.095076517553608 ], [ -1.628182249198487, 48.095076274566146 ], [ -1.628179059185564, 48.095075994618746 ], [ -1.62817587691434, 48.095075677795478 ], [ -1.628172703340337, 48.095075324191463 ], [ -1.628169539416466, 48.095074933912855 ], [ -1.628166386092739, 48.095074507076895 ], [ -1.628163244315986, 48.095074043811685 ], [ -1.628160115029571, 48.095073544256358 ], [ -1.628156999173104, 48.095073008560909 ], [ -1.628153897682167, 48.095072436886177 ], [ -1.628150811488026, 48.095071829403828 ], [ -1.628147741517354, 48.095071186296259 ], [ -1.628144688691952, 48.095070507756567 ], [ -1.628141653928475, 48.095069793988493 ], [ -1.628138638138154, 48.095069045206365 ], [ -1.628135642226522, 48.095068261635006 ], [ -1.628132667093143, 48.095067443509684 ], [ -1.628129713631344, 48.095066591076062 ], [ -1.628126782727943, 48.095065704590091 ], [ -1.628123875262985, 48.095064784317941 ], [ -1.628120992109477, 48.095063830535956 ], [ -1.628118134133127, 48.095062843530499 ], [ -1.628115302192083, 48.095061823597938 ], [ -1.628112497136674, 48.09506077104453 ], [ -1.62810971980916, 48.095059686186303 ], [ -1.62810697104347, 48.095058569349 ], [ -1.62810425166496, 48.095057420867981 ], [ -1.628101562490164, 48.095056241088074 ], [ -1.628098904326542, 48.095055030363518 ], [ -1.628096277972247, 48.095053789057864 ], [ -1.628093684215878, 48.095052517543827 ], [ -1.628091123836247, 48.095051216203188 ], [ -1.628088597602144, 48.09504988542669 ], [ -1.628086106272107, 48.095048525613926 ], [ -1.627747545509739, 48.094841600702019 ], [ -1.627741882312975, 48.094837787255457 ], [ -1.627736123672908, 48.094834038111912 ], [ -1.627730271226055, 48.094830354336857 ], [ -1.627724326635597, 48.094826736977168 ], [ -1.627718291590896, 48.094823187060875 ], [ -1.627712167807024, 48.094819705596805 ], [ -1.627705957024267, 48.094816293574368 ], [ -1.62769966100764, 48.09481295196322 ], [ -1.627693281546374, 48.094809681713002 ], [ -1.627686820453418, 48.094806483753096 ], [ -1.62768027956492, 48.094803358992323 ], [ -1.627673660739701, 48.09480030831871 ], [ -1.627666965858734, 48.094797332599228 ], [ -1.627660196824604, 48.094794432679535 ], [ -1.62765335556097, 48.094791609383762 ], [ -1.627646444012016, 48.094788863514268 ], [ -1.627639464141903, 48.094786195851384 ], [ -1.627632417934206, 48.094783607153246 ], [ -1.627625307391352, 48.094781098155536 ], [ -1.62761813453405, 48.094778669571291 ], [ -1.627610901400722, 48.094776322090674 ], [ -1.627603610046915, 48.094774056380828 ], [ -1.627596262544724, 48.094771873085627 ], [ -1.627588860982199, 48.094769772825558 ], [ -1.627581407462755, 48.094767756197498 ], [ -1.62757390410457, 48.094765823774544 ], [ -1.627566353039987, 48.09476397610586 ], [ -1.627558756414907, 48.094762213716557 ], [ -1.627551116388177, 48.094760537107476 ], [ -1.627393813392454, 48.094730671540411 ], [ -1.627387191049716, 48.094729717576513 ], [ -1.627380594023763, 48.09472868833334 ], [ -1.627374024232742, 48.094727584110117 ], [ -1.62736748358688, 48.094726405227924 ], [ -1.627360973987932, 48.094725152029518 ], [ -1.627354497328624, 48.094723824879267 ], [ -1.627348055492104, 48.094722424163066 ], [ -1.627341650351397, 48.094720950288171 ], [ -1.627335283768856, 48.094719403683108 ], [ -1.627328957595626, 48.094717784797574 ], [ -1.6273226736711, 48.094716094102253 ], [ -1.627316433822386, 48.094714332088742 ], [ -1.62731023986378, 48.094712499269335 ], [ -1.627304093596233, 48.094710596176959 ], [ -1.627297996806828, 48.094708623364937 ], [ -1.627291951268264, 48.094706581406854 ], [ -1.627285958738338, 48.094704470896453 ], [ -1.627280020959433, 48.094702292447352 ], [ -1.627274139658015, 48.094700046692964 ], [ -1.627268316544125, 48.094697734286243 ], [ -1.627262553310889, 48.094695355899525 ], [ -1.62725685163402, 48.094692912224367 ], [ -1.627251213171334, 48.094690403971263 ], [ -1.627245639562267, 48.0946878318695 ], [ -1.627240132427396, 48.094685196666923 ], [ -1.627234693367973, 48.09468249912976 ], [ -1.627229323965455, 48.094679740042309 ], [ -1.626002158612959, 48.093712045860066 ], [ -1.625996231069502, 48.093707920001265 ], [ -1.625990410311024, 48.093703726866785 ], [ -1.625984698048832, 48.093699467689376 ], [ -1.625979095962334, 48.093695143721241 ], [ -1.625973605698548, 48.093690756233606 ], [ -1.625968228871614, 48.093686306516382 ], [ -1.625962967062325, 48.093681795877757 ], [ -1.625957821817654, 48.093677225643873 ], [ -1.625952794650308, 48.093672597158346 ], [ -1.625947887038276, 48.093667911781949 ], [ -1.625943100424402, 48.093663170892164 ], [ -1.625938436215951, 48.093658375882804 ], [ -1.625933895784204, 48.093653528163586 ], [ -1.625929480464052, 48.09364862915973 ], [ -1.625925191553602, 48.093643680311537 ], [ -1.625921030313795, 48.093638683073955 ], [ -1.62591699796804, 48.09363363891616 ], [ -1.625913095701848, 48.09362854932111 ], [ -1.625909324662489, 48.09362341578516 ], [ -1.625905685958651, 48.093618239817552 ], [ -1.625902180660115, 48.093613022940005 ], [ -1.625898809797441, 48.09360776668629 ], [ -1.625895574361665, 48.09360247260171 ], [ -1.625892475304008, 48.093597142242743 ], [ -1.625889513535593, 48.093591777176485 ], [ -1.625886689927184, 48.09358637898027 ], [ -1.625884005308923, 48.093580949241165 ], [ -1.62588146047009, 48.093575489555505 ], [ -1.625879056158869, 48.09357000152842 ], [ -1.625876793082129, 48.093564486773403 ], [ -1.625874671905216, 48.093558946911777 ], [ -1.625872693251757, 48.093553383572271 ], [ -1.625870857703479, 48.093547798390475 ], [ -1.625869165800033, 48.093542193008453 ], [ -1.62586761803884, 48.093536569074175 ], [ -1.625866214874944, 48.093530928241087 ], [ -1.625864956720874, 48.093525272167575 ], [ -1.62586384394653, 48.093519602516523 ], [ -1.625862876879068, 48.093513920954834 ], [ -1.625862055802806, 48.093508229152853 ], [ -1.62586138095914, 48.093502528784008 ], [ -1.625860852546477, 48.093496821524177 ], [ -1.625860470720169, 48.093491109051314 ], [ -1.625860235592474, 48.093485393044872 ], [ -1.625860147232519, 48.093479675185378 ], [ -1.625860205666282, 48.093473957153876 ], [ -1.625860410876583, 48.093468240631481 ], [ -1.625860762803091, 48.09346252729884 ], [ -1.625861261342339, 48.093456818835683 ], [ -1.625861906347757, 48.09345111692032 ], [ -1.625862697629711, 48.093445423229099 ], [ -1.62595190748944, 48.09327571927863 ], [ -1.626026437245669, 48.093174650881991 ], [ -1.626029530845911, 48.09317039641121 ], [ -1.626030069566385, 48.093169709322531 ], [ -1.626031057201597, 48.093168501174894 ], [ -1.626032076078205, 48.093167304656909 ], [ -1.626033125889342, 48.093166120128956 ], [ -1.626034206318824, 48.093164947947798 ], [ -1.626035317041244, 48.09316378846647 ], [ -1.626036457722073, 48.093162642034187 ], [ -1.626037628017758, 48.093161508996232 ], [ -1.626038827575826, 48.093160389693864 ], [ -1.626040056034993, 48.0931592844642 ], [ -1.626041313025267, 48.093158193640114 ], [ -1.626042598168066, 48.093157117550142 ], [ -1.626043911076327, 48.093156056518374 ], [ -1.626045251354626, 48.0931550108644 ], [ -1.626046618599295, 48.093153980903125 ], [ -1.626048012398544, 48.093152966944771 ], [ -1.626049432332586, 48.09315196929473 ], [ -1.626050877973761, 48.09315098825347 ], [ -1.626052348886668, 48.093150024116461 ], [ -1.626053844628294, 48.093149077174083 ], [ -1.626055364748149, 48.093148147711553 ], [ -1.626056908788398, 48.093147236008804 ], [ -1.626058476284006, 48.093146342340425 ], [ -1.62606006676287, 48.093145466975571 ], [ -1.626061679745965, 48.09314461017788 ], [ -1.626063314747491, 48.093143772205423 ], [ -1.626064971275013, 48.093142953310576 ], [ -1.626066648829615, 48.093142153739969 ], [ -1.626068346906048, 48.093141373734426 ], [ -1.62607006499288, 48.09314061352886 ], [ -1.626071802572654, 48.093139873352264 ], [ -1.626073559122044, 48.093139153427536 ], [ -1.626075334112006, 48.093138453971505 ], [ -1.626077127007945, 48.093137775194862 ], [ -1.626078937269874, 48.093137117302021 ], [ -1.626080764352573, 48.09313648049114 ], [ -1.626082607705757, 48.093135864954007 ], [ -1.626084466774241, 48.093135270876012 ], [ -1.626086340998107, 48.093134698436089 ], [ -1.626088229812872, 48.09313414780663 ], [ -1.626090132649658, 48.093133619153512 ], [ -1.626092048935365, 48.093133112635918 ], [ -1.626093978092841, 48.093132628406423 ], [ -1.626095919541059, 48.093132166610857 ], [ -1.626097872695289, 48.093131727388325 ], [ -1.626099836967274, 48.093131310871087 ], [ -1.626101811765413, 48.093130917184624 ], [ -1.626103796494929, 48.093130546447469 ], [ -1.626105790558059, 48.093130198771313 ], [ -1.626107793354226, 48.093129874260853 ], [ -1.626109804280222, 48.09312957301384 ], [ -1.626111822730393, 48.093129295120995 ], [ -1.626113848096818, 48.093129040666007 ], [ -1.626115879769492, 48.093128809725535 ], [ -1.626117917136511, 48.093128602369127 ], [ -1.626119959584256, 48.093128418659226 ], [ -1.62612200649758, 48.093128258651163 ], [ -1.626124057259986, 48.093128122393146 ], [ -1.626126111253824, 48.09312800992619 ], [ -1.626128167860465, 48.093127921284179 ], [ -1.626130226460496, 48.093127856493815 ], [ -1.626132286433905, 48.093127815574611 ], [ -1.626134347160262, 48.093127798538895 ], [ -1.626136408018915, 48.093127805391795 ], [ -1.626138468389169, 48.093127836131231 ], [ -1.626140527650477, 48.093127890747958 ], [ -1.626142585182626, 48.093127969225534 ], [ -1.626144640365924, 48.09312807154032 ], [ -1.626146692581387, 48.093128197661478 ], [ -1.626148741210923, 48.093128347551051 ], [ -1.626150785637522, 48.093128521163877 ], [ -1.626152825245438, 48.09312871844768 ], [ -1.626154859420379, 48.093128939343032 ], [ -1.626156887549685, 48.093129183783411 ], [ -1.626158909022523, 48.093129451695184 ], [ -1.626160923230058, 48.093129742997668 ], [ -1.626162929565648, 48.093130057603119 ], [ -1.62616492742502, 48.0931303954168 ], [ -1.626166916206455, 48.093130756336961 ], [ -1.626168895310966, 48.093131140254876 ], [ -1.626170864142482, 48.093131547054945 ], [ -1.626172822108028, 48.093131976614636 ], [ -1.626174768617897, 48.093132428804573 ], [ -1.626176703085837, 48.093132903488559 ], [ -1.626178624929218, 48.093133400523641 ], [ -1.626180533569217, 48.093133919760085 ], [ -1.626182428430984, 48.093134461041558 ], [ -1.626184308943822, 48.093135024204997 ], [ -1.626186174541352, 48.09313560908079 ], [ -1.626188024661691, 48.093136215492798 ], [ -1.626189858747615, 48.093136843258371 ], [ -1.626191676246729, 48.093137492188433 ], [ -1.626193476611636, 48.093138162087541 ], [ -1.626195259300097, 48.093138852753931 ], [ -1.626197023775197, 48.093139563979584 ], [ -1.62619876950551, 48.093140295550306 ], [ -1.626200495965251, 48.093141047245737 ], [ -1.626202202634441, 48.093141818839484 ], [ -1.626203888999063, 48.093142610099171 ], [ -1.626205554551213, 48.093143420786468 ], [ -1.626207198789256, 48.093144250657218 ], [ -1.626208821217977, 48.093145099461466 ], [ -1.62621042134873, 48.093145966943588 ], [ -1.626211998699582, 48.093146852842288 ], [ -1.626213552795465, 48.093147756890765 ], [ -1.626215083168312, 48.093148678816725 ], [ -1.626216589357202, 48.093149618342501 ], [ -1.626218070908498, 48.093150575185135 ], [ -1.626353111049415, 48.093250314259151 ], [ -1.626383032886215, 48.093272569952042 ] ] ] } },
{ "type": "Feature", "properties": { "Fid": 2.0, "Id_itinéraire": 2.0, "Id_quai": "2", "Couleurs": "#a3d109", "Sens_de_circulation": "Entrée", "Type_quai": "Réception marchandises / magasin maintenance" }, "geometry": { "type": "MultiLineString", "coordinates": [ [ [ -1.629179293871371, 48.094858303615212 ], [ -1.629113002257112, 48.09480692141878 ], [ -1.629108573499351, 48.094807540016291 ], [ -1.62910412935052, 48.094808107240397 ], [ -1.629099671146407, 48.094808622920624 ], [ -1.629095200227027, 48.094809086901954 ], [ -1.629090717936214, 48.094809499044942 ], [ -1.62908622562122, 48.094809859225705 ], [ -1.629081724632313, 48.094810167335986 ], [ -1.629077216322365, 48.094810423283178 ], [ -1.629072702046449, 48.094810626990345 ], [ -1.629068183161434, 48.094810778396258 ], [ -1.629063661025571, 48.094810877455416 ], [ -1.62905913699809, 48.094810924138045 ], [ -1.629054612438787, 48.094810918430106 ], [ -1.629050088707622, 48.094810860333325 ], [ -1.629045567164303, 48.094810749865154 ], [ -1.629041049167882, 48.094810587058802 ], [ -1.629036536076342, 48.094810371963199 ], [ -1.629032029246196, 48.09481010464301 ], [ -1.629027530032073, 48.094809785178562 ], [ -1.629023039786311, 48.094809413665885 ], [ -1.629018559858556, 48.094808990216656 ], [ -1.629014091595349, 48.094808514958139 ], [ -1.629009636339728, 48.094807988033175 ], [ -1.629005195430819, 48.094807409600165 ], [ -1.629000770203438, 48.094806779832943 ], [ -1.628996361987686, 48.094806098920813 ], [ -1.62899197210855, 48.094805367068432 ], [ -1.628987601885508, 48.094804584495783 ], [ -1.628983252632128, 48.094803751438057 ], [ -1.628978925655675, 48.094802868145663 ], [ -1.628974622256721, 48.094801934884103 ], [ -1.628970343728746, 48.09480095193387 ], [ -1.62896609135776, 48.094799919590415 ], [ -1.628961866421907, 48.094798838164017 ], [ -1.628957670191088, 48.094797707979744 ], [ -1.628953503926572, 48.09479652937727 ], [ -1.628949368880625, 48.094795302710871 ], [ -1.628945266296127, 48.094794028349227 ], [ -1.628941197406202, 48.094792706675371 ], [ -1.628937163433847, 48.094791338086573 ], [ -1.628933165591561, 48.094789922994188 ], [ -1.628929205080987, 48.094788461823541 ], [ -1.628925283092544, 48.094786955013809 ], [ -1.628921400805074, 48.094785403017916 ], [ -1.628917559385485, 48.094783806302324 ], [ -1.628913759988404, 48.094782165346977 ], [ -1.628910003755822, 48.09478048064507 ], [ -1.628906291816761, 48.094778752703 ], [ -1.628902625286928, 48.094776982040123 ], [ -1.628899005268379, 48.094775169188644 ], [ -1.628895432849192, 48.094773314693455 ], [ -1.628891909103139, 48.094771419111972 ], [ -1.62888843508936, 48.094769483013934 ], [ -1.628885011852047, 48.094767506981277 ], [ -1.628881640420133, 48.094765491607937 ], [ -1.628878321806976, 48.094763437499687 ], [ -1.628875057010059, 48.094761345273923 ], [ -1.628871847010692, 48.094759215559506 ], [ -1.62886869277371, 48.094757048996563 ], [ -1.628865595247191, 48.094754846236299 ], [ -1.628862555362166, 48.094752607940791 ], [ -1.62885957403234, 48.094750334782823 ], [ -1.62885665215382, 48.094748027445618 ], [ -1.62885379060484, 48.094745686622716 ], [ -1.628850990245504, 48.09474331301768 ], [ -1.628848251917523, 48.094740907343954 ], [ -1.628845576443963, 48.094738470324607 ], [ -1.628842964628997, 48.094736002692144 ], [ -1.628038338666447, 48.094125463672469 ], [ -1.627977851077779, 48.094079566236225 ], [ -1.627746334910067, 48.093896908479238 ], [ -1.627745861326154, 48.093896818567252 ], [ -1.627745390160734, 48.09389672315519 ], [ -1.627744921556982, 48.093896622272062 ], [ -1.627744455657295, 48.093896515948494 ], [ -1.627743992603246, 48.093896404216835 ], [ -1.627743532535545, 48.093896287111001 ], [ -1.627743075593995, 48.093896164666603 ], [ -1.627742621917448, 48.093896036920832 ], [ -1.627742171643762, 48.093895903912518 ], [ -1.627741724909765, 48.09389576568207 ], [ -1.627741281851206, 48.093895622271503 ], [ -1.627740842602719, 48.093895473724373 ], [ -1.627740407297779, 48.093895320085849 ], [ -1.627739976068665, 48.093895161402592 ], [ -1.627739549046414, 48.093894997722842 ], [ -1.627739126360788, 48.093894829096328 ], [ -1.627738708140228, 48.093894655574275 ], [ -1.627738294511822, 48.093894477209453 ], [ -1.627737885601258, 48.093894294056007 ], [ -1.627737481532794, 48.093894106169635 ], [ -1.627737082429215, 48.093893913607424 ], [ -1.627736688411798, 48.093893716427871 ], [ -1.627736299600275, 48.093893514690905 ], [ -1.627735916112794, 48.09389330845783 ], [ -1.627735538065886, 48.093893097791316 ], [ -1.627735165574431, 48.09389288275537 ], [ -1.627734798751618, 48.093892663415339 ], [ -1.627734437708914, 48.093892439837873 ], [ -1.62773408255603, 48.093892212090907 ], [ -1.627733733400889, 48.093891980243669 ], [ -1.627733390349588, 48.093891744366587 ], [ -1.627733053506371, 48.093891504531342 ], [ -1.627732722973597, 48.093891260810821 ], [ -1.627732398851704, 48.093891013279084 ], [ -1.627732081239185, 48.093890762011341 ], [ -1.627731770232554, 48.093890507083955 ], [ -1.627731465926316, 48.093890248574375 ], [ -1.627731168412943, 48.09388998656118 ], [ -1.627730877782841, 48.093889721123965 ], [ -1.627730594124323, 48.093889452343404 ], [ -1.627730317523587, 48.093889180301169 ], [ -1.627730048064684, 48.093888905079922 ], [ -1.627729785829494, 48.093888626763288 ], [ -1.627729530897705, 48.093888345435865 ], [ -1.627729283346783, 48.093888061183108 ], [ -1.627729043251951, 48.093887774091421 ], [ -1.627728810686169, 48.093887484248022 ], [ -1.627728585720106, 48.093887191741018 ], [ -1.627728368422123, 48.093886896659257 ], [ -1.627728158858253, 48.093886599092421 ], [ -1.627727957092174, 48.093886299130936 ], [ -1.627727763185199, 48.093885996865957 ], [ -1.627727577196251, 48.093885692389321 ], [ -1.627727399181846, 48.093885385793556 ], [ -1.627727229196079, 48.093885077171834 ], [ -1.627727067290603, 48.093884766617926 ], [ -1.627726913514617, 48.093884454226206 ], [ -1.627726767914849, 48.093884140091603 ], [ -1.627726630535544, 48.093883824309572 ], [ -1.627726501418447, 48.09388350697607 ], [ -1.627726380602792, 48.093883188187519 ], [ -1.627726268125294, 48.093882868040801 ], [ -1.62772616402013, 48.093882546633196 ], [ -1.627726068318936, 48.093882224062376 ], [ -1.627725981050792, 48.093881900426354 ], [ -1.627725902242216, 48.093881575823481 ], [ -1.627725831917157, 48.093881250352389 ], [ -1.627725770096984, 48.093880924111978 ], [ -1.627725716800484, 48.093880597201391 ], [ -1.62772567204385, 48.093880269719961 ], [ -1.627725635840684, 48.093879941767206 ], [ -1.627725608201987, 48.09387961344278 ], [ -1.627725589136157, 48.093879284846444 ], [ -1.627725578648988, 48.093878956078058 ], [ -1.627725576743667, 48.09387862723753 ], [ -1.627725583420772, 48.093878298424777 ], [ -1.627725598678276, 48.093877969739715 ], [ -1.62772562251154, 48.093877641282234 ], [ -1.627725654913324, 48.093877313152134 ], [ -1.62772569587378, 48.093876985449121 ], [ -1.627725745380463, 48.093876658272791 ], [ -1.627725803418328, 48.093876331722548 ], [ -1.62772586996974, 48.093876005897634 ], [ -1.627725945014475, 48.093875680897042 ], [ -1.627726028529729, 48.093875356819545 ], [ -1.627726120490125, 48.093875033763609 ], [ -1.627726220867717, 48.093874711827418 ], [ -1.627726329632004, 48.093874391108784 ], [ -1.627726446749936, 48.093874071705187 ], [ -1.627726572185923, 48.093873753713666 ], [ -1.627726705901849, 48.093873437230847 ], [ -1.627726847857081, 48.093873122352917 ], [ -1.627726998008483, 48.093872809175537 ], [ -1.627727156310428, 48.093872497793896 ], [ -1.627727322714813, 48.093872188302605 ], [ -1.62772749717107, 48.093871880795703 ], [ -1.627727679626189, 48.093871575366641 ], [ -1.627727870024727, 48.093871272108231 ], [ -1.627728068308824, 48.093870971112622 ], [ -1.62772827441823, 48.093870672471283 ], [ -1.627728488290313, 48.093870376274957 ], [ -1.627728709860082, 48.093870082613648 ], [ -1.627728939060209, 48.093869791576601 ], [ -1.627729175821047, 48.09386950325225 ], [ -1.627729420070649, 48.093869217728205 ], [ -1.627729671734796, 48.093868935091237 ], [ -1.627729930737013, 48.093868655427222 ], [ -1.627730196998597, 48.093868378821156 ], [ -1.627730470438637, 48.093868105357075 ], [ -1.627730750974044, 48.09386783511809 ], [ -1.627731038519569, 48.093867568186305 ], [ -1.627731332987836, 48.093867304642863 ], [ -1.627731634289364, 48.093867044567808 ], [ -1.627731942332596, 48.093866788040202 ], [ -1.627732257023924, 48.093866535137984 ], [ -1.627732578267724, 48.093866285938006 ], [ -1.627732905966379, 48.093866040515991 ], [ -1.627733240020308, 48.093865798946517 ], [ -1.627733580328003, 48.093865561302991 ], [ -1.627733926786053, 48.093865327657625 ], [ -1.627734279289179, 48.093865098081423 ], [ -1.627734637730265, 48.09386487264414 ], [ -1.627735002000391, 48.093864651414286 ], [ -1.627735371988865, 48.093864434459078 ], [ -1.627735747583256, 48.093864221844456 ], [ -1.627736128669433, 48.093864013635013 ], [ -1.627736515131594, 48.093863809894025 ], [ -1.627736906852303, 48.093863610683421 ], [ -1.627737303712527, 48.093863416063698 ], [ -1.627737705591671, 48.09386322609403 ], [ -1.627738112367614, 48.093863040832126 ], [ -1.62773852391675, 48.093862860334283 ], [ -1.627738940114019, 48.093862684655356 ], [ -1.62773936083295, 48.093862513848727 ], [ -1.627739785945698, 48.093862347966294 ], [ -1.627740215323083, 48.09386218705847 ], [ -1.627740648834629, 48.093862031174154 ], [ -1.627741086348603, 48.093861880360713 ], [ -1.627835301637877, 48.093807184563623 ] ] ] } },
{ "type": "Feature", "properties": { "Fid": 1.0, "Id_itinéraire": 1.0, "Id_quai": "1", "Couleurs": "#fbe115", "Sens_de_circulation": "Entrée", "Type_quai": "Courrier" }, "geometry": { "type": "MultiLineString", "coordinates": [ [ [ -1.629179293871371, 48.094858303615212 ], [ -1.629113002257112, 48.09480692141878 ], [ -1.628725249394166, 48.094506375683409 ], [ -1.628723889340419, 48.094505676419978 ], [ -1.628722547644916, 48.094504961510602 ], [ -1.628721224711089, 48.094504231170227 ], [ -1.628719920936726, 48.094503485618468 ], [ -1.628718636713853, 48.094502725079501 ], [ -1.628717372428617, 48.094501949781993 ], [ -1.628716128461171, 48.09450115995908 ], [ -1.628714905185558, 48.094500355848247 ], [ -1.6287137029696, 48.09449953769127 ], [ -1.628712522174786, 48.094498705734168 ], [ -1.628711363156164, 48.094497860227079 ], [ -1.628710226262234, 48.094497001424266 ], [ -1.628709111834845, 48.094496129583938 ], [ -1.628708020209088, 48.094495244968229 ], [ -1.6287069517132, 48.09449434784316 ], [ -1.628705906668463, 48.094493438478459 ], [ -1.628704885389106, 48.094492517147579 ], [ -1.628703888182214, 48.094491584127539 ], [ -1.628702915347632, 48.094490639698876 ], [ -1.628701967177878, 48.094489684145579 ], [ -1.628701043958053, 48.094488717754963 ], [ -1.628700145965756, 48.094487740817613 ], [ -1.628699273471, 48.094486753627272 ], [ -1.628698426736133, 48.094485756480779 ], [ -1.628697606015756, 48.094484749677967 ], [ -1.628696811556646, 48.094483733521542 ], [ -1.628696043597687, 48.094482708317067 ], [ -1.628695302369794, 48.094481674372815 ], [ -1.628694588095842, 48.094480631999666 ], [ -1.628693900990604, 48.094479581511031 ], [ -1.628693241260682, 48.094478523222797 ], [ -1.628692609104448, 48.094477457453173 ], [ -1.628692004711983, 48.094476384522608 ], [ -1.628691428265017, 48.094475304753736 ], [ -1.628690879936882, 48.094474218471213 ], [ -1.62869035989245, 48.094473126001674 ], [ -1.628689868288094, 48.094472027673611 ], [ -1.628689405271629, 48.094470923817262 ], [ -1.62868897098228, 48.094469814764551 ], [ -1.62868856555063, 48.094468700848957 ], [ -1.628688189098587, 48.094467582405407 ], [ -1.628687841739345, 48.094466459770217 ], [ -1.62868752357735, 48.09446533328093 ], [ -1.628687234708269, 48.094464203276281 ], [ -1.62868697521896, 48.094463070096026 ], [ -1.628686745187448, 48.094461934080925 ], [ -1.628686544682901, 48.09446079557253 ], [ -1.628686373765607, 48.094459654913202 ], [ -1.628686232486958, 48.09445851244589 ], [ -1.628686120889436, 48.094457368514149 ], [ -1.628686039006596, 48.094456223461918 ], [ -1.628685986863058, 48.094455077633512 ], [ -1.628685964474502, 48.094453931373458 ], [ -1.62868597184766, 48.094452785026434 ], [ -1.628686008980314, 48.094451638937116 ], [ -1.6286860758613, 48.094450493450118 ], [ -1.628686172470507, 48.094449348909869 ], [ -1.628686298778886, 48.094448205660534 ], [ -1.628686454748458, 48.094447064045845 ], [ -1.628686640332325, 48.094445924409087 ], [ -1.628686855474685, 48.094444787092932 ], [ -1.628687100110848, 48.094443652439352 ], [ -1.628687374167255, 48.094442520789528 ], [ -1.628687677561501, 48.094441392483716 ], [ -1.62868801020236, 48.094440267861188 ], [ -1.628688371989811, 48.094439147260111 ], [ -1.62868876281507, 48.094438031017425 ], [ -1.628689182560622, 48.09443691946877 ], [ -1.628689631100255, 48.094435812948376 ], [ -1.628690108299099, 48.094434711788949 ], [ -1.628690614013668, 48.094433616321602 ], [ -1.628691148091901, 48.094432526875721 ], [ -1.628691710373207, 48.094431443778909 ], [ -1.628692300688517, 48.0944303673568 ], [ -1.628692918860332, 48.094429297933083 ], [ -1.628693564702776, 48.094428235829326 ], [ -1.628694238021653, 48.094427181364864 ], [ -1.628694938614506, 48.094426134856782 ], [ -1.628695666270678, 48.094425096619737 ], [ -1.628696420771371, 48.094424066965921 ], [ -1.628697201889718, 48.094423046204938 ], [ -1.628698009390849, 48.094422034643699 ], [ -1.628698843031958, 48.094421032586396 ], [ -1.628699702562383, 48.094420040334306 ], [ -1.628700587723674, 48.0944190581858 ], [ -1.628701498249677, 48.0944180864362 ], [ -1.628702433866609, 48.094417125377682 ], [ -1.628703394293142, 48.09441617529923 ], [ -1.628704379240492, 48.094415236486533 ], [ -1.628705388412499, 48.094414309221875 ], [ -1.628706421505717, 48.094413393784059 ], [ -1.628707478209512, 48.094412490448342 ], [ -1.628708558206148, 48.094411599486364 ], [ -1.628709661170884, 48.094410721166007 ], [ -1.628710786772076, 48.094409855751394 ], [ -1.62871193467127, 48.094409003502712 ], [ -1.62871310452331, 48.094408164676246 ], [ -1.628714295976439, 48.094407339524203 ], [ -1.628715508672403, 48.094406528294712 ], [ -1.628716742246562, 48.094405731231689 ], [ -1.628717996327997, 48.094404948574791 ], [ -1.628719270539625, 48.094404180559373 ], [ -1.628720564498307, 48.09440342741636 ], [ -1.62872187781497, 48.094402689372195 ], [ -1.628723210094717, 48.09440196664881 ], [ -1.628724560936952, 48.094401259463517 ], [ -1.628725929935495, 48.094400568028973 ], [ -1.628727316678707, 48.094399892553056 ], [ -1.628728720749615, 48.094399233238896 ], [ -1.628730141726034, 48.094398590284733 ], [ -1.628731579180699, 48.094397963883885 ], [ -1.628733032681386, 48.094397354224711 ], [ -1.628734501791047, 48.094396761490522 ], [ -1.628735986067944, 48.094396185859551 ], [ -1.628737485065775, 48.094395627504888 ], [ -1.628738998333813, 48.094395086594403 ], [ -1.628740525417041, 48.094394563290756 ], [ -1.628742065856284, 48.094394057751309 ] ] ] } }
]
}
