{
"type": "FeatureCollection",
"name": "chemin pieton",
"crs": { "type": "name", "properties": { "name": "urn:ogc:def:crs:OGC:1.3:CRS84" } },
"features": [
{ "type": "Feature", "properties": { "ID": 1 }, "geometry": { "type": "MultiLineString", "coordinates": [ [ [ -1.631229136140371, 48.09499560212732 ], [ -1.63124260549997, 48.095044866748133 ], [ -1.631242789165893, 48.095046578543688 ], [ -1.631242928222696, 48.095048292213974 ], [ -1.6312430226283, 48.095050007240445 ], [ -1.63124307235414, 48.09505172310417 ], [ -1.631243077385168, 48.095053439285934 ], [ -1.631243037719862, 48.095055155266444 ], [ -1.631242953370225, 48.095056870526442 ], [ -1.63124282436178, 48.09505858454694 ], [ -1.631242650733562, 48.09506029680928 ], [ -1.631242432538112, 48.095062006795345 ], [ -1.631242169841452, 48.095063713987713 ], [ -1.631241862723071, 48.095065417869797 ], [ -1.631241511275901, 48.095067117926028 ], [ -1.631241115606285, 48.095068813642001 ], [ -1.63124067583395, 48.095070504504591 ], [ -1.631240192091965, 48.09507219000217 ], [ -1.631239664526706, 48.09507386962472 ], [ -1.631239093297809, 48.095075542864016 ], [ -1.631238478578122, 48.095077209213734 ], [ -1.631237820553653, 48.095078868169672 ], [ -1.631237119423512, 48.095080519229832 ], [ -1.631236375399855, 48.095082161894638 ], [ -1.631235588707816, 48.095083795667023 ], [ -1.631234759585438, 48.095085420052641 ], [ -1.631233888283607, 48.095087034559953 ], [ -1.63123297506597, 48.095088638700453 ], [ -1.631232020208855, 48.095090231988713 ], [ -1.631231024001194, 48.095091813942645 ], [ -1.631229986744428, 48.095093384083555 ], [ -1.631228908752421, 48.095094941936338 ], [ -1.631227790351362, 48.095096487029615 ], [ -1.631226631879666, 48.09509801889584 ], [ -1.631225433687877, 48.095099537071505 ], [ -1.631224196138553, 48.095101041097216 ], [ -1.631222919606166, 48.09510253051787 ], [ -1.63122160447698, 48.095104004882792 ], [ -1.631220251148939, 48.095105463745853 ], [ -1.631218860031548, 48.095106906665627 ], [ -1.631217431545743, 48.095108333205488 ], [ -1.631215966123769, 48.095109742933779 ], [ -1.631214464209049, 48.095111135423956 ], [ -1.631212926256045, 48.095112510254637 ], [ -1.631211352730127, 48.095113867009836 ], [ -1.631209744107427, 48.095115205279008 ], [ -1.631208100874698, 48.095116524657207 ], [ -1.631206423529165, 48.095117824745195 ], [ -1.631204712578375, 48.0951191051496 ], [ -1.631202968540045, 48.09512036548297 ], [ -1.631201191941902, 48.09512160536395 ], [ -1.631199383321526, 48.095122824417381 ], [ -1.631197543226187, 48.095124022274348 ], [ -1.63119567221268, 48.09512519857244 ], [ -1.631193770847153, 48.095126352955695 ], [ -1.631191839704939, 48.095127485074826 ], [ -1.631189879370383, 48.095128594587251 ], [ -1.631187890436662, 48.09512968115726 ], [ -1.631185873505606, 48.095130744456064 ], [ -1.631183829187517, 48.095131784161914 ], [ -1.631181758100985, 48.095132799960211 ], [ -1.6311796608727, 48.095133791543596 ], [ -1.631177538137261, 48.095134758612012 ], [ -1.631175390536985, 48.095135700872859 ], [ -1.631173218721715, 48.095136618040996 ], [ -1.631171023348619, 48.095137509838914 ], [ -1.631168805081994, 48.095138375996754 ], [ -1.631166564593065, 48.095139216252413 ], [ -1.63116430255978, 48.095140030351686 ], [ -1.631162019666608, 48.095140818048201 ], [ -1.631159716604328, 48.095141579103618 ], [ -1.631157394069823, 48.095142313287653 ], [ -1.631155052765867, 48.095143020378138 ], [ -1.631152693400916, 48.095143700161138 ], [ -1.631150316688889, 48.095144352430943 ], [ -1.631147923348953, 48.095144976990191 ], [ -1.631145514105309, 48.095145573649894 ], [ -1.63114308968697, 48.09514614222951 ], [ -1.631140650827538, 48.095146682557001 ], [ -1.631138198264988, 48.095147194468851 ], [ -1.631135732741439, 48.095147677810189 ], [ -1.631135731214362, 48.095147678090385 ] ], [ [ -1.630210906960656, 48.093358447293731 ], [ -1.630211455350186, 48.093357583271953 ], [ -1.630212026002115, 48.093356725705746 ], [ -1.630212618746174, 48.093355874850999 ], [ -1.630213233405504, 48.09335503096159 ], [ -1.630213869796707, 48.09335419428929 ], [ -1.6302145277299, 48.093353365083757 ], [ -1.630215207008774, 48.09335254359241 ], [ -1.63021590743065, 48.093351730060355 ], [ -1.630216628786541, 48.093350924730316 ], [ -1.630217370861212, 48.093350127842598 ], [ -1.630218133433248, 48.093349339634969 ], [ -1.630218916275118, 48.093348560342605 ], [ -1.630219719153243, 48.093347790198038 ], [ -1.630220541828065, 48.093347029431044 ], [ -1.630221384054119, 48.093346278268619 ], [ -1.630222245580107, 48.093345536934905 ], [ -1.630223126148974, 48.093344805651078 ], [ -1.63022402549798, 48.093344084635341 ], [ -1.630224943358783, 48.093343374102844 ], [ -1.630225879457518, 48.093342674265564 ], [ -1.630226833514878, 48.093341985332323 ], [ -1.630227805246196, 48.093341307508695 ], [ -1.630228794361535, 48.0933406409969 ], [ -1.630229800565768, 48.09333998599584 ], [ -1.630230823558671, 48.093339342700922 ], [ -1.630231863035009, 48.093338711304099 ], [ -1.63023291868463, 48.093338091993765 ], [ -1.630233990192557, 48.093337484954702 ], [ -1.630235077239079, 48.093336890368043 ], [ -1.630236179499849, 48.093336308411196 ], [ -1.630237296645985, 48.093335739257789 ], [ -1.630238428344156, 48.093335183077656 ], [ -1.630239574256696, 48.093334640036751 ], [ -1.630240734041694, 48.093334110297079 ], [ -1.630241907353101, 48.093333594016741 ], [ -1.630243093840831, 48.093333091349741 ], [ -1.630244293150869, 48.09333260244609 ], [ -1.630245504925371, 48.093332127451639 ], [ -1.630246728802776, 48.093331666508142 ], [ -1.630247964417911, 48.093331219753111 ], [ -1.630249211402102, 48.093330787319857 ], [ -1.630250469383281, 48.093330369337409 ], [ -1.630251737986099, 48.093329965930472 ], [ -1.63025301683204, 48.093329577219428 ], [ -1.630254305539529, 48.093329203320231 ], [ -1.63025560372405, 48.093328844344477 ], [ -1.630256910998259, 48.093328500399259 ], [ -1.6302582269721, 48.093328171587203 ], [ -1.630259551252921, 48.093327858006411 ], [ -1.630260883445591, 48.093327559750456 ], [ -1.63026222315262, 48.093327276908319 ], [ -1.630263569974274, 48.093327009564412 ], [ -1.630264923508697, 48.093326757798479 ], [ -1.630266283352031, 48.093326521685675 ], [ -1.630267649098532, 48.093326301296415 ], [ -1.630269020340701, 48.09332609669648 ], [ -1.630270396669393, 48.093325907946898 ], [ -1.630271777673948, 48.093325735104003 ], [ -1.630273162942312, 48.093325578219357 ], [ -1.630274552061156, 48.093325437339793 ], [ -1.630275944616005, 48.093325312507318 ], [ -1.630277340191355, 48.093325203759186 ], [ -1.630278738370806, 48.093325111127861 ], [ -1.630280138737177, 48.093325034640948 ], [ -1.630281540872635, 48.093324974321298 ], [ -1.630282944358821, 48.09332493018691 ], [ -1.63028434877697, 48.093324902250934 ], [ -1.630285753708043, 48.093324890521721 ], [ -1.630287158732844, 48.093324895002752 ], [ -1.630288563432151, 48.093324915692712 ], [ -1.630289967386839, 48.093324952585419 ], [ -1.630291370178005, 48.093325005669861 ], [ -1.630292771387092, 48.093325074930206 ], [ -1.630294170596018, 48.093325160345785 ], [ -1.630295567387295, 48.093325261891096 ], [ -1.630296961344158, 48.09332537953587 ], [ -1.630298352050686, 48.093325513244984 ], [ -1.63029973909193, 48.09332566297855 ], [ -1.630301122054032, 48.093325828691896 ], [ -1.630302500524354, 48.093326010335574 ], [ -1.630303874091597, 48.093326207855377 ], [ -1.630305242345923, 48.093326421192387 ], [ -1.630306604879083, 48.093326650282933 ], [ -1.630307961284532, 48.093326895058659 ], [ -1.630309311157555, 48.093327155446545 ], [ -1.630310654095385, 48.093327431368898 ], [ -1.630692606649706, 48.093430890374499 ], [ -1.630695650955735, 48.093431473748801 ], [ -1.630698679729239, 48.093432092139984 ], [ -1.630701692067432, 48.093432745363693 ], [ -1.630704687072425, 48.09343343322525 ], [ -1.630707663851498, 48.093434155519617 ], [ -1.630710621517362, 48.093434912031491 ], [ -1.630713559188424, 48.09343570253538 ], [ -1.630716475989054, 48.093436526795664 ], [ -1.630719371049838, 48.093437384566634 ], [ -1.630722243507848, 48.093438275592639 ], [ -1.630725092506889, 48.093439199608071 ], [ -1.630727917197759, 48.093440156337515 ], [ -1.630730716738503, 48.093441145495788 ], [ -1.630733490294661, 48.093442166788051 ], [ -1.630736237039519, 48.093443219909901 ], [ -1.630738956154354, 48.093444304547411 ], [ -1.630741646828681, 48.0934454203773 ], [ -1.630744308260488, 48.093446567066955 ], [ -1.630746939656483, 48.093447744274577 ], [ -1.630749540232326, 48.0934489516493 ], [ -1.630752109212862, 48.093450188831213 ], [ -1.630754645832355, 48.093451455451557 ], [ -1.630757149334715, 48.093452751132787 ], [ -1.630759618973723, 48.093454075488694 ], [ -1.630762054013253, 48.093455428124521 ], [ -1.630764453727492, 48.093456808637107 ], [ -1.630766817401158, 48.093458216614955 ], [ -1.63076914432971, 48.093459651638355 ], [ -1.630771433819561, 48.093461113279602 ], [ -1.630773685188281, 48.093462601102999 ], [ -1.630775897764805, 48.093464114665096 ], [ -1.63077807088963, 48.093465653514713 ], [ -1.630780203915013, 48.093467217193179 ], [ -1.630782296205163, 48.093468805234409 ], [ -1.63078434713643, 48.09347041716503 ], [ -1.630786356097493, 48.093472052504602 ], [ -1.630788322489541, 48.093473710765664 ], [ -1.630790245726451, 48.093475391453929 ], [ -1.630792125234964, 48.09347709406844 ], [ -1.630793960454855, 48.093478818101694 ], [ -1.630795750839099, 48.093480563039812 ], [ -1.630797495854037, 48.093482328362661 ], [ -1.63079919497953, 48.093484113544065 ], [ -1.630800847709122, 48.093485918051918 ], [ -1.630802453550183, 48.093487741348319 ], [ -1.63080401202406, 48.093489582889831 ], [ -1.630805522666217, 48.093491442127522 ], [ -1.630806985026379, 48.093493318507221 ], [ -1.630808398668658, 48.093495211469609 ], [ -1.630809763171691, 48.093497120450486 ], [ -1.63081107812876, 48.093499044880801 ], [ -1.630812343147916, 48.09350098418696 ], [ -1.630813557852093, 48.093502937790916 ], [ -1.630814721879226, 48.093504905110336 ], [ -1.630815834882353, 48.093506885558838 ], [ -1.63081689652972, 48.093508878546096 ], [ -1.630817906504882, 48.093510883478068 ], [ -1.630818864506796, 48.093512899757144 ], [ -1.630819770249911, 48.093514926782319 ], [ -1.63082062346425, 48.093516963949405 ], [ -1.630821423895497, 48.093519010651171 ], [ -1.630822171305067, 48.093521066277567 ], [ -1.630822865470179, 48.093523130215864 ], [ -1.630823506183924, 48.093525201850866 ], [ -1.630824093255324, 48.093527280565091 ], [ -1.63126409233554, 48.094504024303944 ], [ -1.631264206233855, 48.094504562932492 ], [ -1.631264306083813, 48.094505102803083 ], [ -1.631264391855186, 48.094505643752264 ], [ -1.631264463522007, 48.094506185616275 ], [ -1.63126452106258, 48.094506728231089 ], [ -1.631264564459485, 48.094507271432406 ], [ -1.631264593699584, 48.094507815055792 ], [ -1.631264608774025, 48.094508358936679 ], [ -1.631264609678244, 48.094508902910412 ], [ -1.631264596411969, 48.09450944681231 ], [ -1.631264568979214, 48.094509990477704 ], [ -1.631264527388286, 48.094510533742017 ], [ -1.631264471651774, 48.094511076440767 ], [ -1.631264401786553, 48.094511618409676 ], [ -1.631264317813773, 48.094512159484658 ], [ -1.631264219758857, 48.094512699501919 ], [ -1.631264107651489, 48.094513238297971 ], [ -1.631263981525607, 48.094513775709686 ], [ -1.631263841419397, 48.094514311574393 ], [ -1.631263687375272, 48.094514845729847 ], [ -1.631263519439867, 48.09451537801435 ], [ -1.631263337664024, 48.094515908266764 ], [ -1.631263142102773, 48.094516436326543 ], [ -1.631262932815316, 48.094516962033836 ], [ -1.631262709865014, 48.094517485229488 ], [ -1.631262473319362, 48.094518005755113 ], [ -1.631262223249972, 48.094518523453132 ], [ -1.631261959732548, 48.094519038166801 ], [ -1.631261682846868, 48.094519549740312 ], [ -1.631261392676755, 48.094520058018773 ], [ -1.631261089310054, 48.094520562848352 ], [ -1.631260772838607, 48.094521064076169 ], [ -1.631260443358221, 48.094521561550501 ], [ -1.631260100968642, 48.094522055120756 ], [ -1.631259745773525, 48.094522544637506 ], [ -1.6312593778804, 48.094523029952548 ], [ -1.631258997400643, 48.094523510918968 ], [ -1.631258604449439, 48.094523987391149 ], [ -1.631258199145749, 48.094524459224843 ], [ -1.631257781612275, 48.094524926277238 ], [ -1.631257351975419, 48.0945253884069 ], [ -1.631256910365249, 48.094525845473953 ], [ -1.631256456915456, 48.094526297340003 ], [ -1.631255991763317, 48.094526743868279 ], [ -1.631255515049652, 48.094527184923592 ], [ -1.631255026918779, 48.094527620372396 ], [ -1.631254527518474, 48.094528050082893 ], [ -1.631254016999924, 48.094528473924974 ], [ -1.631253495517684, 48.094528891770338 ], [ -1.631252963229624, 48.094529303492486 ], [ -1.631252420296889, 48.094529708966768 ], [ -1.631251866883845, 48.094530108070437 ], [ -1.631251303158032, 48.094530500682673 ], [ -1.631250729290109, 48.094530886684602 ], [ -1.631250145453809, 48.09453126595939 ], [ -1.631249551825882, 48.094531638392198 ], [ -1.631248948586039, 48.094532003870277 ], [ -1.631248335916906, 48.09453236228299 ], [ -1.63124771400396, 48.094532713521843 ], [ -1.631247083035478, 48.094533057480483 ], [ -1.631246443202477, 48.094533394054785 ], [ -1.63124579469866, 48.09453372314286 ], [ -1.631245137720353, 48.09453404464508 ], [ -1.631244472466448, 48.094534358464124 ], [ -1.631243799138342, 48.094534664504963 ], [ -1.631243117939878, 48.094534962674963 ], [ -1.63124242907728, 48.094535252883865 ], [ -1.631241732759092, 48.094535535043789 ], [ -1.631241029196117, 48.094535809069335 ], [ -1.63124031860135, 48.094536074877539 ], [ -1.631239601189914, 48.094536332387925 ], [ -1.631238877178998, 48.09453658152254 ], [ -1.631238146787785, 48.09453682220596 ], [ -1.631237410237395, 48.09453705436534 ], [ -1.631236667750807, 48.094537277930357 ], [ -1.631235919552801, 48.094537492833368 ], [ -1.631235165869885, 48.094537699009287 ], [ -1.631234406930228, 48.094537896395714 ], [ -1.631233642963587, 48.094538084932879 ], [ -1.631232874201246, 48.094538264563717 ], [ -1.631232100875938, 48.094538435233844 ], [ -1.631231323221777, 48.094538596891582 ], [ -1.631230541474189, 48.094538749488009 ], [ -1.631229755869839, 48.094538892976907 ], [ -1.631228966646557, 48.094539027314859 ], [ -1.631228174043273, 48.094539152461181 ] ], [ [ -1.631135731214362, 48.095147678090385 ], [ -1.631133255002934, 48.095148132434744 ], [ -1.63113076579921, 48.095148558204954 ], [ -1.631128265883475, 48.095148954991977 ], [ -1.631125756012177, 48.095149322675773 ], [ -1.631123236944778, 48.095149661145072 ], [ -1.631120709443521, 48.095149970297456 ], [ -1.631118174273201, 48.095150250039374 ], [ -1.631109262562723, 48.095150899252481 ], [ -1.631100335703244, 48.095151447822744 ], [ -1.631091396242512, 48.095151895593602 ], [ -1.631082446731868, 48.095152242437294 ], [ -1.631073489725525, 48.095152488254804 ], [ -1.631064527779832, 48.095152632975982 ], [ -1.631055563452549, 48.095152676559529 ], [ -1.631046599302116, 48.095152618992991 ], [ -1.631037637886923, 48.095152460292823 ], [ -1.631028681764578, 48.095152200504302 ], [ -1.63101973349118, 48.095151839701586 ], [ -1.631010795620585, 48.095151377987619 ], [ -1.631001870703684, 48.095150815494193 ], [ -1.630992961287667, 48.095150152381834 ], [ -1.630984069915304, 48.095149388839801 ], [ -1.630975199124212, 48.095148525086003 ], [ -1.630966351446136, 48.09514756136695 ], [ -1.630957529406224, 48.095146497957671 ], [ -1.630948735522305, 48.095145335161682 ], [ -1.630939972304176, 48.095144073310827 ], [ -1.630931242252878, 48.095142712765238 ], [ -1.630922547859989, 48.095141253913205 ], [ -1.630915415809657, 48.095141428342394 ], [ -1.630908280319887, 48.095141520728191 ], [ -1.63090114350623, 48.095141531043225 ], [ -1.630894007484627, 48.095141459284413 ], [ -1.630886874370786, 48.095141305473035 ], [ -1.630879746279554, 48.095141069654709 ], [ -1.630872625324286, 48.095140751899336 ], [ -1.630865513616223, 48.095140352301122 ], [ -1.630858413263865, 48.095139870978542 ], [ -1.630851326372343, 48.095139308074302 ], [ -1.630844255042799, 48.095138663755293 ], [ -1.63083720137176, 48.095137938212531 ], [ -1.63083016745052, 48.095137131661126 ], [ -1.630823155364514, 48.09513624434021 ], [ -1.630816167192705, 48.095135276512842 ], [ -1.630809205006966, 48.09513422846598 ], [ -1.630802270871466, 48.095133100510324 ], [ -1.630795366842056, 48.095131892980305 ], [ -1.630788494965663, 48.095130606233923 ], [ -1.630781657279678, 48.095129240652689 ], [ -1.63077485581136, 48.095127796641428 ], [ -1.630768092577226, 48.095126274628292 ], [ -1.630761369582458, 48.095124675064504 ], [ -1.630754688820309, 48.095122998424316 ], [ -1.630748052271511, 48.095121245204815 ], [ -1.630741461903685, 48.095119415925787 ], [ -1.630734919670762, 48.095117511129558 ], [ -1.630728427512403, 48.095115531380891 ], [ -1.630721987353419, 48.095113477266715 ], [ -1.630715601103208, 48.095111349396042 ], [ -1.630709270655183, 48.095109148399722 ], [ -1.630702997886213, 48.09510687493033 ], [ -1.630696784656066, 48.095104529661889 ], [ -1.630690632806857, 48.095102113289713 ], [ -1.630684544162505, 48.095099626530207 ], [ -1.630678520528188, 48.095097070120651 ], [ -1.630672563689809, 48.095094444818976 ], [ -1.630666675413469, 48.095091751403501 ], [ -1.63066085744494, 48.095088990672778 ], [ -1.630657545827064, 48.095088383429484 ], [ -1.630654250514708, 48.09508773782823 ], [ -1.630650972503776, 48.095087054064138 ], [ -1.630647712784943, 48.095086332343833 ], [ -1.630644472343354, 48.095085572885445 ], [ -1.630641252158328, 48.095084775918487 ], [ -1.630638053203065, 48.095083941683825 ], [ -1.630634876444345, 48.095083070433567 ], [ -1.630631722842243, 48.095082162431034 ], [ -1.630628593349833, 48.095081217950622 ], [ -1.630625488912905, 48.09508023727777 ], [ -1.630622410469676, 48.095079220708861 ], [ -1.630619358950506, 48.095078168551112 ], [ -1.630616335277619, 48.095077081122511 ], [ -1.630613340364825, 48.095075958751686 ], [ -1.630610375117238, 48.095074801777841 ], [ -1.630607440431012, 48.095073610550628 ], [ -1.630604537193061, 48.095072385430058 ], [ -1.630601666280795, 48.09507112678638 ], [ -1.630598828561856, 48.095069834999975 ], [ -1.630596024893854, 48.095068510461246 ], [ -1.630593256124108, 48.09506715357049 ], [ -1.630590523089389, 48.095065764737775 ], [ -1.630587826615671, 48.095064344382841 ], [ -1.630585167517875, 48.095062892934926 ], [ -1.630582546599631, 48.095061410832699 ], [ -1.630579964653025, 48.095059898524049 ], [ -1.630577422458368, 48.095058356466055 ], [ -1.630574920783959, 48.095056785124726 ], [ -1.630572460385848, 48.095055184974953 ], [ -1.630570042007611, 48.095053556500332 ], [ -1.630567666380126, 48.095051900193013 ], [ -1.63056533422135, 48.095050216553567 ], [ -1.630563046236104, 48.095048506090791 ], [ -1.630560803115859, 48.095046769321648 ], [ -1.630558605538525, 48.095045006770988 ], [ -1.63055645416825, 48.095043218971512 ], [ -1.630554349655216, 48.095041406463508 ], [ -1.630552292635446, 48.095039569794743 ], [ -1.630550283730609, 48.095037709520291 ], [ -1.63054832354783, 48.095035826202363 ], [ -1.630546412679513, 48.095033920410117 ], [ -1.630544551703156, 48.095031992719534 ], [ -1.630542741181181, 48.09503004371318 ], [ -1.630540981660759, 48.095028073980075 ], [ -1.630539273673649, 48.095026084115524 ], [ -1.630537617736036, 48.095024074720889 ], [ -1.630536014348374, 48.095022046403422 ], [ -1.630534463995235, 48.095019999776156 ], [ -1.630532967145165, 48.09501793545757 ], [ -1.630531524250538, 48.095015854071569 ], [ -1.630530135747423, 48.09501375624717 ], [ -1.63052880205545, 48.095011642618388 ], [ -1.630527523577686, 48.095009513823967 ], [ -1.630526300700509, 48.09500737050729 ], [ -1.630525133793495, 48.095005213316107 ], [ -1.630524023209304, 48.095003042902334 ], [ -1.630522969283575, 48.095000859921932 ], [ -1.630521972334823, 48.094998665034609 ], [ -1.630521032664344, 48.094996458903729 ], [ -1.630519189244366, 48.094992524626861 ], [ -1.63051744847806, 48.094988569545869 ], [ -1.630515810891268, 48.094984594855475 ], [ -1.630514276978661, 48.094980601756319 ], [ -1.630512847203593, 48.094976591454596 ], [ -1.630511521997963, 48.094972565161719 ], [ -1.630510301762079, 48.094968524093929 ], [ -1.630509186864543, 48.094964469471904 ], [ -1.630508177642136, 48.094960402520442 ], [ -1.630507274399716, 48.094956324468072 ], [ -1.630506477410129, 48.094952236546646 ], [ -1.630505786914126, 48.094948139991018 ], [ -1.630505203120286, 48.094944036038655 ], [ -1.630504726204957, 48.094939925929239 ], [ -1.630504356312205, 48.094935810904325 ], [ -1.630504093553763, 48.094931692206963 ], [ -1.630503938009004, 48.0949275710813 ], [ -1.630503889724913, 48.094923448772199 ], [ -1.630503948716076, 48.094919326524931 ], [ -1.630504114964674, 48.094915205584698 ], [ -1.630504388420487, 48.094911087196323 ], [ -1.630504769000912, 48.09490697260388 ], [ -1.630505256590984, 48.094902863050265 ], [ -1.630505851043416, 48.094898759776868 ], [ -1.63050655217864, 48.094894664023194 ], [ -1.630507359784862, 48.094890577026455 ], [ -1.630508273618124, 48.094886500021211 ], [ -1.630509293402382, 48.094882434239061 ], [ -1.630510418829587, 48.094878380908135 ], [ -1.630511649559776, 48.094874341252854 ], [ -1.630512985221178, 48.094870316493484 ], [ -1.630514425410326, 48.09486630784582 ], [ -1.630515969692176, 48.094862316520754 ], [ -1.630517617600243, 48.094858343723978 ], [ -1.630519368636736, 48.094854390655563 ], [ -1.630521222272713, 48.094850458509647 ], [ -1.630523177948241, 48.09484654847401 ], [ -1.630525235072562, 48.094842661729793 ], [ -1.630527393024272, 48.094838799451061 ], [ -1.630529651151513, 48.094834962804548 ], [ -1.630532008772162, 48.094831152949176 ], [ -1.630534465174047, 48.094827371035819 ], [ -1.630537019615151, 48.09482361820691 ], [ -1.630539671323848, 48.094819895596068 ], [ -1.630542419499125, 48.094816204327813 ], [ -1.630545263310832, 48.094812545517186 ], [ -1.630548201899928, 48.094808920269422 ], [ -1.630551234378744, 48.094805329679609 ], [ -1.630554359831248, 48.094801774832398 ], [ -1.630557577313324, 48.094798256801603 ], [ -1.630560885853055, 48.094794776649941 ], [ -1.630564284451019, 48.094791335428688 ], [ -1.63056777208059, 48.094787934177347 ], [ -1.630571347688247, 48.094784573923349 ], [ -1.630575010193895, 48.094781255681752 ], [ -1.630578758491185, 48.094777980454928 ], [ -1.630581455821844, 48.094773305803557 ], [ -1.630584031979778, 48.09476860076127 ], [ -1.630586486197882, 48.094763866729082 ], [ -1.630588817745357, 48.094759105116644 ], [ -1.630591025927935, 48.094754317341852 ], [ -1.630593110088083, 48.094749504830318 ], [ -1.630595069605194, 48.094744669015093 ], [ -1.630596903895781, 48.09473981133614 ], [ -1.630598612413643, 48.094734933239934 ], [ -1.630600194650033, 48.094730036179008 ], [ -1.630601650133804, 48.094725121611582 ], [ -1.630602978431554, 48.094720191001073 ], [ -1.630604179147755, 48.094715245815657 ], [ -1.630605251924866, 48.094710287527874 ], [ -1.630606196443445, 48.094705317614171 ], [ -1.63060701242224, 48.094700337554428 ], [ -1.630607699618277, 48.094695348831593 ], [ -1.630608257826928, 48.094690352931124 ], [ -1.630608686881974, 48.094685351340672 ], [ -1.630608986655654, 48.094680345549584 ], [ -1.630609157058705, 48.094675337048429 ], [ -1.630609198040385, 48.094670327328586 ], [ -1.63060910958849, 48.094665317881834 ], [ -1.63060889172936, 48.094660310199828 ], [ -1.630608544527866, 48.09465530577372 ], [ -1.630608068087396, 48.094650306093691 ], [ -1.63060746254982, 48.094645312648495 ], [ -1.63060672809545, 48.094640326925045 ], [ -1.630605864942986, 48.09463535040797 ], [ -1.63060487334945, 48.094630384579112 ], [ -1.630603753610111, 48.094625430917183 ] ], [ [ -1.631135731214362, 48.095147678090385 ], [ -1.631136016225448, 48.095147777573338 ], [ -1.631136475611609, 48.095147944773899 ], [ -1.631136930577612, 48.095148117281632 ], [ -1.631137380986025, 48.095148295044403 ], [ -1.631137826700793, 48.095148478008532 ], [ -1.631138267587279, 48.095148666118746 ], [ -1.631138703512304, 48.095148859318222 ], [ -1.63113913434419, 48.095149057548618 ], [ -1.631139559952793, 48.09514926075002 ], [ -1.631139980209551, 48.095149468861074 ], [ -1.631140394987517, 48.09514968181891 ], [ -1.631140804161398, 48.095149899559189 ], [ -1.631141207607595, 48.09515012201615 ], [ -1.63114160520424, 48.095150349122598 ], [ -1.63114199683123, 48.095150580809921 ], [ -1.631142382370266, 48.09515081700814 ], [ -1.631142761704889, 48.095151057645893 ], [ -1.631143134720514, 48.095151302650521 ], [ -1.631143501304462, 48.095151551947978 ], [ -1.631143861346001, 48.095151805462976 ], [ -1.631144214736372, 48.095152063118945 ], [ -1.631144561368826, 48.09515232483804 ], [ -1.631144901138657, 48.095152590541204 ], [ -1.631145233943231, 48.095152860148183 ], [ -1.631145559682016, 48.095153133577533 ], [ -1.631145878256617, 48.095153410746661 ], [ -1.631146189570802, 48.095153691571852 ], [ -1.631146493530532, 48.095153975968259 ], [ -1.631146790043991, 48.095154263849984 ], [ -1.63114707902161, 48.095154555130065 ], [ -1.631147360376098, 48.095154849720508 ], [ -1.631147634022466, 48.095155147532346 ], [ -1.631147899878053, 48.095155448475595 ], [ -1.631148157862554, 48.095155752459362 ], [ -1.631148407898037, 48.095156059391826 ], [ -1.631148649908976, 48.095156369180252 ], [ -1.631148883822265, 48.095156681731083 ], [ -1.631149109567247, 48.095156996949903 ], [ -1.631149327075731, 48.095157314741492 ], [ -1.631149536282014, 48.095157635009848 ], [ -1.631149737122901, 48.095157957658238 ], [ -1.631149929537724, 48.095158282589189 ], [ -1.63115011346836, 48.095158609704555 ], [ -1.631150288859249, 48.095158938905527 ], [ -1.631150455657412, 48.095159270092665 ], [ -1.631150613812462, 48.095159603165911 ], [ -1.631150763276627, 48.095159938024665 ], [ -1.631150904004758, 48.095160274567782 ], [ -1.631151035954344, 48.095160612693597 ], [ -1.631151159085529, 48.095160952299963 ], [ -1.631151273361117, 48.095161293284306 ], [ -1.63115137874659, 48.095161635543633 ], [ -1.631151475210113, 48.095161978974531 ], [ -1.631151562722548, 48.095162323473282 ], [ -1.63115164125746, 48.095162668935814 ], [ -1.631151710791126, 48.095163015257782 ], [ -1.631151771302541, 48.095163362334567 ], [ -1.631151822773429, 48.095163710061321 ], [ -1.631151865188239, 48.095164058333019 ], [ -1.631151898534161, 48.095164407044443 ], [ -1.631151922801121, 48.095164756090263 ], [ -1.631151937981789, 48.095165105365055 ], [ -1.631151944071579, 48.095165454763297 ], [ -1.631151941068652, 48.095165804179459 ], [ -1.631151928973915, 48.095166153507989 ], [ -1.631151907791022, 48.095166502643359 ], [ -1.63115187752637, 48.095166851480116 ], [ -1.631151838189103, 48.095167199912886 ], [ -1.631151789791103, 48.095167547836397 ], [ -1.631151732346989, 48.095167895145572 ], [ -1.631151665874114, 48.095168241735507 ], [ -1.631151590392556, 48.095168587501483 ], [ -1.631151505925118, 48.095168932339071 ], [ -1.631151412497313, 48.095169276144105 ], [ -1.631151310137363, 48.09516961881274 ], [ -1.631151198876189, 48.095169960241435 ], [ -1.631151078747399, 48.095170300327077 ], [ -1.631150949787281, 48.095170638966941 ], [ -1.631150812034789, 48.095170976058739 ], [ -1.631150665531534, 48.095171311500614 ], [ -1.63115051032177, 48.095171645191265 ], [ -1.631150346452383, 48.095171977029892 ], [ -1.631150173972871, 48.09517230691624 ], [ -1.631149992935336, 48.095172634750689 ], [ -1.631149803394464, 48.095172960434184 ], [ -1.631149605407509, 48.095173283868363 ], [ -1.631149399034277, 48.095173604955505 ], [ -1.631149184337108, 48.095173923598651 ], [ -1.631148961380855, 48.095174239701514 ], [ -1.631132089399742, 48.095197206572493 ], [ -1.631114703817336, 48.095220001922357 ], [ -1.63109680854096, 48.095242620628191 ], [ -1.631078407592484, 48.095265057606809 ], [ -1.631076572259522, 48.095266702111175 ], [ -1.631074779254404, 48.095268367314937 ], [ -1.631073029100367, 48.095270052732197 ], [ -1.631071322308141, 48.095271757871103 ], [ -1.631069659375805, 48.095273482234028 ], [ -1.631068040788636, 48.095275225317792 ], [ -1.631066467018974, 48.095276986613719 ], [ -1.631064938526075, 48.09527876560783 ], [ -1.631063455755987, 48.095280561780967 ], [ -1.631062019141412, 48.095282374608971 ], [ -1.631060629101586, 48.095284203562819 ], [ -1.631059286042149, 48.09528604810879 ], [ -1.631057990355036, 48.095287907708574 ], [ -1.631056742418354, 48.095289781819531 ], [ -1.631055542596278, 48.095291669894749 ], [ -1.631054391238941, 48.095293571383245 ], [ -1.631053288682333, 48.095295485730126 ], [ -1.631052235248202, 48.095297412376723 ], [ -1.631051231243964, 48.09529935076084 ], [ -1.631050276962607, 48.095301300316777 ], [ -1.631049372682611, 48.095303260475639 ], [ -1.631048518667862, 48.095305230665382 ], [ -1.631047715167582, 48.095307210311084 ], [ -1.631046962416248, 48.095309198835032 ], [ -1.631046260633527, 48.09531119565694 ], [ -1.631045610024217, 48.095313200194084 ], [ -1.631045010778177, 48.095315211861504 ], [ -1.631044463070279, 48.095317230072148 ], [ -1.631043967060358, 48.095319254237062 ], [ -1.631043522893158, 48.095321283765543 ], [ -1.631043130698297, 48.095323318065354 ] ], [ [ -1.630608459065792, 48.0945911472364 ], [ -1.630692696766865, 48.094577443157334 ] ], [ [ -1.630608459065792, 48.0945911472364 ], [ -1.630608072922661, 48.09459117807075 ], [ -1.630607686026144, 48.094591204416538 ], [ -1.630607298502235, 48.094591226265074 ], [ -1.630606910468109, 48.094591243609756 ], [ -1.630606522041097, 48.094591256445327 ], [ -1.630606133338649, 48.094591264767921 ], [ -1.630605744478295, 48.094591268575023 ], [ -1.630605355577619, 48.094591267865475 ], [ -1.630604966754211, 48.094591262639497 ], [ -1.630604578125641, 48.094591252898653 ], [ -1.630604189809418, 48.094591238645904 ], [ -1.63060380192296, 48.094591219885565 ], [ -1.630603414583552, 48.094591196623291 ], [ -1.630603027908313, 48.094591168866117 ], [ -1.630602642014164, 48.094591136622455 ], [ -1.630602257017788, 48.094591099902047 ], [ -1.630601873035598, 48.094591058715977 ], [ -1.630601490183697, 48.094591013076716 ], [ -1.630601108577851, 48.094590962998062 ], [ -1.630600728333445, 48.094590908495157 ], [ -1.630600349565455, 48.094590849584485 ], [ -1.630599972388409, 48.094590786283852 ], [ -1.630599596916356, 48.094590718612402 ], [ -1.630599223262826, 48.094590646590596 ], [ -1.630598851540803, 48.094590570240207 ], [ -1.630598481862684, 48.094590489584334 ], [ -1.63059811434025, 48.094590404647349 ], [ -1.630597749084629, 48.094590315454944 ], [ -1.630597386206264, 48.094590222034078 ], [ -1.630597025814879, 48.094590124413024 ], [ -1.630596668019446, 48.094590022621269 ], [ -1.630596312928152, 48.094589916689614 ], [ -1.630595960648367, 48.09458980665007 ], [ -1.630595611286611, 48.094589692535926 ], [ -1.630595264948519, 48.094589574381686 ], [ -1.630594921738815, 48.094589452223069 ], [ -1.630594581761277, 48.094589326097015 ], [ -1.630594245118703, 48.094589196041667 ], [ -1.630593911912884, 48.094589062096347 ], [ -1.630593582244573, 48.094588924301547 ], [ -1.630593256213452, 48.094588782698942 ], [ -1.630592933918103, 48.094588637331341 ], [ -1.63059261545598, 48.094588488242699 ], [ -1.630592300923376, 48.094588335478122 ], [ -1.630591990415397, 48.094588179083765 ], [ -1.630591684025932, 48.094588019106929 ], [ -1.630591381847624, 48.094587855595996 ], [ -1.630591083971843, 48.094587688600399 ], [ -1.630590790488659, 48.094587518170634 ], [ -1.630590501486812, 48.094587344358231 ], [ -1.630590217053689, 48.094587167215757 ], [ -1.630589937275294, 48.09458698679677 ], [ -1.630589662236223, 48.094586803155813 ], [ -1.630589392019642, 48.094586616348415 ], [ -1.630589126707256, 48.094586426431086 ], [ -1.630588866379286, 48.094586233461229 ], [ -1.630588611114451, 48.094586037497194 ], [ -1.630588360989934, 48.094585838598235 ], [ -1.630588116081366, 48.094585636824497 ], [ -1.6305878764628, 48.09458543223699 ], [ -1.63058764220669, 48.094585224897571 ], [ -1.630587413383868, 48.094585014868947 ], [ -1.630587190063525, 48.094584802214612 ], [ -1.630586972313185, 48.094584586998877 ], [ -1.630586760198691, 48.0945843692868 ], [ -1.630586553784179, 48.094584149144225 ], [ -1.630586353132063, 48.094583926637711 ], [ -1.630586158303016, 48.094583701834544 ], [ -1.630585969355947, 48.094583474802683 ], [ -1.630585786347989, 48.094583245610799 ], [ -1.630585609334479, 48.09458301432818 ], [ -1.63058543836894, 48.094582781024755 ] ], [ [ -1.630575937281429, 48.094596437992188 ], [ -1.630608459065792, 48.0945911472364 ] ], [ [ -1.630608459065792, 48.0945911472364 ], [ -1.630608459074798, 48.094591147235683 ], [ -1.630608143261479, 48.094591210144195 ], [ -1.630607829124903, 48.094591276692455 ], [ -1.630607516759099, 48.094591346860589 ], [ -1.630607206257566, 48.094591420627573 ], [ -1.630606897713241, 48.094591497971329 ], [ -1.630606591218481, 48.094591578868716 ], [ -1.630606286865024, 48.094591663295496 ], [ -1.630605984743971, 48.094591751226417 ], [ -1.630605684945753, 48.094591842635161 ], [ -1.630605387560107, 48.094591937494357 ], [ -1.630605092676045, 48.094592035775626 ], [ -1.630604800381833, 48.094592137449531 ], [ -1.630604510764962, 48.094592242485646 ], [ -1.63060422391212, 48.094592350852537 ], [ -1.630603939909167, 48.094592462517767 ], [ -1.630603658841113, 48.094592577447905 ], [ -1.630603380792086, 48.094592695608561 ], [ -1.630603105845314, 48.094592816964351 ], [ -1.630602834083093, 48.094592941478965 ], [ -1.630602565586768, 48.094593069115135 ], [ -1.630602300436706, 48.094593199834641 ], [ -1.630602038712271, 48.094593333598375 ], [ -1.630601780491804, 48.094593470366277 ], [ -1.630601525852596, 48.094593610097419 ], [ -1.630601274870865, 48.094593752749979 ], [ -1.630601027621736, 48.094593898281261 ], [ -1.630600784179215, 48.094594046647693 ], [ -1.630600544616171, 48.094594197804888 ], [ -1.630600309004309, 48.094594351707578 ], [ -1.630600077414154, 48.094594508309697 ], [ -1.630599849915026, 48.09459466756438 ], [ -1.630599626575019, 48.094594829423961 ], [ -1.630599407460985, 48.094594993839998 ], [ -1.630599192638508, 48.094595160763255 ], [ -1.63059898217189, 48.09459533014379 ], [ -1.630598776124129, 48.094595501930876 ], [ -1.630598574556898, 48.094595676073126 ], [ -1.630598377530531, 48.094595852518403 ], [ -1.630598185104002, 48.094596031213889 ], [ -1.630597997334909, 48.094596212106097 ], [ -1.630597814279455, 48.09459639514089 ], [ -1.630597635992433, 48.09459658026347 ], [ -1.630597462527207, 48.09459676741843 ], [ -1.630597293935699, 48.094596956549758 ], [ -1.630597130268373, 48.094597147600837 ], [ -1.630596971574219, 48.094597340514476 ], [ -1.630596817900735, 48.094597535232936 ], [ -1.630596669293921, 48.094597731697931 ], [ -1.630596525798257, 48.094597929850671 ], [ -1.630596387456695, 48.094598129631827 ], [ -1.630596254310643, 48.094598330981604 ], [ -1.630596126399955, 48.094598533839729 ], [ -1.630596003762917, 48.0945987381455 ], [ -1.630595886436238, 48.094598943837738 ], [ -1.630595774455034, 48.094599150854897 ], [ -1.630595667852826, 48.094599359135003 ], [ -1.630595566661522, 48.094599568615713 ], [ -1.630595470911409, 48.094599779234322 ], [ -1.630595380631149, 48.094599990927797 ], [ -1.630595295847764, 48.094600203632758 ], [ -1.630595216586631, 48.094600417285562 ], [ -1.630595142871475, 48.094600631822239 ], [ -1.630595074724361, 48.094600847178576 ], [ -1.630595012165686, 48.094601063290114 ], [ -1.630594955214176, 48.094601280092171 ], [ -1.630594903886877, 48.094601497519839 ], [ -1.630594858199153, 48.094601715508048 ], [ -1.63059481816468, 48.094601933991562 ], [ -1.63059478379544, 48.094602152904962 ], [ -1.63059475510172, 48.094602372182734 ], [ -1.63059473209211, 48.094602591759241 ], [ -1.630594714773497, 48.094602811568748 ], [ -1.630594703151064, 48.094603031545482 ], [ -1.630594697228294, 48.094603251623589 ] ], [ [ -1.630603111929895, 48.094622890010086 ], [ -1.630603753610111, 48.094625430917183 ] ], [ [ -1.630594697228294, 48.094603251623589 ], [ -1.630594814152581, 48.094603436646786 ], [ -1.630594926234547, 48.094603623002016 ], [ -1.630595033440193, 48.094603810632726 ], [ -1.630595135736999, 48.094603999482011 ], [ -1.630595233093935, 48.094604189492586 ], [ -1.630595325481468, 48.09460438060681 ], [ -1.630595412871575, 48.094604572766713 ], [ -1.630595495237746, 48.094604765914013 ], [ -1.630595572554997, 48.094604959990114 ], [ -1.630595644799873, 48.09460515493614 ], [ -1.630603111929895, 48.094622890010093 ] ], [ [ -1.630575599606573, 48.094596503675234 ], [ -1.630575787069777, 48.094596479970605 ], [ -1.630576083436927, 48.094596446054879 ], [ -1.630576380643499, 48.094596415591674 ], [ -1.63057667859934, 48.094596388590261 ], [ -1.630576977214067, 48.094596365058806 ], [ -1.6305772763971, 48.094596345004454 ], [ -1.630577576057685, 48.094596328433298 ], [ -1.630577876104923, 48.094596315350344 ], [ -1.630578176447799, 48.094596305759573 ], [ -1.630578476995207, 48.094596299663905 ], [ -1.63057877765598, 48.094596297065173 ], [ -1.630579078338914, 48.094596297964152 ], [ -1.630579378952804, 48.094596302360607 ], [ -1.630579679406458, 48.094596310253181 ], [ -1.630579979608741, 48.094596321639479 ], [ -1.630580279468587, 48.094596336516055 ], [ -1.630580578895038, 48.094596354878391 ], [ -1.630580877797268, 48.094596376720915 ], [ -1.630581176084606, 48.094596402037006 ], [ -1.630581473666572, 48.094596430818989 ], [ -1.630581770452897, 48.094596463058124 ], [ -1.630582066353555, 48.094596498744643 ], [ -1.630582361278787, 48.094596537867709 ], [ -1.630582655139132, 48.094596580415455 ], [ -1.63058294784545, 48.094596626374972 ], [ -1.630583239308953, 48.09459667573234 ], [ -1.630583529441227, 48.09459672847256 ], [ -1.630583818154266, 48.09459678457965 ], [ -1.630584105360491, 48.094596844036587 ], [ -1.630584390972781, 48.094596906825338 ], [ -1.6305846749045, 48.094596972926858 ], [ -1.63058495706952, 48.094597042321091 ], [ -1.63058523738225, 48.094597114986975 ], [ -1.63058551575766, 48.094597190902483 ], [ -1.630585792111308, 48.094597270044602 ], [ -1.630586066359366, 48.094597352389286 ], [ -1.630586338418643, 48.094597437911595 ], [ -1.630586608206614, 48.094597526585559 ], [ -1.630586875641441, 48.094597618384292 ], [ -1.630587140642001, 48.094597713279953 ], [ -1.63058740312791, 48.094597811243737 ], [ -1.630587663019546, 48.094597912245959 ], [ -1.630587920238072, 48.094598016255944 ], [ -1.630588174705466, 48.094598123242179 ], [ -1.630588426344537, 48.094598233172192 ], [ -1.630588675078954, 48.094598346012624 ], [ -1.630588920833266, 48.094598461729269 ], [ -1.630589163532926, 48.094598580287013 ], [ -1.630589403104314, 48.0945987016499 ], [ -1.630589639474759, 48.094598825781112 ], [ -1.630589872572561, 48.09459895264299 ], [ -1.630590102327012, 48.094599082197064 ], [ -1.630590328668419, 48.09459921440402 ], [ -1.630590551528124, 48.09459934922377 ], [ -1.630590770838525, 48.094599486615415 ], [ -1.630590986533097, 48.094599626537274 ], [ -1.630591198546411, 48.0945997689469 ], [ -1.630591406814155, 48.094599913801098 ], [ -1.630591611273155, 48.094600061055928 ], [ -1.630591811861389, 48.094600210666734 ], [ -1.630592008518012, 48.094600362588118 ], [ -1.63059220118337, 48.094600516774001 ], [ -1.630592389799021, 48.094600673177617 ], [ -1.630592574307749, 48.094600831751514 ], [ -1.630592754653587, 48.094600992447589 ], [ -1.630592930781828, 48.094601155217106 ], [ -1.630593102639047, 48.094601320010689 ], [ -1.630593270173112, 48.094601486778345 ], [ -1.630593433333204, 48.094601655469496 ], [ -1.63059359206983, 48.094601826032957 ], [ -1.630593746334839, 48.094601998416998 ], [ -1.630593896081437, 48.094602172569331 ], [ -1.6305940412642, 48.094602348437142 ], [ -1.630594181839088, 48.094602525967041 ], [ -1.63059431776346, 48.094602705105231 ], [ -1.630594448996084, 48.094602885797315 ], [ -1.630594575497153, 48.094603067988537 ], [ -1.630594697228294, 48.094603251623589 ] ], [ [ -1.630575937281429, 48.094596437992188 ], [ -1.6305761078269, 48.094596403157041 ], [ -1.630576358190848, 48.094596348815301 ], [ -1.630576607099418, 48.094596291568735 ], [ -1.630576854477064, 48.0945962314347 ], [ -1.630577100248706, 48.094596168431465 ], [ -1.630577344339751, 48.094596102578144 ], [ -1.630577586676116, 48.094596033894724 ], [ -1.630577827184249, 48.094595962402046 ], [ -1.630578065791155, 48.094595888121823 ], [ -1.630578302424415, 48.094595811076573 ], [ -1.63057853701221, 48.094595731289708 ], [ -1.63057876948334, 48.094595648785429 ], [ -1.63057899976725, 48.094595563588783 ], [ -1.630579227794047, 48.094595475725626 ], [ -1.630579453494522, 48.094595385222611 ], [ -1.630579676800175, 48.094595292107229 ], [ -1.630579897643231, 48.094595196407731 ], [ -1.630580115956662, 48.09459509815315 ], [ -1.630580331674209, 48.094594997373335 ], [ -1.6305805447304, 48.094594894098847 ], [ -1.630580755060573, 48.09459478836105 ], [ -1.630580962600888, 48.094594680192017 ], [ -1.630581167288358, 48.09459456962459 ], [ -1.630581369060858, 48.094594456692327 ], [ -1.630581567857149, 48.094594341429499 ], [ -1.630581763616895, 48.094594223871098 ], [ -1.630581956280681, 48.094594104052788 ], [ -1.630582145790034, 48.094593982010956 ], [ -1.630582332087435, 48.09459385778262 ], [ -1.630582515116342, 48.094593731405489 ], [ -1.630582694821205, 48.094593602917932 ], [ -1.630582871147481, 48.094593472358937 ], [ -1.630583044041656, 48.094593339768132 ], [ -1.630583213451255, 48.094593205185745 ], [ -1.63058337932486, 48.094593068652649 ], [ -1.630583541612128, 48.094592930210275 ], [ -1.630583700263804, 48.094592789900624 ], [ -1.630583855231735, 48.094592647766298 ], [ -1.630584006468889, 48.094592503850428 ], [ -1.630584153929363, 48.094592358196685 ], [ -1.630584297568403, 48.094592210849299 ], [ -1.630584437342413, 48.094592061852964 ], [ -1.630584573208971, 48.094591911252927 ], [ -1.63058470512684, 48.094591759094875 ], [ -1.630584833055983, 48.094591605425009 ], [ -1.630584956957572, 48.094591450289954 ], [ -1.630585076794003, 48.094591293736798 ], [ -1.630585192528903, 48.094591135813054 ], [ -1.630585304127148, 48.094590976566664 ], [ -1.630585411554865, 48.094590816045937 ], [ -1.630585514779451, 48.094590654299608 ], [ -1.630585613769576, 48.094590491376771 ], [ -1.630585708495195, 48.094590327326863 ], [ -1.63058579892756, 48.094590162199694 ], [ -1.630585885039222, 48.094589996045364 ], [ -1.630585966804047, 48.094589828914295 ], [ -1.630586044197218, 48.094589660857238 ], [ -1.630586117195246, 48.09458949192517 ], [ -1.630586185775976, 48.094589322169384 ], [ -1.630586249918594, 48.094589151641401 ], [ -1.630586309603631, 48.094588980392963 ], [ -1.630586364812972, 48.094588808476054 ], [ -1.630586415529862, 48.094588635942848 ], [ -1.630586461738906, 48.094588462845728 ], [ -1.630586503426082, 48.094588289237201 ], [ -1.630586540578736, 48.094588115169984 ], [ -1.630586573185592, 48.09458794069689 ], [ -1.630586601236753, 48.094587765870877 ], [ -1.630586624723707, 48.094587590745014 ], [ -1.630586643639325, 48.094587415372438 ], [ -1.630586657977865, 48.094587239806387 ], [ -1.630586667734976, 48.094587064100146 ], [ -1.630586672907696, 48.094586888307035 ], [ -1.630586673494456, 48.094586712480428 ], [ -1.630586669495077, 48.094586536673667 ], [ -1.630586660910774, 48.094586360940113 ], [ -1.630586647744151, 48.094586185333114 ], [ -1.630586629999205, 48.094586009905967 ], [ -1.630586607681321, 48.094585834711907 ], [ -1.630586580797274, 48.09458565980411 ], [ -1.630586549355222, 48.094585485235648 ], [ -1.630586513364709, 48.094585311059539 ], [ -1.630586472836657, 48.094585137328615 ], [ -1.630586427783368, 48.09458496409561 ], [ -1.630586378218515, 48.094584791413105 ], [ -1.630586324157142, 48.094584619333517 ], [ -1.630586265615656, 48.094584447909071 ], [ -1.630586202611826, 48.094584277191778 ], [ -1.630586135164773, 48.094584107233473 ], [ -1.630586063294967, 48.094583938085734 ], [ -1.630585987024223, 48.094583769799897 ], [ -1.630585906375688, 48.094583602427029 ], [ -1.63058582137384, 48.094583436017935 ], [ -1.630585732044477, 48.094583270623133 ], [ -1.630585638414712, 48.094583106292802 ], [ -1.630585540512962, 48.094582943076837 ], [ -1.63058543836894, 48.094582781024755 ] ], [ [ -1.63058543836894, 48.094582781024755 ], [ -1.630571397511891, 48.094556466539117 ], [ -1.630568167021441, 48.094548863246608 ], [ -1.630564738564694, 48.094541298723435 ], [ -1.6305611131837, 48.094533775268822 ], [ -1.630557291980366, 48.094526295169459 ], [ -1.630553276116116, 48.094518860698884 ], [ -1.63054906681154, 48.094511474116771 ], [ -1.630544665346021, 48.094504137668231 ], [ -1.63054007305735, 48.094496853583145 ], [ -1.630535291341317, 48.094489624075472 ], [ -1.630530321651285, 48.094482451342586 ], [ -1.630525165497753, 48.094475337564596 ], [ -1.630519824447891, 48.094468284903719 ], [ -1.630514300125069, 48.094461295503578 ], [ -1.63050859420836, 48.09445437148856 ], [ -1.630502708432032, 48.0944475149632 ], [ -1.630496644585021, 48.094440728011506 ], [ -1.630490404510383, 48.094434012696361 ], [ -1.630483990104738, 48.094427371058828 ], [ -1.630477403317695, 48.094420805117643 ], [ -1.630470646151254, 48.094414316868473 ], [ -1.630463720659202, 48.094407908283415 ], [ -1.630456628946487, 48.094401581310329 ], [ -1.630449373168577, 48.094395337872299 ], [ -1.630441955530809, 48.094389179866972 ], [ -1.630434378287714, 48.094383109166067 ], [ -1.630426643742334, 48.094377127614756 ], [ -1.630418754245523, 48.094371237031112 ], [ -1.63041071219523, 48.094365439205561 ], [ -1.630405801737027, 48.094361938231714 ], [ -1.630400981544026, 48.09435838173836 ], [ -1.630396253023136, 48.094354770763523 ], [ -1.630391617554511, 48.094351106361181 ], [ -1.630387076491143, 48.094347389600863 ], [ -1.630382631158467, 48.094343621567404 ], [ -1.630378282853982, 48.094339803360612 ], [ -1.630374032846862, 48.094335936094915 ], [ -1.630369882377592, 48.094332020899074 ], [ -1.630365832657603, 48.094328058915842 ], [ -1.630361884868921, 48.094324051301619 ], [ -1.630358040163819, 48.09431999922613 ], [ -1.630354299664482, 48.094315903872086 ], [ -1.630350664462682, 48.094311766434821 ], [ -1.630347135619453, 48.09430758812195 ], [ -1.630343714164791, 48.094303370153014 ], [ -1.63034040109734, 48.094299113759156 ], [ -1.630337197384115, 48.094294820182689 ], [ -1.63033410396021, 48.094290490676826 ], [ -1.630331121728527, 48.094286126505239 ], [ -1.630328251559515, 48.094281728941723 ], [ -1.630325494290914, 48.09427729926982 ], [ -1.630322850727511, 48.094272838782473 ], [ -1.630320321640904, 48.094268348781554 ], [ -1.630317907769279, 48.094263830577624 ], [ -1.630315609817191, 48.094259285489407 ], [ -1.630313428455364, 48.094254714843537 ], [ -1.630311364320489, 48.094250119974078 ], [ -1.630309418015043, 48.09424550222213 ], [ -1.630307590107109, 48.094240862935557 ], [ -1.630305881130214, 48.094236203468441 ], [ -1.630304291583171, 48.09423152518076 ], [ -1.630302821929935, 48.094226829438014 ], [ -1.630301472599465, 48.094222117610784 ], [ -1.630300243985601, 48.094217391074338 ], [ -1.63029913644695, 48.094212651208252 ], [ -1.630298150306777, 48.094207899395975 ], [ -1.630297285852915, 48.094203137024472 ], [ -1.630296543337679, 48.094198365483756 ], [ -1.630291249901905, 48.094187725850844 ], [ -1.630286223322028, 48.094177028637219 ], [ -1.630281465000952, 48.094166276828425 ], [ -1.630276976266715, 48.094155473425232 ], [ -1.630272758372111, 48.094144621442808 ], [ -1.630268812494346, 48.094133723909891 ], [ -1.630265139734704, 48.094122783867917 ], [ -1.630261741118244, 48.094111804370208 ], [ -1.630258617593511, 48.094100788481093 ], [ -1.630255770032276, 48.094089739275063 ], [ -1.630253199229284, 48.094078659835908 ], [ -1.630250905902041, 48.09406755325584 ], [ -1.630248890690609, 48.094056422634658 ], [ -1.63024715415743, 48.094045271078897 ], [ -1.630245696787165, 48.094034101700913 ], [ -1.630244518986563, 48.094022917618041 ], [ -1.630243621084346, 48.094011721951716 ], [ -1.630243003331115, 48.094000517826615 ], [ -1.630242665899285, 48.0939893083698 ], [ -1.6302423762114, 48.093981877603561 ], [ -1.630242279810046, 48.093974444596498 ], [ -1.630242376724308, 48.093967011591339 ], [ -1.630242666924946, 48.093959580830791 ], [ -1.6302431503244, 48.093952154556902 ], [ -1.630243826776816, 48.093944735010346 ], [ -1.630244696078093, 48.093937324429774 ], [ -1.630245757965942, 48.093929925051143 ], [ -1.630247012119967, 48.093922539107027 ], [ -1.63024845816176, 48.09391516882593 ], [ -1.630250095655016, 48.093907816431667 ], [ -1.630251924105665, 48.093900484142623 ], [ -1.630253942962021, 48.093893174171129 ], [ -1.630256151614947, 48.093885888722795 ], [ -1.630258549398041, 48.093878629995814 ], [ -1.630261135587835, 48.093871400180319 ], [ -1.630263909404015, 48.093864201457755 ], [ -1.630266870009657, 48.093857036000131 ], [ -1.630270016511474, 48.093849905969471 ], [ -1.630273347960094, 48.093842813517071 ], [ -1.630276863350341, 48.093835760782916 ], [ -1.630280561621539, 48.093828749894982 ], [ -1.630284441657833, 48.093821782968654 ], [ -1.630288502288524, 48.093814862106044 ], [ -1.630292742288425, 48.093807989395323 ], [ -1.630297160378229, 48.093801166910197 ], [ -1.630301755224893, 48.093794396709185 ], [ -1.630306525442045, 48.093787680835035 ], [ -1.630311469590399, 48.093781021314101 ], [ -1.630316586178189, 48.093774420155746 ], [ -1.630321873661619, 48.093767879351709 ], [ -1.630327330445333, 48.093761400875543 ], [ -1.630327861420567, 48.093757258311875 ], [ -1.630328287350773, 48.093753110339065 ], [ -1.630328608113943, 48.093748958145298 ], [ -1.630328823618193, 48.093744802919986 ], [ -1.630328933801791, 48.09374064585343 ], [ -1.630328938633173, 48.093736488136415 ], [ -1.630328838110956, 48.093732330959945 ], [ -1.630328632263936, 48.093728175514876 ], [ -1.630328321151077, 48.093724022991537 ], [ -1.630327904861499, 48.093719874579442 ], [ -1.630327383514451, 48.093715731466915 ], [ -1.630326757259274, 48.093711594840784 ], [ -1.630326026275362, 48.093707465885998 ], [ -1.630325190772107, 48.0937033457853 ], [ -1.630324250988845, 48.093699235718944 ], [ -1.63032320719478, 48.093695136864248 ], [ -1.630322059688909, 48.093691050395371 ], [ -1.630320808799943, 48.093686977482889 ], [ -1.630319454886203, 48.093682919293514 ], [ -1.630317998335524, 48.093678876989735 ], [ -1.63031643956514, 48.093674851729496 ], [ -1.630314779021568, 48.093670844665844 ], [ -1.630313017180477, 48.093666856946626 ], [ -1.630311154546556, 48.093662889714139 ], [ -1.630309191653362, 48.093658944104853 ], [ -1.630307129063175, 48.093655021248956 ], [ -1.630304967366834, 48.093651122270209 ], [ -1.630302707183563, 48.093647248285492 ], [ -1.630300349160804, 48.093643400404524 ], [ -1.630297893974021, 48.093639579729555 ], [ -1.630295342326513, 48.093635787355034 ], [ -1.630292694949209, 48.093632024367317 ], [ -1.630291602309709, 48.093628210453872 ], [ -1.630290412025767, 48.093624409599606 ], [ -1.630289124446605, 48.093620622919659 ], [ -1.630287739949993, 48.093616851525042 ], [ -1.630286258942135, 48.093613096522255 ], [ -1.630284681857552, 48.093609359013001 ], [ -1.630283009158953, 48.093605640093863 ], [ -1.630281241337098, 48.093601940855947 ], [ -1.630279378910658, 48.093598262384603 ], [ -1.630277422426059, 48.093594605759073 ], [ -1.630275372457325, 48.093590972052191 ], [ -1.630273229605905, 48.093587362330098 ], [ -1.630270994500502, 48.093583777651844 ], [ -1.630268667796884, 48.093580219069182 ], [ -1.630266250177694, 48.093576687626189 ], [ -1.630263742352251, 48.093573184358952 ], [ -1.630261145056336, 48.093569710295341 ], [ -1.630258459051985, 48.093566266454637 ], [ -1.630255685127257, 48.093562853847246 ], [ -1.630252824096007, 48.093559473474407 ], [ -1.630249876797649, 48.093556126327911 ], [ -1.630246844096904, 48.09355281338982 ], [ -1.630243726883551, 48.093549535632135 ], [ -1.630240526072166, 48.093546294016519 ], [ -1.630237242601851, 48.093543089494077 ], [ -1.630233877435959, 48.093539923004997 ], [ -1.630230431561813, 48.093536795478322 ], [ -1.630226905990416, 48.093533707831646 ], [ -1.630223301756152, 48.093530660970892 ], [ -1.630219619916485, 48.093527655789998 ] ], [ [ -1.630575208462592, 48.094596556558947 ], [ -1.630575937281429, 48.094596437992188 ] ], [ [ -1.630575599606573, 48.094596503675234 ], [ -1.630575603037237, 48.094596503060913 ], [ -1.630575856083562, 48.094596454577442 ], [ -1.630575937281429, 48.094596437992188 ] ], [ [ -1.630575599606573, 48.094596503675234 ], [ -1.630575491631949, 48.094596517328569 ], [ -1.630575208462592, 48.094596556558947 ] ], [ [ -1.63057432096197, 48.094596700940599 ], [ -1.63057432096141, 48.094596700940698 ], [ -1.630574579363552, 48.094596667344639 ], [ -1.630574836850202, 48.094596630747077 ], [ -1.63057509334321, 48.094596591159096 ], [ -1.630575348764729, 48.09459654859274 ], [ -1.630575599606573, 48.094596503675234 ] ], [ [ -1.630575208462592, 48.094596556558947 ], [ -1.630575197213061, 48.094596558117459 ], [ -1.630574903902421, 48.094596602324891 ], [ -1.630574611789001, 48.094596649937444 ], [ -1.63057432096197, 48.094596700940599 ] ], [ [ -1.63057432096197, 48.094596700940599 ], [ -1.630575208462592, 48.094596556558947 ] ], [ [ -1.63057432096141, 48.094596700940691 ], [ -1.63057432096197, 48.094596700940599 ] ], [ [ -1.63057432096141, 48.094596700940706 ], [ -1.63004638911278, 48.094666094396615 ] ], [ [ -1.630210906960656, 48.093358447293731 ], [ -1.63021700997623, 48.093343282244518 ], [ -1.630218585484808, 48.093339765362494 ], [ -1.630220252597003, 48.093336267370439 ], [ -1.630222010805564, 48.093332789332685 ], [ -1.63022385957552, 48.093329332307505 ], [ -1.630225798344345, 48.093325897346766 ], [ -1.630227826522127, 48.093322485495648 ], [ -1.630229943491752, 48.093319097792268 ], [ -1.630232148609088, 48.09331573526741 ], [ -1.630234441203182, 48.093312398944192 ], [ -1.630236820576464, 48.093309089837788 ], [ -1.630239286004962, 48.093305808955051 ], [ -1.630241836738517, 48.093302557294265 ], [ -1.630244472001017, 48.093299335844819 ], [ -1.630247190990627, 48.093296145586912 ], [ -1.63024999288004, 48.093292987491253 ], [ -1.630252876816721, 48.093289862518766 ], [ -1.630255841923174, 48.093286771620292 ], [ -1.630258887297204, 48.093283715736305 ], [ -1.630262012012192, 48.093280695796629 ], [ -1.630265215117379, 48.093277712720152 ], [ -1.630268495638154, 48.093274767414549 ], [ -1.630271852576351, 48.093271860775985 ], [ -1.630275284910551, 48.093268993688881 ], [ -1.630278791596397, 48.093266167025597 ], [ -1.630282371566905, 48.093263381646246 ], [ -1.630286023732797, 48.093260638398306 ], [ -1.630289746982824, 48.093257938116487 ], [ -1.630293540184111, 48.093255281622419 ], [ -1.630297402182497, 48.093252669724393 ], [ -1.630301331802891, 48.093250103217152 ], [ -1.630305327849623, 48.093247582881602 ], [ -1.630309389106813, 48.093245109484648 ], [ -1.63031351433874, 48.093242683778826 ], [ -1.630317702290216, 48.093240306502246 ], [ -1.630321951686971, 48.093237978378234 ], [ -1.630326261236037, 48.093235700115201 ], [ -1.630330629626146, 48.093233472406347 ], [ -1.630335055528123, 48.093231295929513 ], [ -1.630339537595296, 48.093229171346927 ], [ -1.630344074463905, 48.093227099305054 ], [ -1.630348664753511, 48.093225080434372 ], [ -1.630353307067425, 48.093223115349154 ], [ -1.630360180619724, 48.093218812764157 ], [ -1.630366942873682, 48.093214432206146 ], [ -1.630373591846893, 48.093209974959287 ], [ -1.630380125590158, 48.093205442330259 ], [ -1.630386542188059, 48.093200835647792 ], [ -1.630392839759522, 48.093196156262366 ], [ -1.630399016458365, 48.093191405545745 ], [ -1.630405070473841, 48.093186584890638 ], [ -1.630411000031167, 48.093181695710214 ], [ -1.630416803392049, 48.093176739437787 ], [ -1.630422478855186, 48.093171717526275 ], [ -1.630428024756773, 48.093166631447893 ], [ -1.630433439470985, 48.093161482693631 ], [ -1.630438721410457, 48.09315627277288 ], [ -1.630443869026747, 48.093151003212945 ], [ -1.630448880810793, 48.093145675558624 ], [ -1.63045375529335, 48.093140291371732 ], [ -1.630458491045427, 48.093134852230676 ], [ -1.630463086678701, 48.093129359729957 ], [ -1.630467540845926, 48.093123815479736 ], [ -1.63047185224133, 48.093118221105335 ], [ -1.630476019600992, 48.093112578246775 ], [ -1.63048004170322, 48.093106888558282 ], [ -1.630483917368902, 48.093101153707806 ], [ -1.630487645461859, 48.093095375376564 ], [ -1.630491224889169, 48.093089555258508 ], [ -1.630494654601496, 48.093083695059832 ], [ -1.630497933593395, 48.093077796498477 ], [ -1.630501060903602, 48.093071861303649 ], [ -1.630504035615322, 48.093065891215268 ], [ -1.630515924177561, 48.093032821260081 ], [ -1.630528547794295, 48.092999873039822 ], [ -1.63054190367308, 48.092967053843161 ], [ -1.630555988859489, 48.092934370930195 ] ], [ [ -1.630219619916485, 48.093527655789998 ], [ -1.630200954989568, 48.093513914400695 ] ], [ [ -1.630164761360979, 48.093473111713394 ], [ -1.630210906960656, 48.093358447293731 ] ], [ [ -1.630200954989568, 48.093513914400695 ], [ -1.630199540266038, 48.093513985609036 ], [ -1.630198127593068, 48.093514073113752 ], [ -1.630196717391419, 48.093514176888803 ], [ -1.630195310081113, 48.093514296903273 ], [ -1.630193906081312, 48.093514433121406 ], [ -1.630192505810193, 48.093514585502646 ], [ -1.630191109684821, 48.093514754001596 ], [ -1.630189718121027, 48.093514938568063 ], [ -1.630188331533284, 48.093515139147094 ], [ -1.630186950334582, 48.093515355678932 ], [ -1.630185574936304, 48.093515588099095 ], [ -1.630184205748109, 48.093515836338341 ], [ -1.630182843177805, 48.093516100322745 ], [ -1.630181487631227, 48.093516379973671 ], [ -1.630180139512121, 48.093516675207837 ], [ -1.630178799222019, 48.093516985937306 ], [ -1.63017746716012, 48.093517312069508 ], [ -1.630176143723176, 48.093517653507334 ], [ -1.630174829305367, 48.093518010149076 ], [ -1.630173524298187, 48.093518381888501 ], [ -1.630172229090328, 48.093518768614899 ], [ -1.630170944067562, 48.093519170213092 ], [ -1.63016966961263, 48.093519586563438 ], [ -1.630168406105123, 48.093520017541962 ], [ -1.630167153921372, 48.093520463020262 ], [ -1.630165913434335, 48.093520922865679 ], [ -1.630164685013486, 48.093521396941242 ], [ -1.630163469024707, 48.093521885105758 ], [ -1.630162265830176, 48.09352238721381 ], [ -1.630161075788258, 48.093522903115854 ], [ -1.630159899253405, 48.093523432658237 ], [ -1.630158736576041, 48.093523975683233 ], [ -1.630157588102468, 48.093524532029107 ], [ -1.630156454174753, 48.09352510153014 ], [ -1.630155335130632, 48.093525684016718 ], [ -1.630154231303409, 48.093526279315348 ], [ -1.630153143021854, 48.093526887248728 ], [ -1.630152070610108, 48.09352750763577 ], [ -1.630151014387586, 48.09352814029171 ], [ -1.630149974668878, 48.093528785028106 ], [ -1.630148951763662, 48.093529441652919 ], [ -1.630147945976606, 48.093530109970594 ], [ -1.63014695760728, 48.093530789782065 ], [ -1.630145986950067, 48.093531480884842 ], [ -1.630145034294072, 48.093532183073087 ], [ -1.630144099923041, 48.093532896137667 ], [ -1.630143184115273, 48.093533619866186 ], [ -1.630142287143538, 48.093534354043086 ], [ -1.630141409274996, 48.093535098449699 ], [ -1.630140550771116, 48.093535852864299 ], [ -1.630139711887601, 48.093536617062199 ], [ -1.630138892874309, 48.093537390815769 ], [ -1.630138892865443, 48.093537390778984 ] ], [ [ -1.630200954989568, 48.093513914400695 ], [ -1.630199376582073, 48.093512909414919 ], [ -1.630197824215301, 48.093511886494099 ], [ -1.630196298346001, 48.093510845939235 ], [ -1.630194799423125, 48.093509788056465 ], [ -1.630193327887697, 48.09350871315705 ], [ -1.630191884172683, 48.093507621557265 ], [ -1.630190468702863, 48.093506513578269 ], [ -1.630189081894708, 48.093505389546067 ], [ -1.630187724156254, 48.093504249791387 ], [ -1.630186395886985, 48.093503094649556 ], [ -1.630185097477713, 48.093501924460462 ], [ -1.630183829310468, 48.093500739568405 ], [ -1.630182591758377, 48.093499540322 ], [ -1.630181385185563, 48.093498327074109 ], [ -1.630180209947032, 48.0934971001817 ], [ -1.630179066388572, 48.093495860005753 ], [ -1.630177954846648, 48.093494606911172 ], [ -1.630176875648307, 48.093493341266637 ], [ -1.630175829111079, 48.093492063444529 ], [ -1.630174815542882, 48.093490773820847 ], [ -1.630173835241937, 48.093489472774991 ], [ -1.630172888496675, 48.093488160689802 ], [ -1.630171975585654, 48.093486837951303 ], [ -1.630171096777478, 48.093485504948696 ], [ -1.630170252330716, 48.093484162074176 ], [ -1.630169442493827, 48.093482809722865 ], [ -1.630168667505087, 48.093481448292643 ], [ -1.63016792759252, 48.093480078184086 ], [ -1.630167222973827, 48.093478699800329 ], [ -1.630166553856327, 48.093477313546913 ], [ -1.630165920436893, 48.093475919831725 ], [ -1.630165322901893, 48.093474519064827 ], [ -1.63016476142714, 48.093473111658355 ], [ -1.630164761360979, 48.093473111713394 ] ], [ [ -1.6301070477442, 48.093500924588575 ], [ -1.630109159575489, 48.093500400540222 ], [ -1.630111257457013, 48.093499852065555 ], [ -1.630113340755523, 48.093499279330153 ], [ -1.630115408842174, 48.093498682506855 ], [ -1.630117461092712, 48.093498061775854 ], [ -1.630119496887661, 48.093497417324492 ], [ -1.630121515612517, 48.09349674934731 ], [ -1.630123516657924, 48.093496058045936 ], [ -1.630125499419864, 48.09349534362903 ], [ -1.630127463299839, 48.093494606312248 ], [ -1.630129407705049, 48.093493846318133 ], [ -1.630131332048574, 48.09349306387611 ], [ -1.630133235749548, 48.093492259222344 ], [ -1.630135118233337, 48.09349143259972 ], [ -1.630136978931711, 48.093490584257765 ], [ -1.630138817283016, 48.093489714452545 ], [ -1.630140632732344, 48.093488823446613 ], [ -1.630142424731701, 48.093487911508916 ], [ -1.630144192740167, 48.093486978914719 ], [ -1.630145936224069, 48.093486025945523 ], [ -1.630147654657134, 48.093485052888994 ], [ -1.630149347520651, 48.09348406003884 ], [ -1.630151014303627, 48.093483047694768 ], [ -1.630152654502942, 48.093482016162334 ], [ -1.630154267623499, 48.093480965752903 ], [ -1.630155853178378, 48.093479896783563 ], [ -1.630157410688976, 48.093478809576965 ], [ -1.630158939685157, 48.093477704461293 ], [ -1.630160439705392, 48.093476581770119 ], [ -1.630161910296897, 48.09347544184233 ], [ -1.630163351015774, 48.093474285022005 ], [ -1.630164761360979, 48.093473111713394 ] ], [ [ -1.630138892865443, 48.093537390778984 ], [ -1.630164761360979, 48.093473111713394 ] ], [ [ -1.630125290051359, 48.093571191591927 ], [ -1.630138892865443, 48.093537390778984 ] ], [ [ -1.6301070477442, 48.093500924588575 ], [ -1.630108196806835, 48.093501538089299 ], [ -1.630109329962404, 48.093502164650189 ], [ -1.630110446878204, 48.093502804087279 ], [ -1.630111547226299, 48.093503456212822 ], [ -1.63011263068362, 48.09350412083537 ], [ -1.630113696932057, 48.093504797759763 ], [ -1.63011474565855, 48.093505486787258 ], [ -1.630115776555187, 48.093506187715548 ], [ -1.630116789319287, 48.093506900338838 ], [ -1.630117783653497, 48.093507624447895 ], [ -1.630118759265874, 48.093508359830118 ], [ -1.630119715869969, 48.093509106269586 ], [ -1.630120653184917, 48.093509863547155 ], [ -1.630121570935516, 48.093510631440452 ], [ -1.630122468852307, 48.093511409724044 ], [ -1.630123346671656, 48.093512198169414 ], [ -1.630124204135829, 48.093512996545066 ], [ -1.630125040993067, 48.093513804616592 ], [ -1.630125856997664, 48.093514622146735 ], [ -1.630126651910034, 48.093515448895459 ], [ -1.630127425496786, 48.093516284620023 ], [ -1.630128177530789, 48.093517129075067 ], [ -1.63012890779124, 48.093517982012628 ], [ -1.63012961606373, 48.093518843182309 ], [ -1.630130302140304, 48.093519712331222 ], [ -1.630130965819526, 48.093520589204225 ], [ -1.630131606906535, 48.093521473543824 ], [ -1.630132225213102, 48.093522365090394 ], [ -1.630132820557689, 48.093523263582149 ], [ -1.630133392765498, 48.093524168755302 ], [ -1.630133941668524, 48.093525080344087 ], [ -1.630134467105607, 48.093525998080835 ], [ -1.630134968922473, 48.093526921696117 ], [ -1.630135446971786, 48.093527850918733 ], [ -1.630135901113187, 48.093528785475868 ], [ -1.630136331213336, 48.093529725093127 ], [ -1.630136737145953, 48.093530669494619 ], [ -1.630137118791854, 48.093531618403091 ], [ -1.630137476038985, 48.09353257153991 ], [ -1.630137808782454, 48.093533528625223 ], [ -1.630138116924567, 48.093534489378044 ], [ -1.63013840037485, 48.093535453516274 ], [ -1.63013865905008, 48.093536420756848 ], [ -1.630138892865443, 48.093537390778984 ] ], [ [ -1.629638303271984, 48.09430636933498 ], [ -1.629698390796456, 48.094270777205928 ], [ -1.629827039945981, 48.094196223509407 ], [ -1.629829723983131, 48.094194836263235 ], [ -1.629832372199161, 48.094193418638241 ], [ -1.629834983823404, 48.094191971046982 ], [ -1.629837558095839, 48.094190493910723 ], [ -1.629840094267318, 48.094188987659336 ], [ -1.629842591599778, 48.094187452731148 ], [ -1.62984504936646, 48.094185889572856 ], [ -1.629847466852119, 48.094184298639334 ], [ -1.629849843353233, 48.094182680393594 ], [ -1.629852178178206, 48.094181035306548 ], [ -1.629854470647572, 48.094179363856945 ], [ -1.629856720094189, 48.094177666531188 ], [ -1.629858925863436, 48.094175943823217 ], [ -1.629861087313404, 48.094174196234384 ], [ -1.629863203815079, 48.094172424273246 ], [ -1.629865274752531, 48.094170628455466 ], [ -1.629867299523085, 48.094168809303646 ], [ -1.629869277537507, 48.094166967347192 ], [ -1.629871208220166, 48.09416510312213 ], [ -1.629873091009205, 48.094163217170973 ], [ -1.629874925356707, 48.094161310042566 ], [ -1.629876710728851, 48.094159382291892 ], [ -1.629878446606066, 48.094157434479968 ], [ -1.629880132483191, 48.094155467173628 ], [ -1.629881767869609, 48.094153480945373 ], [ -1.6298833522894, 48.094151476373234 ], [ -1.629884885281476, 48.094149454040561 ], [ -1.629886366399715, 48.09414741453589 ], [ -1.629887795213089, 48.094145358452721 ], [ -1.629889171305795, 48.094143286389432 ], [ -1.629890494277369, 48.094141198948989 ], [ -1.629891763742809, 48.094139096738893 ], [ -1.629892979332681, 48.094136980370905 ], [ -1.629894140693232, 48.094134850460911 ], [ -1.62989524748649, 48.094132707628738 ], [ -1.629896299390362, 48.094130552498001 ], [ -1.629897296098729, 48.094128385695846 ], [ -1.629898237321535, 48.09412620785286 ], [ -1.629899122784871, 48.094124019602816 ], [ -1.629899952231054, 48.094121821582526 ], [ -1.629900725418704, 48.094119614431655 ], [ -1.629901442122811, 48.094117398792491 ], [ -1.630125290051359, 48.093571191591934 ] ], [ [ -1.629932229230438, 48.093491937516127 ], [ -1.6301070477442, 48.093500924588575 ] ], [ [ -1.63004638911278, 48.094666094396615 ], [ -1.63004638914086, 48.094666094400658 ] ], [ [ -1.63004638911278, 48.094666094396615 ], [ -1.629959262444196, 48.09467754667147 ] ], [ [ -1.629971402418981, 48.094642716975741 ], [ -1.6299738436259, 48.094643985283888 ], [ -1.62997631724504, 48.094645225260749 ], [ -1.629978822539432, 48.094646436536912 ], [ -1.629981358762666, 48.09464761875148 ], [ -1.629983925159122, 48.094648771552258 ], [ -1.629986520964188, 48.094649894595783 ], [ -1.629989145404489, 48.094650987547467 ], [ -1.629991797698123, 48.094652050081677 ], [ -1.629994477054886, 48.094653081881859 ], [ -1.629997182676511, 48.094654082640623 ], [ -1.629999913756907, 48.094655052059785 ], [ -1.630002669482399, 48.094655989850551 ], [ -1.630005449031968, 48.094656895733515 ], [ -1.630008251577496, 48.094657769438783 ], [ -1.630011076284016, 48.094658610706055 ], [ -1.630013922309958, 48.094659419284682 ], [ -1.630016788807399, 48.094660194933788 ], [ -1.630019674922318, 48.094660937422276 ], [ -1.63002257979485, 48.09466164652892 ], [ -1.630025502559538, 48.094662322042474 ], [ -1.630028442345601, 48.094662963761671 ], [ -1.630031398277179, 48.094663571495332 ], [ -1.630034369473607, 48.094664145062382 ], [ -1.630037355049671, 48.094664684291949 ], [ -1.630040354115872, 48.094665189023374 ], [ -1.630043365778691, 48.094665659106298 ], [ -1.63004638911278, 48.094666094396615 ] ], [ [ -1.629959262444196, 48.09467754667147 ], [ -1.62995979947258, 48.094677250518075 ], [ -1.62996037630738, 48.094676920997244 ], [ -1.629960944488642, 48.094676584836478 ], [ -1.629961503845053, 48.094676242137126 ], [ -1.629962054207959, 48.094675893002517 ], [ -1.629962595411418, 48.094675537537931 ], [ -1.62996312729225, 48.094675175850547 ], [ -1.629963649690086, 48.094674808049398 ], [ -1.629964162447416, 48.094674434245398 ], [ -1.629964665409637, 48.094674054551248 ], [ -1.629965158425099, 48.094673669081438 ], [ -1.62996564134515, 48.094673277952189 ], [ -1.629966114024186, 48.094672881281419 ], [ -1.629966576319686, 48.094672479188738 ], [ -1.629967028092261, 48.094672071795394 ], [ -1.629967469205697, 48.094671659224197 ], [ -1.629967899526992, 48.094671241599571 ], [ -1.629968318926398, 48.094670819047408 ], [ -1.629968727277462, 48.094670391695139 ], [ -1.629969124457058, 48.094669959671592 ], [ -1.629969510345433, 48.094669523107044 ], [ -1.629969884826236, 48.094669082133123 ], [ -1.629970247786556, 48.094668636882773 ], [ -1.629970599116956, 48.094668187490264 ], [ -1.629970938711504, 48.09466773409109 ], [ -1.629971266467809, 48.094667276821944 ], [ -1.629971582287048, 48.094666815820702 ], [ -1.629971886073997, 48.094666351226373 ], [ -1.629972177737059, 48.09466588317904 ], [ -1.629972457188296, 48.094665411819804 ], [ -1.629972724343447, 48.094664937290808 ], [ -1.629972979121964, 48.094664459735114 ], [ -1.629973221447025, 48.094663979296712 ], [ -1.629973451245568, 48.094663496120475 ], [ -1.629973668448305, 48.094663010352072 ], [ -1.629973872989747, 48.094662522137973 ], [ -1.62997406480822, 48.094662031625383 ], [ -1.62997424384589, 48.0946615389622 ], [ -1.629974410048775, 48.09466104429697 ], [ -1.629974563366761, 48.094660547778837 ], [ -1.629974703753622, 48.094660049557497 ], [ -1.629974831167028, 48.094659549783202 ], [ -1.629974945568564, 48.094659048606594 ], [ -1.629975046923735, 48.09465854617882 ], [ -1.629975135201982, 48.094658042651361 ], [ -1.629975210376688, 48.094657538176037 ], [ -1.629975272425185, 48.094657032904955 ], [ -1.629975321328767, 48.094656526990441 ], [ -1.629975357072687, 48.094656020585063 ], [ -1.629975379646169, 48.094655513841502 ], [ -1.629975389042406, 48.094655006912532 ], [ -1.629975385258565, 48.094654499951034 ], [ -1.629975368295788, 48.094653993109816 ], [ -1.629975338159188, 48.094653486541731 ], [ -1.629975294857852, 48.094652980399509 ], [ -1.629975238404837, 48.094652474835755 ], [ -1.629975168817162, 48.0946519700029 ], [ -1.629975086115811, 48.094651466053172 ], [ -1.629974990325719, 48.094650963138491 ], [ -1.629974881475767, 48.094650461410531 ], [ -1.629974759598775, 48.094649961020544 ], [ -1.629974624731491, 48.094649462119406 ], [ -1.62997447691458, 48.094648964857548 ], [ -1.629974316192609, 48.094648469384907 ], [ -1.62997414261404, 48.094647975850862 ], [ -1.629973956231207, 48.09464748440422 ], [ -1.629973757100308, 48.094646995193166 ], [ -1.629973545281384, 48.094646508365209 ], [ -1.629973320838301, 48.094646024067117 ], [ -1.629973083838731, 48.094645542444937 ], [ -1.629972834354133, 48.094645063643853 ], [ -1.62997257245973, 48.094644587808254 ], [ -1.629972298234486, 48.094644115081614 ], [ -1.629972011761085, 48.094643645606439 ], [ -1.629971713125901, 48.094643179524304 ], [ -1.629971402418981, 48.094642716975741 ] ], [ [ -1.629971402418981, 48.094642716975741 ], [ -1.629624197804406, 48.094380111679541 ], [ -1.629601693969049, 48.094363947669613 ] ], [ [ -1.629311133858814, 48.094784831417911 ], [ -1.629310914003907, 48.094784594005574 ], [ -1.629310700368113, 48.094784354073781 ], [ -1.629310493016159, 48.094784111695233 ], [ -1.629310292010846, 48.094783866943338 ], [ -1.629310097413049, 48.094783619892205 ], [ -1.629309909281705, 48.094783370616668 ], [ -1.629309727673794, 48.094783119192229 ], [ -1.629309552644317, 48.094782865695031 ], [ -1.629309384246284, 48.094782610201854 ], [ -1.629309222530698, 48.094782352790055 ], [ -1.629309067546536, 48.094782093537624 ], [ -1.629308919340736, 48.094781832523061 ], [ -1.629308777958186, 48.094781569825422 ], [ -1.629308643441705, 48.094781305524279 ], [ -1.629308515832033, 48.094781039699669 ], [ -1.629308395167819, 48.094780772432095 ], [ -1.629308281485607, 48.094780503802511 ], [ -1.629308174819828, 48.09478023389228 ], [ -1.629308075202786, 48.094779962783136 ], [ -1.629307982664653, 48.094779690557196 ], [ -1.629307897233454, 48.094779417296913 ], [ -1.629307818935064, 48.094779143085034 ], [ -1.629307747793197, 48.09477886800461 ], [ -1.629307683829398, 48.094778592138965 ], [ -1.629307627063041, 48.094778315571638 ], [ -1.629307577511317, 48.094778038386387 ], [ -1.629307535189234, 48.094777760667185 ], [ -1.62930750010961, 48.094777482498102 ], [ -1.629307472283069, 48.094777203963424 ], [ -1.629307451718039, 48.094776925147499 ], [ -1.629307438420748, 48.094776646134761 ], [ -1.629307432395223, 48.094776367009715 ], [ -1.629307433643291, 48.094776087856914 ], [ -1.629307442164571, 48.094775808760879 ], [ -1.629307457956485, 48.094775529806149 ], [ -1.629307481014248, 48.094775251077223 ], [ -1.629307511330877, 48.094774972658485 ], [ -1.629307548897192, 48.094774694634296 ], [ -1.629307593701813, 48.094774417088836 ], [ -1.629307645731172, 48.094774140106161 ], [ -1.629307704969511, 48.094773863770165 ], [ -1.629307771398888, 48.094773588164557 ], [ -1.629307844999184, 48.094773313372777 ], [ -1.62930792574811, 48.094773039478085 ], [ -1.629308013621207, 48.094772766563402 ], [ -1.629308108591865, 48.0947724947114 ], [ -1.629308210631317, 48.094772224004409 ], [ -1.629308319708662, 48.094771954524418 ], [ -1.629308435790863, 48.094771686353035 ], [ -1.629308558842763, 48.094771419571501 ], [ -1.629308688827094, 48.094771154260577 ], [ -1.629308825704489, 48.094770890500655 ], [ -1.629308969433492, 48.094770628371599 ], [ -1.629309119970572, 48.094770367952805 ], [ -1.629309277270139, 48.094770109323143 ], [ -1.629309441284551, 48.09476985256093 ], [ -1.629309611964135, 48.094769597743948 ], [ -1.629309789257197, 48.09476934494937 ], [ -1.629309973110042, 48.094769094253742 ], [ -1.629310163466988, 48.094768845733014 ], [ -1.629310360270382, 48.094768599462441 ], [ -1.62931056346062, 48.094768355516599 ], [ -1.629310772976162, 48.094768113969387 ], [ -1.629310988753554, 48.094767874893954 ], [ -1.629311210727446, 48.094767638362718 ], [ -1.629311438830608, 48.094767404447303 ], [ -1.629311672993957, 48.09476717321855 ], [ -1.629311913146573, 48.09476694474651 ], [ -1.629312159215722, 48.094766719100356 ], [ -1.62931241112688, 48.094766496348441 ], [ -1.629312668803751, 48.094766276558239 ], [ -1.629312932168294, 48.094766059796285 ], [ -1.629313201140746, 48.094765846128254 ], [ -1.629313475639644, 48.094765635618849 ], [ -1.629313755581853, 48.09476542833184 ], [ -1.629314040882588, 48.094765224329983 ], [ -1.629314331455443, 48.094765023675073 ], [ -1.629314627212412, 48.094764826427898 ], [ -1.629314928063922, 48.094764632648172 ], [ -1.629315233918857, 48.094764442394599 ], [ -1.629315544684582, 48.094764255724783 ], [ -1.629315860266979, 48.094764072695277 ], [ -1.62931618057047, 48.09476389336151 ], [ -1.629316505498045, 48.094763717777802 ], [ -1.629316834951296, 48.09476354599731 ], [ -1.629317168830444, 48.094763378072081 ], [ -1.629317507034368, 48.094763214052968 ], [ -1.629317849460639, 48.094763053989645 ], [ -1.629318196005548, 48.094762897930579 ], [ -1.629318546564139, 48.094762745923056 ], [ -1.629318901030241, 48.094762598013105 ], [ -1.629319259296498, 48.094762454245512 ], [ -1.629319621254406, 48.094762314663832 ], [ -1.629319986794339, 48.094762179310329 ], [ -1.629320355805589, 48.094762048226002 ], [ -1.629320728176396, 48.094761921450555 ], [ -1.629321103793982, 48.094761799022379 ], [ -1.629321482544586, 48.094761680978564 ], [ -1.629321864313498, 48.094761567354837 ], [ -1.629322248985094, 48.094761458185637 ], [ -1.629322636442871, 48.094761353504012 ], [ -1.629323026569482, 48.094761253341673 ], [ -1.629323419246772, 48.094761157728946 ], [ -1.629323814355812, 48.094761066694794 ], [ -1.629324211776939, 48.094760980266798 ], [ -1.629324611389789, 48.094760898471115 ], [ -1.629325013073332, 48.094760821332535 ], [ -1.629325416705913, 48.094760748874421 ], [ -1.629325822165288, 48.094760681118707 ], [ -1.629326229328655, 48.094760618085914 ], [ -1.629326638072702, 48.094760559795141 ], [ -1.629327048273633, 48.094760506264031 ], [ -1.629327459807213, 48.094760457508805 ], [ -1.629327872548805, 48.094760413544236 ], [ -1.629328286373402, 48.094760374383618 ], [ -1.629328701155674, 48.094760340038825 ], [ -1.629329116769997, 48.094760310520257 ], [ -1.629329533090497, 48.094760285836863 ], [ -1.629329949991085, 48.094760265996101 ], [ -1.629918996746708, 48.094682839354441 ], [ -1.629959262444196, 48.09467754667147 ] ], [ [ -1.629932229230438, 48.093491937516134 ], [ -1.629927560913443, 48.093491973162784 ], [ -1.629922894166077, 48.093492061522262 ], [ -1.629918230322465, 48.093492202569323 ], [ -1.629913570715899, 48.09349239626362 ], [ -1.629908916678462, 48.093492642549784 ], [ -1.629904269540645, 48.093492941357418 ], [ -1.629899630630966, 48.093493292601103 ], [ -1.62989500127559, 48.093493696180396 ], [ -1.629890382797953, 48.093494151979961 ], [ -1.629885776518377, 48.093494659869457 ], [ -1.629881183753701, 48.093495219703705 ], [ -1.629876605816898, 48.093495831322656 ], [ -1.629872044016704, 48.093496494551466 ], [ -1.629867499657241, 48.093497209200528 ], [ -1.629862974037643, 48.093497975065517 ], [ -1.629858468451689, 48.093498791927516 ], [ -1.629853801372945, 48.09350028012765 ], [ -1.629849096713598, 48.093501714568461 ], [ -1.629844355861611, 48.093503094826787 ], [ -1.629839580215623, 48.093504420495421 ], [ -1.62983477118454, 48.09350569118326 ], [ -1.629829930187115, 48.093506906515429 ], [ -1.629825058651532, 48.093508066133417 ], [ -1.629820158014986, 48.093509169695075 ], [ -1.629815229723256, 48.093510216874868 ], [ -1.629810275230279, 48.093511207363861 ], [ -1.629805295997725, 48.093512140869827 ], [ -1.629800293494558, 48.093513017117374 ], [ -1.629795269196612, 48.093513835848 ], [ -1.629790224586146, 48.093514596820164 ], [ -1.629785161151418, 48.093515299809361 ], [ -1.629780080386232, 48.093515944608221 ], [ -1.62977498378951, 48.093516531026495 ], [ -1.629769872864844, 48.09351705889118 ], [ -1.62976474912005, 48.093517528046561 ], [ -1.629759614066731, 48.093517938354232 ], [ -1.629754469219821, 48.093518289693129 ], [ -1.629749316097148, 48.093518581959621 ], [ -1.629744156218978, 48.093518815067469 ], [ -1.629738991107571, 48.093518988947913 ], [ -1.629733822286733, 48.09351910354966 ], [ -1.629728651281361, 48.093519158838888 ], [ -1.629723479616998, 48.093519154799282 ], [ -1.629718308819383, 48.09351909143205 ], [ -1.629713140413996, 48.093518968755873 ], [ -1.629707975925614, 48.093518786806953 ], [ -1.629702816877857, 48.093518545638965 ], [ -1.629697664792741, 48.093518245323054 ], [ -1.629692521190227, 48.093517885947819 ], [ -1.629687387587773, 48.093517467619279 ], [ -1.629682265499888, 48.093516990460856 ], [ -1.629677156437684, 48.093516454613308 ], [ -1.629672061908429, 48.09351586023471 ], [ -1.629666983415104, 48.093515207500438 ], [ -1.62966192245596, 48.093514496603049 ], [ -1.629656880524074, 48.093513727752267 ], [ -1.62965185910691, 48.093512901174904 ], [ -1.62964685968588, 48.093512017114826 ], [ -1.629641883735906, 48.093511075832836 ], [ -1.629636932724986, 48.093510077606631 ], [ -1.629632008113762, 48.093509022730707 ], [ -1.629627111355084, 48.093507911516262 ], [ -1.629622243893589, 48.093506744291126 ], [ -1.629617407165268, 48.093505521399642 ], [ -1.629612602597046, 48.093504243202602 ], [ -1.629607831606361, 48.093502910077071 ], [ -1.629603095600744, 48.093501522416332 ], [ -1.629598395977405, 48.093500080629802 ], [ -1.62959373412282, 48.093498585142811 ], [ -1.629589111412324, 48.093497036396542 ], [ -1.629584529209702, 48.09349543484791 ], [ -1.629579988866789, 48.093493780969403 ], [ -1.629575491723073, 48.093492075248932 ], [ -1.629571039105293, 48.093490318189708 ], [ -1.629566632327056, 48.093488510310095 ] ], [ [ -1.629751117422999, 48.094476106423372 ], [ -1.629750694495567, 48.094475914633676 ], [ -1.629750266704341, 48.09447572771802 ], [ -1.629749834175222, 48.094475545731392 ], [ -1.62974939703551, 48.094475368727373 ], [ -1.629748955413858, 48.094475196758054 ], [ -1.629748509440239, 48.094475029874033 ], [ -1.629748059245908, 48.094474868124429 ], [ -1.629747604963361, 48.09447471155687 ], [ -1.629747146726298, 48.094474560217414 ], [ -1.629746684669582, 48.094474414150604 ], [ -1.629746218929201, 48.094474273399413 ], [ -1.629745749642227, 48.094474138005303 ], [ -1.629745276946774, 48.094474008008092 ], [ -1.629744800981963, 48.094473883446049 ], [ -1.629744321887873, 48.094473764355847 ], [ -1.629743839805507, 48.094473650772514 ], [ -1.629743354876746, 48.094473542729482 ], [ -1.629742867244309, 48.094473440258561 ], [ -1.62974237705171, 48.094473343389893 ], [ -1.629741884443219, 48.094473252152 ], [ -1.629741389563814, 48.094473166571746 ], [ -1.629740892559144, 48.094473086674284 ], [ -1.62974039357548, 48.094473012483149 ], [ -1.629739892759679, 48.094472944020175 ], [ -1.629739390259136, 48.094472881305514 ], [ -1.62973888622174, 48.094472824357624 ], [ -1.629738380795836, 48.09447277319326 ], [ -1.629737874130174, 48.09447272782748 ], [ -1.629737366373872, 48.094472688273648 ], [ -1.629736857676366, 48.094472654543374 ], [ -1.629736348187371, 48.09447262664662 ], [ -1.629735838056834, 48.09447260459158 ], [ -1.629735327434892, 48.094472588384747 ], [ -1.629734816471825, 48.094472578030889 ], [ -1.629734305318015, 48.094472573533054 ], [ -1.629733794123899, 48.094472574892563 ], [ -1.629733283039925, 48.094472582109034 ], [ -1.629732772216512, 48.094472595180314 ], [ -1.629732261803998, 48.094472614102585 ], [ -1.629731751952604, 48.094472638870258 ], [ -1.629731242812383, 48.094472669476048 ], [ -1.62973073453318, 48.094472705910945 ], [ -1.629730227264587, 48.094472748164236 ], [ -1.629729721155897, 48.094472796223478 ], [ -1.629729216356062, 48.094472850074524 ], [ -1.62972871301365, 48.094472909701537 ], [ -1.6297282112768, 48.094472975086951 ], [ -1.629727711293178, 48.094473046211533 ], [ -1.629727213209932, 48.094473123054357 ], [ -1.629726717173654, 48.094473205592791 ] ], [ [ -1.629726717207125, 48.09447320555843 ], [ -1.629726717148377, 48.094473205591626 ] ], [ [ -1.629726717173654, 48.094473205592791 ], [ -1.629726717207125, 48.09447320555843 ] ], [ [ -1.629726717207125, 48.09447320555843 ], [ -1.629726915129734, 48.094473002376333 ], [ -1.629727107746085, 48.094472796883558 ], [ -1.629727294964044, 48.094472589177023 ], [ -1.629727476726595, 48.094472379320017 ], [ -1.62972765297838, 48.094472167376416 ], [ -1.629727823665721, 48.094471953410803 ], [ -1.629727988736634, 48.09447173748832 ], [ -1.629728148140847, 48.094471519674741 ], [ -1.629728301829812, 48.094471300036396 ], [ -1.629728449756722, 48.094471078640176 ], [ -1.629728591876526, 48.09447085555351 ], [ -1.62972872814594, 48.094470630844341 ], [ -1.629728858523464, 48.094470404581095 ], [ -1.629728982969389, 48.094470176832701 ], [ -1.629729101445816, 48.0944699476685 ], [ -1.629729213916661, 48.094469717158297 ], [ -1.629729320347671, 48.094469485372301 ], [ -1.629729420706434, 48.094469252381089 ], [ -1.629729514962382, 48.094469018255623 ], [ -1.629729603086811, 48.094468783067214 ], [ -1.629729685052882, 48.094468546887477 ], [ -1.629729760835631, 48.094468309788354 ], [ -1.629729830411979, 48.094468071842051 ], [ -1.629729893760737, 48.09446783312103 ], [ -1.62972995086261, 48.094467593698013 ], [ -1.629730001700207, 48.094467353645889 ], [ -1.629730046258048, 48.094467113037787 ], [ -1.62973008452256, 48.094466871946977 ], [ -1.629730116482091, 48.094466630446902 ], [ -1.629730142126907, 48.094466388611075 ], [ -1.629730161449197, 48.094466146513184 ], [ -1.629730174443077, 48.094465904226929 ], [ -1.629730181104591, 48.094465661826142 ], [ -1.629730181431708, 48.094465419384612 ], [ -1.629730175424329, 48.094465176976186 ], [ -1.629730163084284, 48.094464934674697 ], [ -1.629730144415331, 48.094464692553927 ], [ -1.629730119423157, 48.094464450687617 ], [ -1.629730088115371, 48.094464209149443 ], [ -1.62973005050151, 48.094463968012953 ], [ -1.629730006593028, 48.094463727351581 ], [ -1.629729956403298, 48.094463487238642 ], [ -1.629729899947606, 48.094463247747242 ], [ -1.629729837243146, 48.094463008950328 ], [ -1.629729768309014, 48.094462770920629 ], [ -1.629729693166204, 48.094462533730642 ], [ -1.629729611837603, 48.094462297452601 ], [ -1.629729524347978, 48.094462062158449 ], [ -1.629729430723975, 48.094461827919865 ], [ -1.629729330994108, 48.094461594808187 ], [ -1.62972922518875, 48.0944613628944 ], [ -1.629729113340124, 48.094461132249137 ], [ -1.629728995482294, 48.094460902942664 ], [ -1.629728871651155, 48.094460675044772 ], [ -1.62972874188442, 48.094460448624908 ], [ -1.62972860622161, 48.094460223752016 ], [ -1.629728464704041, 48.094460000494585 ], [ -1.629728317374813, 48.094459778920594 ], [ -1.629728164278797, 48.094459559097544 ], [ -1.629728005462618, 48.094459341092382 ], [ -1.629727840974644, 48.094459124971479 ], [ -1.629727670864971, 48.094458910800689 ], [ -1.629727495185406, 48.094458698645219 ], [ -1.629727313989455, 48.094458488569678 ], [ -1.6297271273323, 48.094458280638058 ], [ -1.629726935270789, 48.094458074913675 ], [ -1.629726737863415, 48.094457871459198 ], [ -1.629726535170299, 48.094457670336567 ], [ -1.629726327253173, 48.094457471607058 ], [ -1.629726114175358, 48.09445727533118 ], [ -1.629725896001749, 48.09445708156872 ], [ -1.629725672798791, 48.09445689037868 ], [ -1.629725444634461, 48.09445670181929 ], [ -1.629725211578249, 48.094456515947982 ], [ -1.629724973701129, 48.094456332821366 ] ], [ [ -1.629726717173654, 48.094473205592791 ], [ -1.629726717148377, 48.094473205591626 ] ], [ [ -1.629726717148377, 48.094473205591626 ], [ -1.629304200205818, 48.094711967347926 ], [ -1.629303354579291, 48.094712355304786 ], [ -1.62930251920075, 48.094712753042522 ], [ -1.629301694323771, 48.094713160440413 ], [ -1.629300880198738, 48.094713577374797 ], [ -1.629300077072775, 48.094714003719126 ], [ -1.629299285189665, 48.094714439343967 ], [ -1.629298504789779, 48.094714884117096 ], [ -1.629297736110003, 48.094715337903509 ], [ -1.629296979383665, 48.094715800565453 ], [ -1.629296234840463, 48.094716271962497 ], [ -1.6292955027064, 48.094716751951538 ], [ -1.62929478320371, 48.094717240386892 ], [ -1.629294076550794, 48.094717737120291 ], [ -1.62929338296215, 48.09471824200098 ], [ -1.629292702648315, 48.094718754875665 ], [ -1.629292035815793, 48.094719275588673 ], [ -1.629291382666996, 48.094719803981967 ], [ -1.629290743400184, 48.094720339895154 ], [ -1.629290118209402, 48.094720883165536 ], [ -1.629289507284423, 48.094721433628223 ], [ -1.629288910810689, 48.094721991116131 ], [ -1.629288328969256, 48.094722555460031 ], [ -1.629287761936738, 48.09472312648861 ], [ -1.629287209885255, 48.094723704028553 ], [ -1.629286672982378, 48.094724287904548 ], [ -1.62928615139108, 48.094724877939349 ], [ -1.629285645269687, 48.094725473953872 ], [ -1.62928515477183, 48.094726075767191 ], [ -1.629284680046396, 48.094726683196619 ], [ -1.629284221237484, 48.094727296057805 ], [ -1.629283778484363, 48.094727914164686 ], [ -1.629283351921428, 48.094728537329651 ], [ -1.629282941678159, 48.09472916536356 ], [ -1.629282547879084, 48.094729798075754 ], [ -1.629282170643737, 48.09473043527418 ], [ -1.629281810086626, 48.094731076765434 ], [ -1.629281466317196, 48.094731722354773 ], [ -1.629281139439795, 48.094732371846256 ], [ -1.629280829553645, 48.094733025042714 ], [ -1.62928053675281, 48.094733681745886 ], [ -1.629280261126169, 48.094734341756435 ], [ -1.629280002757385, 48.094735004874011 ], [ -1.629279761724885, 48.094735670897329 ], [ -1.629279538101832, 48.094736339624227 ], [ -1.629279331956107, 48.094737010851709 ], [ -1.629279143350283, 48.094737684376049 ], [ -1.629278972341611, 48.094738359992775 ], [ -1.629278818981999, 48.094739037496829 ], [ -1.629278683317998, 48.094739716682547 ], [ -1.629278565390788, 48.094740397343763 ], [ -1.629278465236166, 48.094741079273881 ], [ -1.629278382884532, 48.09474176226589 ], [ -1.629278318360884, 48.094742446112498 ], [ -1.629278271684808, 48.094743130606084 ], [ -1.629278242870472, 48.094743815538912 ], [ -1.629278231926623, 48.094744500703065 ], [ -1.629278238856581, 48.094745185890567 ], [ -1.629278263658245, 48.094745870893426 ], [ -1.629278306324084, 48.094746555503711 ], [ -1.62927836684115, 48.09474723951363 ], [ -1.629278445191071, 48.094747922715548 ], [ -1.629278541350065, 48.094748604902065 ], [ -1.629278655288944, 48.094749285866143 ], [ -1.629278786973122, 48.09474996540105 ], [ -1.629278936362628, 48.094750643300522 ], [ -1.629279103412115, 48.094751319358814 ], [ -1.629279288070876, 48.094751993370679 ], [ -1.62927949028286, 48.094752665131544 ], [ -1.629279709986687, 48.094753334437492 ], [ -1.629279947115665, 48.094754001085356 ], [ -1.629280201597817, 48.094754664872795 ], [ -1.629280473355897, 48.094755325598307 ], [ -1.629280762307413, 48.09475598306134 ], [ -1.629281068364656, 48.094756637062332 ], [ -1.629281391434726, 48.094757287402736 ], [ -1.629281731419554, 48.094757933885177 ], [ -1.629282088215942, 48.09475857631341 ], [ -1.629282461715587, 48.094759214492427 ], [ -1.629282851805114, 48.094759848228513 ], [ -1.629283258366115, 48.094760477329302 ], [ -1.62928368127518, 48.094761101603829 ], [ -1.629284120403938, 48.094761720862621 ], [ -1.629284575619095, 48.094762334917682 ], [ -1.629285046782474, 48.094762943582637 ], [ -1.629285533751053, 48.094763546672709 ], [ -1.629286036377019, 48.094764144004863 ], [ -1.629286554507802, 48.094764735397753 ], [ -1.629287087986127, 48.094765320671883 ], [ -1.629287636650059, 48.094765899649595 ], [ -1.629288200333056, 48.094766472155143 ], [ -1.629288778864016, 48.094767038014744 ], [ -1.629289372067327, 48.094767597056645 ], [ -1.629289979762928, 48.094768149111133 ], [ -1.629290601766356, 48.094768694010661 ], [ -1.629291237888806, 48.094769231589801 ], [ -1.629291887937188, 48.094769761685392 ], [ -1.629292551714183, 48.094770284136537 ], [ -1.629293229018306, 48.094770798784623 ], [ -1.629293919643965, 48.094771305473451 ], [ -1.629294623381528, 48.094771804049209 ], [ -1.629311133858814, 48.094784831417911 ] ], [ [ -1.629670752778728, 48.095102646994889 ], [ -1.629671170273198, 48.095090656746223 ], [ -1.62967137917322, 48.095089754248207 ], [ -1.629671564591139, 48.095088849464695 ], [ -1.629671726471104, 48.095087942668229 ], [ -1.629671864764356, 48.095087034131936 ], [ -1.62967197942924, 48.09508612412948 ], [ -1.629672070431217, 48.095085212934961 ], [ -1.629672137742878, 48.09508430082284 ], [ -1.629672181343946, 48.095083388067842 ], [ -1.62967220122129, 48.09508247494491 ], [ -1.629672197368922, 48.095081561729089 ], [ -1.629672169788001, 48.095080648695429 ], [ -1.629672118486837, 48.095079736118961 ], [ -1.629672043480881, 48.095078824274552 ], [ -1.629671944792726, 48.09507791343686 ], [ -1.629671822452097, 48.095077003880242 ], [ -1.629671676495845, 48.095076095878646 ], [ -1.629671506967932, 48.095075189705604 ], [ -1.629671313919423, 48.095074285634034 ], [ -1.629671097408464, 48.095073383936253 ], [ -1.629670857500273, 48.095072484883893 ], [ -1.629670594267109, 48.095071588747707 ], [ -1.629670307788262, 48.095070695797659 ], [ -1.629669998150023, 48.095069806302696 ], [ -1.629669665445656, 48.09506892053075 ], [ -1.629669309775374, 48.0950680387486 ], [ -1.62966893124631, 48.095067161221877 ], [ -1.62966852997248, 48.095066288214888 ], [ -1.62966810607475, 48.09506541999059 ], [ -1.629667659680803, 48.095064556810513 ], [ -1.629667190925095, 48.095063698934624 ], [ -1.629666699948822, 48.095062846621346 ], [ -1.629666186899869, 48.095062000127413 ], [ -1.629665651932771, 48.095061159707768 ], [ -1.629665095208665, 48.095060325615584 ], [ -1.629664516895241, 48.095059498102074 ], [ -1.629663917166692, 48.095058677416503 ], [ -1.629663296203662, 48.095057863806069 ], [ -1.629662654193191, 48.095057057515831 ], [ -1.629661991328657, 48.095056258788659 ], [ -1.629661307809722, 48.095055467865137 ], [ -1.629660603842267, 48.095054684983502 ], [ -1.629659879638334, 48.095053910379562 ], [ -1.62965913541606, 48.095053144286616 ], [ -1.62965837139961, 48.09505238693545 ], [ -1.629657587819113, 48.095051638554168 ], [ -1.629656784910592, 48.095050899368196 ], [ -1.62965596291589, 48.095050169600164 ], [ -1.629315751432183, 48.094788415566569 ], [ -1.62931543749202, 48.094788231281612 ], [ -1.629315128400989, 48.094788043375623 ], [ -1.629314824252707, 48.094787851905522 ], [ -1.62931452513929, 48.094787656929299 ], [ -1.629314231151328, 48.094787458505991 ], [ -1.629313942377859, 48.094787256695703 ], [ -1.629313658906343, 48.094787051559564 ], [ -1.629313380822633, 48.094786843159682 ], [ -1.62931310821095, 48.094786631559188 ], [ -1.629312841153859, 48.094786416822174 ], [ -1.629312579732241, 48.094786199013662 ], [ -1.629312324025272, 48.094785978199624 ], [ -1.629312074110397, 48.094785754446939 ], [ -1.629311830063305, 48.094785527823369 ], [ -1.629311591957909, 48.094785298397547 ], [ -1.629311359866323, 48.09478506623897 ], [ -1.629311133858839, 48.09478483141794 ], [ -1.629311133858826, 48.094784831417925 ] ], [ [ -1.629638303271984, 48.09430636933498 ], [ -1.629606726256116, 48.094324093778958 ] ], [ [ -1.629606726256116, 48.094324093778958 ], [ -1.62960672806576, 48.094324092777775 ] ], [ [ -1.629605793829612, 48.094324617157774 ], [ -1.629606174522768, 48.094324399023861 ], [ -1.629606726256116, 48.094324093778958 ] ], [ [ -1.629606726256116, 48.094324093778958 ], [ -1.629605793829612, 48.094324617157774 ] ], [ [ -1.629605793829612, 48.094324617157774 ], [ -1.629514403148269, 48.094375915514092 ] ], [ [ -1.629601693969049, 48.094363947669613 ], [ -1.62960122506727, 48.094363583812104 ], [ -1.6296007656484, 48.094363214597578 ], [ -1.629600315849606, 48.094362840136256 ], [ -1.629599875805184, 48.094362460539955 ], [ -1.629599445646521, 48.094362075922007 ], [ -1.629599025502049, 48.094361686397249 ], [ -1.629598615497211, 48.094361292081985 ], [ -1.629598215754422, 48.094360893093942 ], [ -1.629597826393034, 48.094360489552244 ], [ -1.629597447529298, 48.094360081577371 ], [ -1.629597079276334, 48.094359669291144 ], [ -1.62959672174409, 48.094359252816666 ], [ -1.629596375039315, 48.094358832278267 ], [ -1.629596039265526, 48.094358407801515 ], [ -1.629595714522973, 48.094357979513148 ], [ -1.629595400908617, 48.094357547541037 ], [ -1.629595098516094, 48.094357112014151 ], [ -1.629594807435688, 48.094356673062549 ], [ -1.629594527754308, 48.094356230817247 ], [ -1.62959425955546, 48.094355785410336 ], [ -1.629594002919218, 48.094355336974765 ], [ -1.629593757922209, 48.094354885644442 ], [ -1.62959352463758, 48.094354431554116 ], [ -1.629593303134983, 48.094353974839365 ], [ -1.629593093480554, 48.094353515636541 ], [ -1.629592895736887, 48.094353054082767 ], [ -1.629592709963025, 48.094352590315836 ], [ -1.629592536214433, 48.094352124474227 ], [ -1.629592374542989, 48.094351656697008 ], [ -1.629592224996962, 48.094351187123856 ], [ -1.629592087621003, 48.094350715894976 ], [ -1.629591962456128, 48.094350243151055 ], [ -1.629591849539707, 48.094349769033251 ], [ -1.629591748905455, 48.094349293683109 ], [ -1.629591660583417, 48.094348817242562 ], [ -1.629591584599965, 48.094348339853859 ], [ -1.629591520977784, 48.094347861659529 ], [ -1.62959146973587, 48.094347382802361 ], [ -1.629591430889523, 48.094346903425318 ], [ -1.629591404450341, 48.094346423671539 ], [ -1.629591390426218, 48.094345943684239 ], [ -1.629591388821342, 48.094345463606764 ], [ -1.62959139963619, 48.094344983582417 ], [ -1.629591422867535, 48.094344503754535 ], [ -1.629591458508441, 48.094344024266384 ], [ -1.629591506548265, 48.094343545261125 ], [ -1.629591566972664, 48.094343066881763 ], [ -1.629591639763599, 48.094342589271143 ], [ -1.629591724899335, 48.094342112571866 ], [ -1.629591822354452, 48.094341636926231 ], [ -1.629591932099855, 48.094341162476297 ], [ -1.629592054102776, 48.09434068936369 ], [ -1.629592188326789, 48.094340217729687 ], [ -1.629592334731818, 48.094339747715082 ], [ -1.62959249327415, 48.094339279460222 ], [ -1.629592663906451, 48.094338813104919 ], [ -1.629592846577774, 48.094338348788405 ], [ -1.629593041233578, 48.094337886649313 ], [ -1.629593247815745, 48.094337426825625 ], [ -1.629593466262595, 48.094336969454623 ], [ -1.629593696508908, 48.094336514672882 ], [ -1.629593938485937, 48.094336062616179 ], [ -1.629594192121435, 48.094335613419474 ], [ -1.629594457339674, 48.094335167216897 ], [ -1.629594734061469, 48.094334724141667 ], [ -1.629595022204197, 48.094334284326081 ], [ -1.629595321681827, 48.094333847901446 ], [ -1.629595632404945, 48.094333414998054 ], [ -1.629595954280776, 48.09433298574519 ], [ -1.62959628721322, 48.094332560270992 ], [ -1.62959663110287, 48.094332138702505 ], [ -1.629596985847053, 48.094331721165581 ], [ -1.629597351339852, 48.094331307784913 ], [ -1.62959772747214, 48.094330898683893 ], [ -1.629598114131617, 48.094330493984693 ], [ -1.629598511202836, 48.094330093808125 ], [ -1.629598918567244, 48.09432969827369 ], [ -1.629599336103213, 48.094329307499464 ], [ -1.629599763686079, 48.094328921602127 ], [ -1.629600201188179, 48.0943285406969 ], [ -1.629600648478886, 48.094328164897519 ], [ -1.629601105424654, 48.094327794316165 ], [ -1.629601571889051, 48.094327429063497 ], [ -1.629602047732804, 48.094327069248578 ], [ -1.62960253281384, 48.094326714978827 ], [ -1.629603026987329, 48.094326366360008 ], [ -1.629603530105723, 48.094326023496222 ], [ -1.629604042018807, 48.094325686489839 ], [ -1.629604562573739, 48.094325355441477 ], [ -1.629605091615095, 48.094325030449973 ], [ -1.629605628984919, 48.094324711612373 ], [ -1.629605793829612, 48.094324617157774 ] ], [ [ -1.629601693969049, 48.094363947669613 ], [ -1.629601134001813, 48.09436356900067 ], [ -1.629600564243755, 48.094363196904027 ], [ -1.629599984867769, 48.09436283149261 ], [ -1.629599396049667, 48.094362472877286 ], [ -1.629598797968124, 48.094362121166903 ], [ -1.62959819080463, 48.094361776468162 ], [ -1.629597574743427, 48.09436143888567 ], [ -1.62959694997146, 48.094361108521881 ], [ -1.629596316678315, 48.094360785477029 ], [ -1.629595675056165, 48.094360469849143 ], [ -1.62959502529971, 48.094360161733988 ], [ -1.629594367606119, 48.094359861225094 ], [ -1.629593702174968, 48.094359568413623 ], [ -1.629593029208184, 48.094359283388442 ], [ -1.629592348909977, 48.09435900623604 ], [ -1.629591661486783, 48.094358737040508 ], [ -1.629590967147202, 48.09435847588356 ], [ -1.629590266101931, 48.094358222844406 ], [ -1.629589558563701, 48.09435797799987 ], [ -1.629588844747216, 48.094357741424218 ], [ -1.629588124869082, 48.094357513189259 ], [ -1.629587399147746, 48.094357293364247 ], [ -1.629586667803429, 48.094357082015883 ], [ -1.629585931058057, 48.094356879208298 ], [ -1.629585189135195, 48.094356685003042 ], [ -1.62958444225998, 48.094356499459046 ], [ -1.62958369065905, 48.094356322632613 ], [ -1.62958293456048, 48.094356154577397 ], [ -1.629582174193706, 48.094355995344394 ], [ -1.629581409789463, 48.094355844981926 ], [ -1.629580641579708, 48.094355703535633 ], [ -1.629579869797555, 48.094355571048411 ], [ -1.629579094677201, 48.094355447560488 ], [ -1.629578316453856, 48.09435533310932 ], [ -1.629577535363672, 48.094355227729643 ], [ -1.629576751643671, 48.094355131453433 ], [ -1.629575965531672, 48.0943550443099 ], [ -1.62957517726622, 48.094354966325504 ], [ -1.629574387086516, 48.094354897523907 ], [ -1.629573595232339, 48.094354837925962 ], [ -1.629572801943977, 48.094354787549783 ], [ -1.629572007462152, 48.094354746410637 ], [ -1.629571212027952, 48.094354714521025 ], [ -1.62957041588275, 48.094354691890608 ], [ -1.629569619268135, 48.094354678526258 ], [ -1.629568822425842, 48.094354674432033 ], [ -1.629568025597671, 48.094354679609182 ], [ -1.62956722902542, 48.094354694056115 ], [ -1.629566432950808, 48.094354717768475 ], [ -1.629565637615405, 48.094354750739036 ], [ -1.629564843260555, 48.094354792957816 ], [ -1.629564050127304, 48.094354844411988 ], [ -1.62956325845633, 48.094354905085957 ], [ -1.629562468487863, 48.094354974961298 ], [ -1.629561680461621, 48.094355054016809 ], [ -1.62956089461673, 48.094355142228501 ], [ -1.629560111191654, 48.094355239569602 ], [ -1.629559330424122, 48.09435534601058 ], [ -1.629558552551061, 48.094355461519143 ], [ -1.629557777808514, 48.094355586060225 ], [ -1.629557006431577, 48.094355719596045 ], [ -1.629556238654324, 48.094355862086061 ], [ -1.629555474709739, 48.094356013487058 ], [ -1.629554714829638, 48.094356173753084 ], [ -1.629553959244608, 48.094356342835511 ], [ -1.629553208183931, 48.094356520683021 ], [ -1.629552461875516, 48.094356707241658 ], [ -1.629551720545831, 48.094356902454798 ], [ -1.629550984419832, 48.094357106263217 ], [ -1.629550253720895, 48.094357318605063 ], [ -1.629549528670753, 48.094357539415888 ], [ -1.62954880948942, 48.094357768628711 ], [ -1.629548096395133, 48.094358006173969 ], [ -1.62954738960428, 48.094358251979564 ], [ -1.629546689331336, 48.094358505970931 ], [ -1.6295459957888, 48.094358768070968 ], [ -1.629545309187126, 48.094359038200167 ], [ -1.629544629734664, 48.094359316276531 ], [ -1.629543957637593, 48.094359602215711 ], [ -1.629543293099863, 48.094359895930914 ], [ -1.629542636323125, 48.09436019733301 ], [ -1.629541987506679, 48.094360506330545 ], [ -1.629541346847408, 48.094360822829756 ], [ -1.629540714539722, 48.094361146734606 ] ], [ [ -1.629514403148269, 48.094375915514092 ], [ -1.629514547192453, 48.094375845104729 ], [ -1.62951505451127, 48.094375587927935 ], [ -1.629515555034595, 48.094375324878264 ], [ -1.629516048610044, 48.094375056035794 ], [ -1.629516535087348, 48.094374781482379 ], [ -1.629517014318401, 48.094374501301601 ], [ -1.629517486157301, 48.094374215578767 ], [ -1.629517950460398, 48.094373924400855 ] ], [ [ -1.629463099868966, 48.09437053190031 ], [ -1.629463476221728, 48.094370875072677 ], [ -1.629463861481939, 48.09437121380698 ], [ -1.629464255532308, 48.09437154800009 ], [ -1.629464658252868, 48.09437187755028 ], [ -1.629465069521008, 48.094372202357192 ], [ -1.629465489211521, 48.094372522321969 ], [ -1.629465917196631, 48.09437283734718 ], [ -1.62946635334604, 48.094373147336903 ], [ -1.629466797526961, 48.094373452196791 ], [ -1.629467249604165, 48.09437375183402 ], [ -1.629467709440018, 48.094374046157348 ], [ -1.629468176894523, 48.094374335077198 ], [ -1.629468651825363, 48.094374618505583 ], [ -1.629469134087948, 48.094374896356229 ], [ -1.629469623535452, 48.094375168544545 ], [ -1.629470120018865, 48.094375434987661 ], [ -1.629470623387032, 48.094375695604455 ], [ -1.629471133486704, 48.094375950315573 ], [ -1.629471650162582, 48.094376199043502 ], [ -1.629472173257363, 48.094376441712484 ], [ -1.629472702611794, 48.094376678248643 ], [ -1.629473238064712, 48.094376908579974 ], [ -1.629473779453099, 48.094377132636374 ], [ -1.629474326612131, 48.094377350349589 ], [ -1.629474879375226, 48.094377561653353 ], [ -1.629475437574096, 48.094377766483348 ], [ -1.629476001038797, 48.094377964777209 ], [ -1.629476569597784, 48.094378156474541 ], [ -1.62947714307796, 48.094378341517015 ], [ -1.629477721304729, 48.094378519848277 ], [ -1.629478304102052, 48.094378691414036 ], [ -1.629478891292495, 48.094378856162066 ], [ -1.62947948269729, 48.094379014042211 ], [ -1.629480078136385, 48.094379165006387 ], [ -1.629480677428499, 48.094379309008659 ], [ -1.629481280391177, 48.094379446005163 ], [ -1.62948188684085, 48.094379575954193 ], [ -1.629482496592884, 48.094379698816212 ], [ -1.62948310946164, 48.094379814553783 ], [ -1.629483725260533, 48.094379923131683 ], [ -1.629484343802082, 48.094380024516852 ], [ -1.629484964897973, 48.094380118678437 ], [ -1.629485588359116, 48.094380205587761 ], [ -1.629486213995697, 48.094380285218357 ], [ -1.629486841617243, 48.094380357545994 ], [ -1.629487471032674, 48.094380422548646 ], [ -1.629488102050367, 48.094380480206517 ], [ -1.629488734478209, 48.094380530502072 ], [ -1.629489368123658, 48.094380573419976 ], [ -1.629490002793802, 48.094380608947176 ], [ -1.629490638295415, 48.094380637072859 ], [ -1.629491274435021, 48.094380657788456 ], [ -1.629491911018947, 48.094380671087649 ], [ -1.629492547853386, 48.094380676966409 ], [ -1.629493184744456, 48.094380675422933 ], [ -1.629493821498255, 48.094380666457702 ], [ -1.629494457920924, 48.09438065007344 ], [ -1.629495093818706, 48.094380626275125 ], [ -1.629495728998002, 48.094380595070014 ], [ -1.629496363265432, 48.094380556467613 ], [ -1.629496996427896, 48.094380510479667 ], [ -1.629497628292627, 48.094380457120174 ], [ -1.629498258667255, 48.094380396405377 ], [ -1.629498887359863, 48.094380328353765 ], [ -1.629499514179046, 48.094380252986056 ], [ -1.629500138933972, 48.094380170325202 ], [ -1.629500761434433, 48.094380080396363 ], [ -1.629501381490909, 48.094379983226908 ], [ -1.629501998914627, 48.094379878846439 ], [ -1.629502613517611, 48.094379767286725 ], [ -1.629503225112748, 48.094379648581722 ], [ -1.629503833513836, 48.094379522767589 ], [ -1.629504438535651, 48.094379389882604 ], [ -1.629505039993993, 48.094379249967261 ], [ -1.629505637705749, 48.094379103064107 ], [ -1.629506231488947, 48.094378949217912 ], [ -1.62950682116281, 48.094378788475488 ], [ -1.629507406547813, 48.094378620885792 ], [ -1.629507987465737, 48.094378446499817 ], [ -1.62950856373972, 48.094378265370686 ], [ -1.629509135194319, 48.094378077553529 ], [ -1.629509701655553, 48.094377883105516 ], [ -1.629510262950965, 48.09437768208587 ], [ -1.629510818909669, 48.094377474555777 ], [ -1.629511369362404, 48.094377260578412 ], [ -1.629511914141585, 48.094377040218944 ], [ -1.629512453081356, 48.094376813544436 ], [ -1.629512986017636, 48.094376580623916 ], [ -1.629513512788175, 48.094376341528282 ], [ -1.629514033232597, 48.094376096330336 ], [ -1.629514403148269, 48.094375915514092 ] ], [ [ -1.629514403148269, 48.094375915514092 ], [ -1.629456778663787, 48.094408260620774 ] ], [ [ -1.629463099868966, 48.09437053190031 ], [ -1.629463502541891, 48.094371044614547 ], [ -1.629463891873618, 48.094371561905078 ], [ -1.629464267747607, 48.094372083617039 ], [ -1.629464630051345, 48.094372609594267 ], [ -1.629464978676376, 48.094373139679313 ], [ -1.629465313518343, 48.094373673713498 ], [ -1.629465634477014, 48.094374211536966 ], [ -1.629465941456311, 48.094374752988728 ], [ -1.629466234364343, 48.094375297906687 ], [ -1.62946651311343, 48.094375846127754 ], [ -1.629466777620131, 48.094376397487792 ], [ -1.629467027805267, 48.094376951821772 ], [ -1.629467263593947, 48.094377508963753 ], [ -1.629467484915589, 48.09437806874697 ], [ -1.629467691703943, 48.094378631003835 ], [ -1.629467883897108, 48.094379195566063 ], [ -1.629468061437553, 48.094379762264644 ], [ -1.629468224272131, 48.094380330929937 ], [ -1.6294683723521, 48.094380901391723 ], [ -1.629468505633132, 48.094381473479238 ], [ -1.629468624075332, 48.094382047021227 ], [ -1.629468727643244, 48.094382621846023 ], [ -1.629468816305866, 48.094383197781525 ], [ -1.629468890036658, 48.094383774655348 ], [ -1.629468948813548, 48.094384352294817 ], [ -1.629468992618943, 48.094384930526999 ], [ -1.629469021439729, 48.094385509178821 ], [ -1.62946903526728, 48.094386088077073 ], [ -1.629469034097455, 48.094386667048447 ], [ -1.629469017930606, 48.094387245919648 ], [ -1.629468986771571, 48.094387824517383 ], [ -1.629468940629679, 48.09438840266845 ], [ -1.62946887951874, 48.094388980199803 ], [ -1.629468803457049, 48.094389556938552 ], [ -1.629468712467373, 48.094390132712057 ], [ -1.62946860657695, 48.094390707347948 ], [ -1.629468485817478, 48.09439128067423 ], [ -1.629468350225104, 48.094391852519287 ], [ -1.629468199840418, 48.09439242271192 ], [ -1.629468034708436, 48.094392991081463 ], [ -1.629467854878589, 48.094393557457778 ], [ -1.629467660404708, 48.094394121671314 ], [ -1.629467451345006, 48.094394683553183 ], [ -1.629467227762066, 48.0943952429352 ], [ -1.629466989722814, 48.094395799649895 ], [ -1.629466737298506, 48.094396353530641 ], [ -1.629466470564703, 48.094396904411624 ], [ -1.62946618960125, 48.094397452127957 ], [ -1.629465894492251, 48.094397996515681 ], [ -1.629465585326046, 48.09439853741182 ], [ -1.629465262195181, 48.094399074654483 ], [ -1.629464925196382, 48.094399608082831 ], [ -1.629464574430528, 48.094400137537207 ], [ -1.629464210002617, 48.094400662859108 ], [ -1.62946383202174, 48.094401183891286 ], [ -1.629463440601042, 48.094401700477782 ], [ -1.629463035857691, 48.094402212463947 ], [ -1.629462617912845, 48.094402719696532 ], [ -1.629462186891611, 48.094403222023686 ], [ -1.629461742923014, 48.094403719295066 ], [ -1.629461286139953, 48.094404211361791 ], [ -1.629460816679161, 48.09440469807658 ], [ -1.629460334681169, 48.094405179293737 ], [ -1.629459840290259, 48.094405654869213 ], [ -1.629459333654423, 48.094406124660644 ], [ -1.629458814925319, 48.094406588527406 ], [ -1.629458284258225, 48.094407046330645 ], [ -1.629457741811993, 48.094407497933318 ], [ -1.629457187748999, 48.094407943200231 ], [ -1.629456778663787, 48.094408260620774 ] ], [ [ -1.629417663855222, 48.094334240484635 ], [ -1.629463099868966, 48.09437053190031 ] ], [ [ -1.629456778663787, 48.094408260620774 ], [ -1.629456031246314, 48.094408680152476 ] ], [ [ -1.629456778663787, 48.094408260620774 ], [ -1.629456622235098, 48.094408381998129 ], [ -1.629456031246314, 48.094408680152476 ] ], [ [ -1.629456031246314, 48.094408680152476 ], [ -1.629082096167931, 48.094618163952738 ], [ -1.629081476535275, 48.094618366208778 ], [ -1.629080862241659, 48.094618575604009 ], [ -1.629080253471455, 48.094618792075586 ], [ -1.629079650407377, 48.094619015558528 ], [ -1.62907905323043, 48.094619245985761 ], [ -1.629078462119846, 48.094619483288142 ], [ -1.629077877253042, 48.094619727394424 ], [ -1.629077298805559, 48.094619978231357 ], [ -1.629076726951009, 48.094620235723653 ], [ -1.629076161861029, 48.094620499794019 ], [ -1.629075603705223, 48.0946207703632 ], [ -1.629075052651115, 48.094621047349996 ], [ -1.629074508864097, 48.094621330671266 ], [ -1.62907397250738, 48.094621620241981 ], [ -1.629073443741945, 48.09462191597521 ], [ -1.629072922726495, 48.094622217782231 ], [ -1.629072409617406, 48.094622525572426 ], [ -1.629071904568681, 48.094622839253432 ], [ -1.629071407731906, 48.094623158731082 ], [ -1.629070919256199, 48.094623483909515 ], [ -1.62907043928817, 48.094623814691111 ], [ -1.629069967971876, 48.0946241509766 ], [ -1.629069505448777, 48.094624492665048 ], [ -1.629069051857694, 48.09462483965391 ], [ -1.629068607334766, 48.094625191839036 ], [ -1.629068172013412, 48.094625549114703 ], [ -1.629067746024288, 48.094625911373704 ], [ -1.629067329495249, 48.094626278507292 ], [ -1.629066922551311, 48.094626650405303 ], [ -1.629066525314615, 48.09462702695609 ], [ -1.629066137904385, 48.094627408046648 ], [ -1.629065760436899, 48.09462779356258 ], [ -1.629065393025448, 48.094628183388217 ], [ -1.629065035780306, 48.094628577406503 ], [ -1.629064688808697, 48.094628975499241 ], [ -1.629064352214759, 48.094629377546887 ], [ -1.629064026099518, 48.094629783428815 ], [ -1.629063710560852, 48.094630193023185 ], [ -1.629063405693467, 48.094630606207069 ], [ -1.629063111588865, 48.094631022856447 ], [ -1.629062828335319, 48.094631442846271 ], [ -1.629062556017842, 48.094631866050491 ], [ -1.629062294718168, 48.094632292342077 ], [ -1.629062044514724, 48.094632721593086 ], [ -1.629061805482603, 48.0946331536747 ], [ -1.629061577693549, 48.094633588457206 ], [ -1.629061361215931, 48.09463402581013 ], [ -1.629061156114721, 48.094634465602198 ], [ -1.629060962451478, 48.094634907701412 ], [ -1.629060780284327, 48.094635351975086 ], [ -1.629060609667944, 48.094635798289872 ], [ -1.629060450653537, 48.094636246511818 ], [ -1.629060303288832, 48.094636696506385 ], [ -1.62906016761806, 48.094637148138531 ], [ -1.62906004368194, 48.094637601272687 ], [ -1.62905993151767, 48.094638055772855 ], [ -1.629059831158915, 48.094638511502623 ], [ -1.629059742635796, 48.094638968325214 ], [ -1.629059665974882, 48.094639426103519 ], [ -1.629059601199183, 48.094639884700129 ], [ -1.629059548328139, 48.09464034397741 ], [ -1.629059507377621, 48.094640803797503 ], [ -1.629059478359917, 48.094641264022435 ], [ -1.629059461283738, 48.094641724514034 ], [ -1.629059456154209, 48.094642185134106 ], [ -1.629059462972869, 48.094642645744408 ], [ -1.629059481737672, 48.094643106206682 ], [ -1.629059512442985, 48.094643566382736 ], [ -1.629059555079594, 48.094644026134446 ], [ -1.629059609634701, 48.094644485323826 ], [ -1.629059676091932, 48.094644943813044 ], [ -1.62905975443134, 48.094645401464518 ], [ -1.629059844629414, 48.094645858140851 ], [ -1.629059946659081, 48.09464631370502 ], [ -1.629060060489718, 48.094646768020262 ], [ -1.629060186087161, 48.094647220950222 ], [ -1.629060323413712, 48.094647672358981 ], [ -1.629060472428156, 48.094648122111032 ], [ -1.629060633085766, 48.094648570071392 ], [ -1.629060805338324, 48.094649016105627 ], [ -1.629060989134131, 48.094649460079836 ], [ -1.629061184418021, 48.094649901860791 ], [ -1.629061391131383, 48.094650341315884 ], [ -1.629061609212175, 48.094650778313216 ], [ -1.629061838594942, 48.094651212721644 ], [ -1.629062079210837, 48.094651644410774 ], [ -1.629062330987644, 48.094652073251034 ], [ -1.629062593849793, 48.094652499113714 ], [ -1.629062867718391, 48.094652921871017 ], [ -1.629063152511238, 48.094653341396047 ], [ -1.629063448142858, 48.094653757562874 ], [ -1.62906375452452, 48.094654170246599 ], [ -1.629064071564268, 48.094654579323354 ], [ -1.629064399166946, 48.094654984670392 ], [ -1.629064737234229, 48.094655386166011 ], [ -1.629065085664648, 48.094655783689724 ], [ -1.629065444353628, 48.094656177122225 ], [ -1.629065813193511, 48.094656566345428 ], [ -1.629066192073596, 48.094656951242513 ], [ -1.629066580880165, 48.094657331697952 ], [ -1.629066979496524, 48.094657707597548 ], [ -1.629067387803033, 48.094658078828495 ], [ -1.629067805677143, 48.094658445279379 ], [ -1.629068232993434, 48.094658806840194 ], [ -1.629068669623652, 48.094659163402433 ], [ -1.62906911543675, 48.094659514859075 ], [ -1.62906957029892, 48.094659861104631 ], [ -1.629070034073641, 48.094660202035186 ], [ -1.629070506621718, 48.094660537548421 ], [ -1.62907098780132, 48.094660867543624 ], [ -1.629071477468028, 48.094661191921752 ], [ -1.629071975474874, 48.094661510585453 ], [ -1.629072481672387, 48.094661823439083 ], [ -1.629072995908638, 48.094662130388741 ], [ -1.629073518029285, 48.094662431342286 ], [ -1.629074047877621, 48.094662726209414 ], [ -1.629074585294617, 48.094663014901606 ], [ -1.629075130118975, 48.094663297332232 ], [ -1.629075682187171, 48.094663573416518 ], [ -1.629165477917829, 48.094733829489002 ], [ -1.629167510163139, 48.094735592500257 ], [ -1.629169587696327, 48.094737331804851 ], [ -1.629171709897591, 48.094739046883902 ], [ -1.629173876133801, 48.094740737225735 ], [ -1.629176085758694, 48.094742402326084 ], [ -1.629178338113058, 48.094744041688159 ], [ -1.629180632524938, 48.094745654822894 ], [ -1.629182968309828, 48.094747241249046 ], [ -1.62918534477088, 48.094748800493328 ], [ -1.629187761199112, 48.094750332090555 ], [ -1.629190216873617, 48.094751835583814 ], [ -1.629192711061781, 48.094753310524545 ], [ -1.629195243019497, 48.094754756472732 ], [ -1.629197811991394, 48.094756172997002 ], [ -1.629200417211055, 48.094757559674761 ], [ -1.629203057901251, 48.094758916092303 ], [ -1.62920573327417, 48.094760241844973 ], [ -1.629208442531653, 48.094761536537256 ], [ -1.629211184865432, 48.094762799782892 ], [ -1.629213959457372, 48.094764031205017 ], [ -1.629216765479714, 48.094765230436259 ], [ -1.62921960209532, 48.094766397118839 ], [ -1.629222468457928, 48.094767530904711 ], [ -1.629225363712399, 48.094768631455615 ], [ -1.629228286994977, 48.094769698443216 ], [ -1.629231237433542, 48.094770731549218 ], [ -1.629234214147874, 48.094771730465396 ], [ -1.629237216249912, 48.094772694893742 ], [ -1.629240242844024, 48.094773624546526 ], [ -1.629243293027268, 48.094774519146405 ], [ -1.629246365889666, 48.094775378426498 ], [ -1.629249460514474, 48.094776202130447 ], [ -1.629252575978456, 48.094776990012527 ], [ -1.629255711352157, 48.09477774183766 ], [ -1.629258865700185, 48.094778457381565 ], [ -1.629262038081485, 48.094779136430788 ], [ -1.629265227549623, 48.094779778782723 ], [ -1.629268433153067, 48.094780384245738 ], [ -1.629271653935472, 48.094780952639212 ], [ -1.629274888935964, 48.094781483793554 ], [ -1.629278137189427, 48.09478197755034 ], [ -1.629281397726791, 48.094782433762227 ], [ -1.629284669575323, 48.094782852293143 ], [ -1.629287951758914, 48.094783233018205 ], [ -1.629291243298371, 48.09478357582384 ], [ -1.629294543211712, 48.094783880607771 ], [ -1.629297850514454, 48.094784147279071 ], [ -1.629301164219912, 48.094784375758209 ], [ -1.62930448333949, 48.09478456597698 ], [ -1.629307806882976, 48.094784717878653 ], [ -1.629311133858826, 48.094784831417925 ] ], [ [ -1.629311133858839, 48.094784831417925 ], [ -1.62931113385883, 48.094784831417925 ] ], [ [ -1.62931113385883, 48.094784831417925 ], [ -1.629311133858839, 48.094784831417932 ] ], [ [ -1.62931113385883, 48.094784831417925 ], [ -1.629311133858826, 48.094784831417925 ] ], [ [ -1.62931113385883, 48.094784831417925 ], [ -1.629311133858814, 48.094784831417911 ] ], [ [ -1.629311133858826, 48.094784831417925 ], [ -1.629311133858814, 48.094784831417911 ] ], [ [ -1.629306866106221, 48.095091560997361 ], [ -1.629307032339055, 48.095089034439631 ], [ -1.62930713317406, 48.095086506340387 ], [ -1.629307168581118, 48.095083977454699 ], [ -1.629307138549656, 48.095081448537869 ], [ -1.629307043088641, 48.095078920345188 ], [ -1.629306882226585, 48.095076393631757 ], [ -1.629306656011534, 48.095073869152216 ], [ -1.62930636451105, 48.095071347660571 ], [ -1.629306007812194, 48.095068829909877 ], [ -1.629305586021502, 48.095066316652144 ], [ -1.629305099264948, 48.095063808637967 ], [ -1.629304547687913, 48.095061306616444 ], [ -1.629303931455134, 48.095058811334823 ], [ -1.62930325075066, 48.095056323538387 ], [ -1.629302505777796, 48.095053843970142 ], [ -1.629301696759042, 48.095051373370687 ], [ -1.629300823936026, 48.095048912477878 ], [ -1.629299887569433, 48.09504646202673 ], [ -1.629298887938925, 48.095044022749107 ], [ -1.629297825343061, 48.095041595373552 ], [ -1.629296700099203, 48.095039180625044 ], [ -1.629295512543428, 48.095036779224792 ], [ -1.629294263030418, 48.095034391890017 ], [ -1.629292951933365, 48.09503201933375 ], [ -1.629291579643852, 48.095029662264594 ], [ -1.629290146571738, 48.095027321386539 ], [ -1.629288653145035, 48.095024997398724 ], [ -1.629287099809783, 48.095022690995258 ], [ -1.629285487029915, 48.095020402864996 ], [ -1.629283815287115, 48.095018133691326 ], [ -1.62928208508068, 48.095015884151977 ], [ -1.629280296927369, 48.09501365491883 ], [ -1.629278451361245, 48.095011446657686 ], [ -1.62927654893352, 48.095009260028071 ], [ -1.62927459021239, 48.09500709568308 ], [ -1.629272575782861, 48.095004954269136 ], [ -1.62927050624658, 48.095002836425813 ], [ -1.629268382221653, 48.095000742785636 ], [ -1.629136895616046, 48.094897501133161 ], [ -1.629135550054586, 48.094895836760969 ], [ -1.629134161209505, 48.094894188325924 ], [ -1.629132729503818, 48.094892556330109 ], [ -1.629131255373597, 48.094890941270599 ], [ -1.629129739267834, 48.094889343639302 ], [ -1.629128181648307, 48.094887763922841 ], [ -1.629126582989436, 48.09488620260236 ], [ -1.629124943778144, 48.094884660153426 ], [ -1.629123264513704, 48.094883137045834 ], [ -1.629121545707588, 48.094881633743483 ], [ -1.629119787883312, 48.09488015070427 ], [ -1.629117991576277, 48.094878688379879 ], [ -1.629116157333604, 48.094877247215742 ], [ -1.629114285713968, 48.094875827650789 ], [ -1.629112377287432, 48.0948744301174 ], [ -1.629110432635264, 48.094873055041241 ], [ -1.62910845234977, 48.094871702841139 ], [ -1.629106437034107, 48.094870373928941 ], [ -1.629104387302104, 48.094869068709414 ], [ -1.62910230377807, 48.094867787580107 ], [ -1.629100187096606, 48.094866530931242 ], [ -1.629098037902416, 48.094865299145553 ], [ -1.629095856850102, 48.094864092598229 ], [ -1.629093644603974, 48.094862911656755 ], [ -1.629091401837839, 48.094861756680849 ], [ -1.629089129234801, 48.094860628022268 ], [ -1.629086827487054, 48.094859526024798 ], [ -1.629084497295666, 48.094858451024088 ], [ -1.62908213937037, 48.094857403347561 ], [ -1.629079754429346, 48.094856383314315 ], [ -1.629077343199003, 48.094855391235058 ], [ -1.629074906413755, 48.094854427411939 ], [ -1.629072444815802, 48.094853492138533 ], [ -1.6290699591549, 48.094852585699691 ], [ -1.629067450188136, 48.094851708371507 ], [ -1.629064918679693, 48.094850860421225 ], [ -1.629062365400621, 48.094850042107076 ], [ -1.629059791128602, 48.094849253678326 ], [ -1.62905719664771, 48.094848495375125 ], [ -1.629054582748176, 48.094847767428426 ], [ -1.629051950226144, 48.094847070059949 ], [ -1.629049299883432, 48.094846403482116 ], [ -1.629046632527283, 48.09484576789793 ], [ -1.629043948970125, 48.094845163500992 ], [ -1.629041250029319, 48.094844590475397 ], [ -1.629038536526912, 48.094844048995668 ], [ -1.629035809289385, 48.094843539226737 ], [ -1.629033069147404, 48.094843061323871 ], [ -1.629030316935566, 48.09484261543264 ], [ -1.629027553492141, 48.094842201688827 ], [ -1.629024779658823, 48.094841820218484 ], [ -1.62902199628047, 48.094841471137777 ], [ -1.629019204204847, 48.094841154553052 ], [ -1.629016404282367, 48.094840870560709 ], [ -1.629013597365835, 48.094840619247265 ], [ -1.629010784310184, 48.094840400689264 ], [ -1.629007965972219, 48.094840214953273 ], [ -1.629005143210352, 48.094840062095862 ], [ -1.629002316884344, 48.094839942163581 ], [ -1.628999487855041, 48.09483985519298 ], [ -1.628996656984112, 48.09483980121054 ], [ -1.628993825133788, 48.094839780232689 ], [ -1.628990993166595, 48.094839792265844 ], [ -1.628988161945101, 48.094839837306303 ], [ -1.628985332331639, 48.094839915340387 ], [ -1.628982505188059, 48.094840026344301 ], [ -1.628979681375456, 48.09484017028425 ], [ -1.628976861753908, 48.094840347116381 ], [ -1.628974047182221, 48.094840556786842 ], [ -1.62897123851766, 48.094840799231768 ], [ -1.628968436615692, 48.094841074377307 ], [ -1.628965642329723, 48.094841382139677 ], [ -1.628963583636787, 48.094841336831301 ], [ -1.628961524076767, 48.094841315385558 ], [ -1.628959464269661, 48.094841317808893 ], [ -1.628957404835541, 48.09484134410058 ], [ -1.628955346394366, 48.094841394252718 ], [ -1.628953289565797, 48.094841468250173 ], [ -1.628951234969008, 48.094841566070706 ], [ -1.628949183222504, 48.094841687684841 ], [ -1.628947134943929, 48.094841833056009 ], [ -1.628945090749884, 48.094842002140403 ], [ -1.628943051255742, 48.094842194887136 ], [ -1.628941017075458, 48.094842411238204 ], [ -1.628938988821392, 48.094842651128452 ], [ -1.628936967104114, 48.094842914485682 ], [ -1.628934952532232, 48.09484320123061 ], [ -1.628932945712199, 48.094843511276906 ], [ -1.628930947248137, 48.094843844531248 ], [ -1.62892895774165, 48.094844200893306 ], [ -1.628926977791648, 48.09484458025581 ], [ -1.628925007994162, 48.094844982504561 ], [ -1.628923048942169, 48.094845407518449 ], [ -1.62892110122541, 48.094845855169545 ], [ -1.628919165430212, 48.09484632532309 ], [ -1.628917242139317, 48.094846817837535 ], [ -1.628915331931701, 48.094847332564655 ], [ -1.628913435382399, 48.094847869349458 ], [ -1.628911553062338, 48.094848428030367 ], [ -1.62890968553816, 48.094849008439205 ], [ -1.628907833372054, 48.094849610401255 ], [ -1.628905997121583, 48.094850233735279 ], [ -1.628904177339521, 48.094850878253652 ], [ -1.628902374573686, 48.094851543762346 ], [ -1.628900589366769, 48.094852230061022 ], [ -1.62889882225618, 48.094852936943084 ], [ -1.628897073773877, 48.094853664195711 ], [ -1.628895344446215, 48.094854411600011 ], [ -1.628893634793778, 48.09485517893097 ], [ -1.62889194533123, 48.094855965957592 ], [ -1.628890276567158, 48.094856772442945 ], [ -1.628888629003914, 48.094857598144287 ], [ -1.628887003137472, 48.094858442813006 ], [ -1.628885399457272, 48.094859306194856 ], [ -1.628883818446078, 48.094860188029934 ], [ -1.628882260579826, 48.094861088052753 ], [ -1.628808499801071, 48.094888933351854 ], [ -1.628807790708072, 48.094889125989894 ], [ -1.628807086703992, 48.094889326781576 ], [ -1.628806387998986, 48.094889535666972 ], [ -1.628805694801629, 48.094889752583718 ], [ -1.62880500731885, 48.094889977467062 ], [ -1.628804325755874, 48.094890210249872 ], [ -1.628803650316155, 48.094890450862657 ], [ -1.628802981201324, 48.094890699233595 ], [ -1.628802318611121, 48.094890955288541 ], [ -1.628801662743339, 48.094891218951062 ], [ -1.628801013793764, 48.094891490142452 ], [ -1.628800371956117, 48.094891768781743 ], [ -1.628799737421997, 48.094892054785767 ], [ -1.628799110380821, 48.094892348069159 ], [ -1.62879849101977, 48.094892648544345 ], [ -1.628797879523732, 48.094892956121647 ], [ -1.628797276075248, 48.094893270709235 ], [ -1.628796680854458, 48.094893592213211 ], [ -1.628796094039041, 48.094893920537601 ], [ -1.628795515804173, 48.094894255584393 ], [ -1.628794946322464, 48.094894597253564 ], [ -1.628794385763913, 48.094894945443123 ], [ -1.628793834295855, 48.094895300049139 ], [ -1.628793292082911, 48.094895660965747 ], [ -1.628792759286941, 48.094896028085209 ], [ -1.628792236066991, 48.094896401297937 ], [ -1.628791722579251, 48.094896780492526 ], [ -1.628791218977004, 48.094897165555771 ], [ -1.628790725410583, 48.094897556372736 ], [ -1.628790242027324, 48.094897952826749 ], [ -1.628789768971525, 48.094898354799447 ], [ -1.628789306384401, 48.094898762170864 ], [ -1.628788854404039, 48.094899174819389 ], [ -1.628788413165363, 48.094899592621815 ], [ -1.628787982800089, 48.094900015453447 ], [ -1.628787563436688, 48.09490044318806 ], [ -1.628787155200345, 48.094900875697959 ], [ -1.628786758212926, 48.094901312854034 ], [ -1.628786372592936, 48.094901754525793 ], [ -1.62878599845549, 48.094902200581394 ], [ -1.628785635912272, 48.094902650887676 ], [ -1.628785285071508, 48.094903105310209 ], [ -1.628784946037928, 48.094903563713359 ], [ -1.628784618912739, 48.094904025960275 ], [ -1.628784303793593, 48.094904491912956 ], [ -1.628784000774556, 48.094904961432341 ], [ -1.628783709946086, 48.094905434378241 ], [ -1.628783431394999, 48.094905910609491 ], [ -1.628783165204446, 48.094906389983926 ], [ -1.628782911453888, 48.094906872358443 ], [ -1.628782670219076, 48.094907357589051 ], [ -1.628782441572019, 48.094907845530891 ], [ -1.628782225580974, 48.094908336038309 ], [ -1.628782022310416, 48.09490882896489 ], [ -1.628781831821025, 48.094909324163474 ], [ -1.628781654169665, 48.094909821486254 ], [ -1.628781489409367, 48.094910320784756 ], [ -1.628781337589315, 48.094910821909941 ], [ -1.628781198754829, 48.094911324712214 ], [ -1.628781072947353, 48.094911829041486 ], [ -1.628780960204442, 48.094912334747193 ], [ -1.628780860559754, 48.094912841678379 ], [ -1.628780774043031, 48.094913349683729 ], [ -1.628780700680102, 48.094913858611569 ], [ -1.628780640492866, 48.094914368310015 ], [ -1.628780593499289, 48.094914878626881 ], [ -1.628780559713401, 48.094915389409863 ], [ -1.628780539145286, 48.09491590050645 ], [ -1.628780531801085, 48.094916411764089 ], [ -1.62878053768299, 48.094916923030162 ], [ -1.628780556789244, 48.094917434152052 ], [ -1.628780589114145, 48.094917944977169 ], [ -1.628780634648044, 48.094918455353039 ], [ -1.628780693377347, 48.094918965127292 ], [ -1.628780765284523, 48.094919474147765 ], [ -1.628780850348106, 48.094919982262503 ], [ -1.628780948542704, 48.094920489319833 ], [ -1.628781059839005, 48.094920995168373 ], [ -1.628781184203785, 48.09492149965714 ], [ -1.628781321599919, 48.094922002635521 ], [ -1.628781471986391, 48.094922503953384 ], [ -1.628781635318311, 48.094923003461069 ], [ -1.62878181154692, 48.094923501009475 ], [ -1.628782000619612, 48.094923996450056 ], [ -1.62878220247995, 48.094924489634941 ], [ -1.628782074303004, 48.094925000119161 ], [ -1.628781932808448, 48.094925509031782 ], [ -1.628781778039368, 48.09492601621784 ], [ -1.628781610042895, 48.094926521522886 ], [ -1.628781428870187, 48.094927024793044 ], [ -1.628781234576413, 48.09492752587505 ], [ -1.628781027220741, 48.09492802461633 ], [ -1.628780806866314, 48.09492852086499 ], [ -1.628780573580233, 48.094929014469933 ], [ -1.62878032743354, 48.094929505280824 ], [ -1.628780068501189, 48.094929993148234 ], [ -1.628779796862031, 48.094930477923569 ], [ -1.628779512598785, 48.094930959459219 ], [ -1.628779215798015, 48.094931437608544 ], [ -1.628778906550101, 48.094931912225938 ], [ -1.628778584949216, 48.094932383166878 ], [ -1.628778251093293, 48.094932850287947 ], [ -1.628777905083998, 48.094933313446894 ], [ -1.628777547026697, 48.094933772502692 ], [ -1.628777177030424, 48.094934227315541 ], [ -1.628776795207851, 48.094934677746942 ], [ -1.62877640167525, 48.094935123659738 ], [ -1.628775996552458, 48.094935564918124 ], [ -1.628775579962844, 48.094936001387751 ], [ -1.628775152033267, 48.094936432935697 ], [ -1.628774712894038, 48.094936859430533 ], [ -1.628774262678885, 48.0949372807424 ], [ -1.628773801524906, 48.094937696742996 ], [ -1.628773329572531, 48.094938107305644 ], [ -1.628772846965478, 48.094938512305305 ], [ -1.628772353850711, 48.094938911618684 ], [ -1.628771850378392, 48.094939305124136 ], [ -1.628771336701837, 48.094939692701871 ], [ -1.628770812977472, 48.09494007423384 ], [ -1.628770279364779, 48.094940449603882 ], [ -1.628769736026253, 48.094940818697665 ], [ -1.628769183127353, 48.094941181402817 ], [ -1.628768620836444, 48.094941537608861 ], [ -1.628768049324756, 48.094941887207341 ], [ -1.628767468766325, 48.09494223009181 ], [ -1.628766879337942, 48.094942566157833 ], [ -1.628766281219097, 48.094942895303078 ], [ -1.628765674591931, 48.094943217427321 ], [ -1.628765059641171, 48.094943532432453 ], [ -1.628764436554082, 48.09494384022257 ], [ -1.628763805520406, 48.09494414070393 ], [ -1.628763166732305, 48.094944433785038 ], [ -1.6287625203843, 48.094944719376635 ], [ -1.628761866673218, 48.094944997391771 ], [ -1.628761205798125, 48.094945267745771 ], [ -1.62876053796027, 48.094945530356313 ], [ -1.628759863363023, 48.094945785143416 ], [ -1.62875918221181, 48.094946032029512 ], [ -1.628758494714056, 48.094946270939403 ], [ -1.628757801079115, 48.094946501800358 ], [ -1.628757101518213, 48.094946724542062 ], [ -1.62875639624438, 48.094946939096666 ], [ -1.628755685472383, 48.094947145398862 ], [ -1.628754969418668, 48.094947343385819 ], [ -1.628754248301284, 48.094947532997253 ], [ -1.628753522339826, 48.094947714175412 ], [ -1.628752791755364, 48.094947886865128 ], [ -1.628752056770372, 48.094948051013816 ], [ -1.628651998670497, 48.094986605974107 ], [ -1.628650994315332, 48.094986983327615 ], [ -1.628649980274549, 48.094987348943434 ], [ -1.628648956855627, 48.094987702710682 ], [ -1.628647924368888, 48.094988044522118 ], [ -1.628646883127405, 48.094988374274081 ], [ -1.628645833446905, 48.094988691866583 ], [ -1.628644775645672, 48.09498899720333 ], [ -1.628643710044455, 48.094989290191734 ], [ -1.628642636966366, 48.09498957074296 ], [ -1.628641556736787, 48.09498983877193 ], [ -1.628640469683265, 48.094990094197371 ], [ -1.628639376135419, 48.094990336941848 ], [ -1.628638276424836, 48.094990566931727 ], [ -1.628637170884971, 48.094990784097305 ], [ -1.628636059851049, 48.094990988372722 ], [ -1.628634943659957, 48.094991179696024 ], [ -1.62863382265015, 48.094991358009203 ], [ -1.62863269716154, 48.094991523258201 ], [ -1.628631567535402, 48.094991675392905 ], [ -1.62863043411426, 48.094991814367177 ], [ -1.628629297241793, 48.09499194013889 ], [ -1.628628157262725, 48.094992052669895 ], [ -1.628627014522722, 48.094992151926093 ], [ -1.628625869368288, 48.094992237877349 ], [ -1.628624722146657, 48.094992310497638 ], [ -1.628623573205691, 48.094992369764917 ], [ -1.628622422893774, 48.094992415661238 ], [ -1.628621271559706, 48.094992448172647 ], [ -1.628620119552595, 48.094992467289323 ], [ -1.628618967221754, 48.094992473005455 ], [ -1.628617814916596, 48.094992465319308 ], [ -1.628616662986523, 48.094992444233206 ], [ -1.628615511780825, 48.094992409753551 ], [ -1.628614361648573, 48.09499236189081 ], [ -1.628613212938511, 48.094992300659463 ], [ -1.628612065998953, 48.094992226078119 ], [ -1.628610921177675, 48.094992138169367 ], [ -1.628609778821811, 48.094992036959859 ], [ -1.628608639277749, 48.094991922480297 ], [ -1.628607502891023, 48.094991794765384 ], [ -1.628606370006208, 48.094991653853853 ], [ -1.628605240966821, 48.094991499788428 ], [ -1.62860411611521, 48.09499133261582 ], [ -1.628602995792454, 48.094991152386726 ], [ -1.628601880338258, 48.094990959155794 ], [ -1.628600770090854, 48.094990752981609 ], [ -1.62859966538689, 48.094990533926698 ], [ -1.628598566561338, 48.094990302057482 ], [ -1.628597473947384, 48.094990057444264 ], [ -1.628596387876333, 48.094989800161208 ], [ -1.628595308677504, 48.094989530286348 ], [ -1.628594236678133, 48.094989247901495 ], [ -1.628593172203275, 48.09498895309229 ], [ -1.628592115575699, 48.094988645948106 ], [ -1.6285910671158, 48.094988326562088 ], [ -1.62859002714149, 48.09498799503109 ], [ -1.628588995968115, 48.094987651455625 ], [ -1.628587973908346, 48.094987295939873 ], [ -1.628586961272095, 48.094986928591638 ], [ -1.628585958366414, 48.094986549522304 ], [ -1.628584965495406, 48.094986158846829 ], [ -1.628583982960131, 48.094985756683641 ], [ -1.628583011058514, 48.094985343154711 ], [ -1.628582050085257, 48.094984918385421 ], [ -1.628581100331747, 48.094984482504572 ], [ -1.62858016208597, 48.09498403564433 ], [ -1.628403777615035, 48.095057289992923 ], [ -1.628398613456222, 48.095059721218064 ], [ -1.628393387808539, 48.095062093109661 ], [ -1.628388102200023, 48.095064404974153 ], [ -1.628382758176245, 48.095066656135543 ], [ -1.628377357299854, 48.095068845935572 ], [ -1.628371901150127, 48.095070973733918 ], [ -1.628366391322501, 48.095073038908396 ], [ -1.62836082942811, 48.095075040855143 ], [ -1.628355217093313, 48.095076978988772 ], [ -1.628349555959217, 48.095078852742567 ], [ -1.6283438476812, 48.095080661568623 ], [ -1.628338093928426, 48.095082404938019 ], [ -1.628332296383354, 48.095084082340982 ], [ -1.62832645674125, 48.095085693287047 ], [ -1.62832057670969, 48.095087237305137 ], [ -1.628314658008057, 48.095088713943781 ], [ -1.628308702367047, 48.095090122771211 ], [ -1.628302711528153, 48.095091463375454 ], [ -1.628296687243162, 48.095092735364524 ], [ -1.62829063127364, 48.095093938366468 ], [ -1.628284545390421, 48.095095072029544 ], [ -1.628278431373082, 48.095096136022242 ], [ -1.628272291009428, 48.095097130033437 ], [ -1.628269273969422, 48.0950979995091 ], [ -1.628266234728828, 48.095098833781485 ], [ -1.62826317420837, 48.095099632597829 ], [ -1.628260093335215, 48.095100395716159 ], [ -1.628256993042698, 48.095101122905291 ], [ -1.628253874270035, 48.095101813944929 ], [ -1.628250737962041, 48.095102468625711 ], [ -1.628247585068845, 48.095103086749326 ], [ -1.628244416545598, 48.095103668128516 ], [ -1.628241233352187, 48.095104212587152 ], [ -1.628238036452945, 48.09510471996029 ], [ -1.628234826816353, 48.09510519009423 ], [ -1.628231605414754, 48.095105622846546 ], [ -1.628228373224055, 48.095106018086135 ], [ -1.62822513122343, 48.095106375693291 ], [ -1.628221880395026, 48.09510669555965 ], [ -1.628218621723664, 48.095106977588301 ], [ -1.628215356196541, 48.09510722169383 ], [ -1.628212084802931, 48.095107427802283 ], [ -1.628208808533884, 48.095107595851218 ], [ -1.628205528381929, 48.095107725789724 ], [ -1.628202245340771, 48.095107817578445 ], [ -1.628198960404988, 48.095107871189548 ], [ -1.628195674569735, 48.095107886606826 ], [ -1.628192388830437, 48.095107863825596 ], [ -1.628189104182492, 48.095107802852759 ], [ -1.628185821620966, 48.09510770370678 ], [ -1.628182542140293, 48.095107566417703 ], [ -1.628179266733975, 48.095107391027113 ], [ -1.628175996394279, 48.09510717758814 ], [ -1.628172732111934, 48.09510692616545 ], [ -1.62816947487584, 48.095106636835212 ], [ -1.628166225672758, 48.095106309685072 ], [ -1.628162985487016, 48.095105944814136 ], [ -1.628159755300211, 48.095105542332945 ], [ -1.628156536090911, 48.095105102363426 ], [ -1.628153328834359, 48.095104625038857 ], [ -1.628150134502174, 48.095104110503854 ], [ -1.628146954062064, 48.095103558914282 ], [ -1.628143788477525, 48.095102970437225 ], [ -1.628140638707553, 48.095102345250993 ], [ -1.628137505706356, 48.095101683544954 ], [ -1.628134390423058, 48.095100985519586 ], [ -1.628130632380285, 48.095100403192646 ], [ -1.628126889892883, 48.095099777771949 ], [ -1.628123164068533, 48.095099109442629 ], [ -1.628119456009985, 48.095098398402492 ], [ -1.628115766814728, 48.095097644861966 ], [ -1.62811209757467, 48.09509684904409 ], [ -1.628108449375812, 48.09509601118441 ], [ -1.628104823297928, 48.095095131530897 ], [ -1.628101220414244, 48.095094210343909 ], [ -1.628097641791122, 48.095093247896095 ], [ -1.628094088487742, 48.095092244472312 ], [ -1.628090561555792, 48.095091200369538 ], [ -1.628087062039153, 48.095090115896802 ], [ -1.628083590973592, 48.095088991375071 ], [ -1.628080149386457, 48.095087827137192 ], [ -1.628076738296369, 48.095086623527735 ], [ -1.628073358712923, 48.09508538090293 ], [ -1.628070011636391, 48.095084099630554 ], [ -1.628066698057419, 48.095082780089854 ], [ -1.628063418956745, 48.095081422671356 ], [ -1.628060175304897, 48.095080027776817 ], [ -1.628056968061914, 48.095078595819096 ], [ -1.628053798177057, 48.095077127222012 ], [ -1.628050666588531, 48.095075622420225 ], [ -1.628047574223207, 48.095074081859124 ], [ -1.628044521996346, 48.095072505994665 ], [ -1.628041510811328, 48.095070895293247 ], [ -1.628038541559387, 48.095069250231617 ], [ -1.628035615119346, 48.09506757129666 ], [ -1.62789771453298, 48.094971183993472 ], [ -1.627897516886782, 48.094970958291846 ], [ -1.627897313396903, 48.094970734918732 ], [ -1.62789710412482, 48.094970513941632 ], [ -1.627896889133761, 48.094970295427295 ], [ -1.627896668488678, 48.094970079441744 ], [ -1.627896442256233, 48.094969866050221 ], [ -1.627896210504776, 48.094969655317222 ], [ -1.627895973304325, 48.09496944730639 ], [ -1.627895730726544, 48.09496924208058 ], [ -1.62789548284472, 48.094969039701802 ], [ -1.627895229733744, 48.094968840231182 ], [ -1.627894971470087, 48.094968643728997 ], [ -1.627894708131775, 48.094968450254626 ], [ -1.627894439798371, 48.094968259866484 ], [ -1.627894166550942, 48.09496807262213 ], [ -1.627893888472044, 48.094967888578118 ], [ -1.62789360564569, 48.094967707790062 ], [ -1.627893318157328, 48.094967530312566 ], [ -1.627893026093816, 48.094967356199263 ], [ -1.627892729543391, 48.094967185502746 ], [ -1.62789242859565, 48.094967018274602 ], [ -1.627892123341514, 48.094966854565335 ], [ -1.627891813873208, 48.094966694424421 ], [ -1.62789150028423, 48.094966537900234 ], [ -1.627891182669321, 48.094966385040067 ], [ -1.627890861124441, 48.094966235890112 ], [ -1.627890535746735, 48.094966090495404 ], [ -1.627890206634507, 48.09496594889989 ], [ -1.62788987388719, 48.094965811146352 ], [ -1.627889537605314, 48.094965677276392 ], [ -1.627889197890477, 48.094965547330474 ], [ -1.627888854845315, 48.094965421347851 ], [ -1.62788850857347, 48.094965299366578 ], [ -1.627888159179558, 48.094965181423504 ], [ -1.627887806769138, 48.094965067554284 ], [ -1.627887451448683, 48.094964957793309 ], [ -1.627887093325542, 48.094964852173732 ], [ -1.627886732507913, 48.09496475072747 ], [ -1.627886369104807, 48.094964653485185 ], [ -1.627886003226015, 48.094964560476235 ], [ -1.627885634982078, 48.09496447172873 ], [ -1.627885264484252, 48.094964387269478 ], [ -1.627884891844471, 48.094964307124002 ], [ -1.62788451717532, 48.094964231316517 ], [ -1.627884140589992, 48.094964159869917 ], [ -1.627883762202265, 48.094964092805803 ], [ -1.627883382126457, 48.094964030144418 ], [ -1.627883000477397, 48.094963971904704 ], [ -1.62788261737039, 48.094963918104263 ], [ -1.627882232921183, 48.094963868759329 ], [ -1.627881847245925, 48.094963823884825 ], [ -1.627881460461137, 48.094963783494322 ], [ -1.627881072683677, 48.094963747599977 ], [ -1.6278806840307, 48.094963716212689 ], [ -1.627880294619628, 48.094963689341903 ], [ -1.62787990456811, 48.094963666995767 ], [ -1.627879513993989, 48.094963649180997 ], [ -1.627879123015267, 48.094963635902999 ], [ -1.627878731750068, 48.094963627165782 ], [ -1.6278783403166, 48.094963622971989 ], [ -1.627877948833127, 48.094963623322869 ], [ -1.627877557417922, 48.094963628218352 ], [ -1.627877166189243, 48.094963637656917 ], [ -1.627876775265286, 48.09496365163573 ], [ -1.627876384764161, 48.09496367015057 ], [ -1.627875994803846, 48.094963693195844 ], [ -1.627875605502156, 48.094963720764589 ], [ -1.627875216976709, 48.094963752848464 ], [ -1.627874829344886, 48.094963789437799 ], [ -1.627874442723801, 48.094963830521522 ], [ -1.62787405723026, 48.094963876087228 ], [ -1.62787367298073, 48.094963926121139 ], [ -1.6278732900913, 48.094963980608156 ], [ -1.627872908677651, 48.094964039531796 ], [ -1.627872528855016, 48.094964102874279 ], [ -1.627872150738149, 48.094964170616457 ], [ -1.627871774441286, 48.094964242737866 ], [ -1.627871400078116, 48.094964319216714 ], [ -1.627871027761742, 48.094964400029895 ], [ -1.627870657604649, 48.094964485152992 ], [ -1.627870289718671, 48.094964574560294 ], [ -1.627869924214953, 48.094964668224783 ], [ -1.627869561203923, 48.094964766118167 ], [ -1.627869200795255, 48.094964868210859 ], [ -1.627868843097836, 48.09496497447202 ], [ -1.627868488219735, 48.09496508486955 ], [ -1.627868136268168, 48.094965199370101 ], [ -1.627867787349469, 48.094965317939064 ], [ -1.627867441569052, 48.094965440540619 ], [ -1.627867099031386, 48.094965567137741 ], [ -1.62786675983996, 48.09496569769216 ], [ -1.627866424097252, 48.094965832164455 ], [ -1.627866091904695, 48.094965970513989 ], [ -1.627865763362654, 48.094966112698955 ], [ -1.627865438570389, 48.094966258676415 ], [ -1.627865117626025, 48.094966408402236 ], [ -1.627864800626529, 48.094966561831207 ], [ -1.627864487667672, 48.094966718916965 ], [ -1.627864178844006, 48.094966879612059 ], [ -1.627863874248836, 48.094967043867932 ], [ -1.627863573974184, 48.094967211634966 ], [ -1.627863278110771, 48.094967382862464 ], [ -1.627862986747984, 48.094967557498684 ], [ -1.627862699973851, 48.09496773549089 ], [ -1.627862417875012, 48.094967916785308 ], [ -1.627862140536696, 48.09496810132714 ], [ -1.627861868042692, 48.094968289060638 ], [ -1.627861600475328, 48.094968479929094 ], [ -1.627861337915442, 48.094968673874845 ], [ -1.627861080442359, 48.094968870839288 ], [ -1.627860828133867, 48.094969070762907 ], [ -1.627860581066194, 48.094969273585313 ], [ -1.627860339313986, 48.094969479245229 ], [ -1.62786010295028, 48.094969687680525 ], [ -1.627859872046489, 48.094969898828204 ], [ -1.627730309728143, 48.09504358153184 ], [ -1.627730113028738, 48.09504360031297 ], [ -1.62772990821388, 48.095043617453634 ], [ -1.627729702984734, 48.095043632219223 ], [ -1.627729497403035, 48.095043644605305 ], [ -1.627729291530626, 48.095043654608155 ], [ -1.627729085429436, 48.095043662224747 ], [ -1.627728879161465, 48.095043667452813 ], [ -1.62772867278876, 48.095043670290764 ], [ -1.627728466373402, 48.095043670737745 ], [ -1.627728259977482, 48.095043668793636 ], [ -1.62772805366309, 48.09504366445902 ], [ -1.627727847492287, 48.095043657735182 ], [ -1.627727641527092, 48.09504364862417 ], [ -1.627727435829462, 48.095043637128704 ], [ -1.627727230461276, 48.095043623252245 ], [ -1.62772702548431, 48.095043606998992 ], [ -1.627726820960226, 48.095043588373798 ], [ -1.627726616950546, 48.095043567382291 ], [ -1.627726413516641, 48.095043544030773 ], [ -1.627726210719706, 48.095043518326264 ], [ -1.627726008620746, 48.095043490276517 ], [ -1.627725807280554, 48.095043459889958 ], [ -1.627725606759699, 48.095043427175725 ], [ -1.627725407118498, 48.095043392143658 ], [ -1.627725208417008, 48.095043354804297 ], [ -1.627725010715, 48.095043315168887 ], [ -1.627724814071947, 48.095043273249324 ], [ -1.627724618547002, 48.095043229058248 ], [ -1.627724424198981, 48.095043182608926 ], [ -1.627724231086348, 48.095043133915354 ], [ -1.627724039267194, 48.09504308299217 ], [ -1.627723848799221, 48.095043029854686 ], [ -1.627723659739724, 48.095042974518883 ], [ -1.627723472145576, 48.095042917001422 ], [ -1.627723286073208, 48.095042857319605 ], [ -1.627723101578592, 48.095042795491381 ], [ -1.627722918717229, 48.095042731535329 ], [ -1.627722737544126, 48.095042665470714 ], [ -1.627722558113782, 48.095042597317402 ], [ -1.627722380480172, 48.095042527095899 ], [ -1.627722204696732, 48.095042454827315 ], [ -1.62772203081634, 48.095042380533407 ], [ -1.627721858891302, 48.0950423042365 ], [ -1.627721688973335, 48.095042225959574 ], [ -1.627721521113553, 48.095042145726147 ], [ -1.627721355362452, 48.095042063560378 ], [ -1.627721191769891, 48.095041979486972 ], [ -1.627721030385082, 48.095041893531231 ], [ -1.627720871256572, 48.095041805718992 ], [ -1.62772071443223, 48.095041716076686 ], [ -1.627720559959229, 48.095041624631271 ], [ -1.627720407884039, 48.09504153141026 ], [ -1.627720258252405, 48.09504143644169 ], [ -1.62772011110934, 48.09504133975414 ], [ -1.627719966499106, 48.095041241376691 ], [ -1.627719824465203, 48.095041141338918 ], [ -1.627719685050359, 48.095041039670939 ], [ -1.627719548296511, 48.095040936403329 ], [ -1.627719414244797, 48.095040831567147 ], [ -1.627719282935542, 48.095040725193925 ], [ -1.627719154408245, 48.095040617315682 ], [ -1.627719028701569, 48.09504050796486 ], [ -1.62771890585333, 48.095040397174337 ], [ -1.627718785900481, 48.095040284977458 ], [ -1.627718668879106, 48.095040171407966 ], [ -1.627718554824408, 48.095040056500039 ], [ -1.627718443770694, 48.095039940288231 ], [ -1.627512234289216, 48.094878223623219 ], [ -1.627509862662276, 48.094876289003302 ], [ -1.62750744286081, 48.094874381180965 ], [ -1.627504975563477, 48.094872500691281 ], [ -1.627502461462255, 48.094870648061679 ], [ -1.62749990126225, 48.094868823811709 ], [ -1.627497295681498, 48.094867028453052 ], [ -1.627494645450758, 48.094865262489186 ], [ -1.627491951313318, 48.094863526415445 ], [ -1.627489214024775, 48.094861820718705 ], [ -1.627486434352829, 48.094860145877355 ], [ -1.62748361307707, 48.094858502361127 ], [ -1.627480750988753, 48.094856890630957 ], [ -1.62747784889058, 48.094855311138886 ], [ -1.627474907596475, 48.094853764327894 ], [ -1.627471927931353, 48.09485225063181 ], [ -1.627468910730894, 48.094850770475162 ], [ -1.627465856841302, 48.094849324273085 ], [ -1.627462767119072, 48.09484791243117 ], [ -1.627459642430748, 48.094846535345404 ], [ -1.627456483652682, 48.094845193401987 ], [ -1.627453291670786, 48.094843886977309 ], [ -1.627450067380284, 48.094842616437752 ], [ -1.627446811685462, 48.094841382139677 ], [ -1.627414100383579, 48.094826388505091 ], [ -1.627413619985668, 48.094826078138873 ], [ -1.627413131577052, 48.09482577340102 ], [ -1.627412635305533, 48.094825474383747 ], [ -1.627412131321291, 48.094825181177526 ], [ -1.627411619776841, 48.094824893871113 ], [ -1.627411100826984, 48.094824612551427 ], [ -1.627410574628765, 48.094824337303599 ], [ -1.627410041341419, 48.094824068210961 ], [ -1.627409501126329, 48.094823805354906 ], [ -1.627408954146974, 48.094823548814993 ], [ -1.627408400568878, 48.094823298668857 ], [ -1.627407840559565, 48.09482305499219 ], [ -1.627407274288502, 48.094822817858741 ], [ -1.627406701927054, 48.094822587340261 ], [ -1.627406123648426, 48.094822363506523 ], [ -1.627405539627617, 48.094822146425251 ], [ -1.62740495004136, 48.094821936162148 ], [ -1.627404355068075, 48.094821732780822 ], [ -1.627403754887812, 48.094821536342856 ], [ -1.627403149682194, 48.094821346907665 ], [ -1.627402539634369, 48.094821164532583 ], [ -1.627401924928946, 48.094820989272797 ], [ -1.627401305751948, 48.094820821181358 ], [ -1.627400682290747, 48.094820660309132 ], [ -1.627400054734013, 48.094820506704778 ], [ -1.627399423271656, 48.094820360414801 ], [ -1.627398788094768, 48.094820221483467 ], [ -1.627398149395564, 48.094820089952812 ], [ -1.627397507367327, 48.094819965862655 ], [ -1.627396862204344, 48.094819849250534 ], [ -1.627396214101852, 48.094819740151742 ], [ -1.627395563255981, 48.09481963859929 ], [ -1.627394909863686, 48.094819544623917 ], [ -1.627394254122696, 48.094819458254051 ], [ -1.627393596231448, 48.094819379515855 ], [ -1.627392936389034, 48.094819308433124 ], [ -1.627392274795131, 48.094819245027381 ], [ -1.627391611649951, 48.094819189317832 ], [ -1.627390947154173, 48.094819141321302 ], [ -1.627390281508883, 48.094819101052337 ], [ -1.627389614915519, 48.094819068523115 ], [ -1.627388947575803, 48.094819043743499 ], [ -1.627388279691684, 48.094819026720963 ], [ -1.627387611465275, 48.094819017460665 ], [ -1.627386943098793, 48.09481901596542 ], [ -1.627386274794497, 48.094819022235662 ], [ -1.627385606754628, 48.094819036269506 ], [ -1.627384939181346, 48.094819058062704 ], [ -1.627384272276671, 48.094819087608656 ], [ -1.62738360624242, 48.094819124898422 ], [ -1.627382941280145, 48.094819169920711 ], [ -1.627382277591078, 48.094819222661918 ], [ -1.62738161537606, 48.094819283106062 ], [ -1.62738095483549, 48.094819351234882 ], [ -1.627380296169259, 48.094819427027723 ], [ -1.627379639576692, 48.094819510461662 ], [ -1.627378985256484, 48.09481960151146 ], [ -1.627378333406643, 48.094819700149557 ], [ -1.627377684224432, 48.094819806346102 ], [ -1.627377037906304, 48.094819920068957 ], [ -1.627376394647846, 48.094820041283711 ], [ -1.627375754643719, 48.094820169953678 ], [ -1.6273751180876, 48.094820306039928 ], [ -1.627374485172121, 48.09482044950127 ], [ -1.627373856088815, 48.094820600294305 ], [ -1.627373231028051, 48.09482075837338 ], [ -1.627372610178986, 48.094820923690669 ], [ -1.627371993729498, 48.094821096196142 ], [ -1.627371381866136, 48.094821275837603 ], [ -1.62737077477406, 48.094821462560674 ], [ -1.627370172636987, 48.094821656308859 ], [ -1.627369575637134, 48.094821857023533 ], [ -1.627368983955164, 48.094822064643935 ], [ -1.62736839777013, 48.094822279107262 ], [ -1.627367817259421, 48.094822500348585 ], [ -1.627367242598711, 48.094822728300983 ], [ -1.627366673961902, 48.094822962895442 ], [ -1.627366111521073, 48.094823204061001 ], [ -1.627365555446428, 48.09482345172465 ], [ -1.627365005906246, 48.094823705811464 ], [ -1.627364463066827, 48.09482396624454 ], [ -1.627363927092443, 48.094824232945058 ], [ -1.627363398145289, 48.094824505832342 ], [ -1.627362876385435, 48.094824784823778 ], [ -1.627362361970774, 48.094825069834961 ], [ -1.627361855056977, 48.094825360779623 ], [ -1.627361355797444, 48.094825657569729 ], [ -1.627360864343261, 48.094825960115458 ], [ -1.627292876147191, 48.094868799060173 ], [ -1.62729237775432, 48.094869307039424 ], [ -1.627291892364125, 48.094869820604607 ], [ -1.627291420116914, 48.094870339607276 ], [ -1.627290961149201, 48.094870863897405 ], [ -1.627290515593659, 48.094871393323437 ], [ -1.627290083579083, 48.094871927732328 ], [ -1.627289665230357, 48.094872466969591 ], [ -1.627289260668411, 48.094873010879354 ], [ -1.627288870010192, 48.094873559304396 ], [ -1.627288493368627, 48.094874112086174 ], [ -1.627288130852591, 48.0948746690649 ], [ -1.627287782566877, 48.094875230079573 ], [ -1.627287448612162, 48.094875794968019 ], [ -1.627287129084984, 48.094876363566947 ], [ -1.627286824077706, 48.09487693571198 ], [ -1.627286533678498, 48.09487751123774 ], [ -1.627286257971305, 48.094878089977868 ], [ -1.627285997035824, 48.094878671765052 ], [ -1.627285750947485, 48.094879256431128 ], [ -1.627285519777424, 48.094879843807078 ], [ -1.627285303592464, 48.094880433723112 ], [ -1.627285102455099, 48.094881026008707 ], [ -1.627284916423471, 48.094881620492657 ], [ -1.627284745551355, 48.094882217003104 ], [ -1.627284589888146, 48.094882815367619 ], [ -1.62728444947884, 48.094883415413229 ], [ -1.627284324364027, 48.094884016966482 ], [ -1.627284214579872, 48.094884619853495 ], [ -1.627284120158111, 48.094885223899979 ], [ -1.627284041126038, 48.094885828931339 ], [ -1.6272839775065, 48.094886434772675 ], [ -1.627283929317885, 48.094887041248846 ], [ -1.627283896574125, 48.094887648184553 ] ] ] } }
]
}
