{
"type": "FeatureCollection",
"name": "ATHE_CHEMINEMENTS_PIETONS",
"crs": { "type": "name", "properties": { "name": "urn:ogc:def:crs:OGC:1.3:CRS84" } },
"features": [
{ "type": "Feature", "properties": { "ID": 1 }, "geometry": { "type": "MultiPolygon", "coordinates": [ [ [ [ -1.629280182983314, 48.095088397808652 ], [ -1.629280271377467, 48.095086181566288 ], [ -1.629280302387337, 48.095083964605585 ], [ -1.629280276075898, 48.095081747645196 ], [ -1.629280192364154, 48.095079531319193 ], [ -1.629280051315076, 48.095077316346234 ], [ -1.629279853109992, 48.095075103260058 ], [ -1.629279597543679, 48.095072892789815 ], [ -1.629279284813207, 48.095070685648892 ], [ -1.629278915099901, 48.095068482371026 ], [ -1.629278488332636, 48.095066283680104 ], [ -1.629278004834702, 48.095064090194398 ], [ -1.629277464542848, 48.095061902727693 ], [ -1.629276867764622, 48.095059721718577 ], [ -1.629276214697089, 48.095057547880394 ], [ -1.629275505403224, 48.095055381931836 ], [ -1.629274740206314, 48.095053224491181 ], [ -1.629273919295555, 48.095051076181925 ], [ -1.62927304286014, 48.095048937627652 ], [ -1.629272111357456, 48.095046809441342 ], [ -1.62927112471638, 48.095044692346882 ], [ -1.629270083520517, 48.09504258686222 ], [ -1.629268987974807, 48.095040493790542 ], [ -1.629267838520888, 48.09503841356517 ], [ -1.629266635355831, 48.095036346899519 ], [ -1.62926537880292, 48.095034294411803 ], [ -1.629264069319541, 48.095032256715044 ], [ -1.629262707363076, 48.095030234422254 ], [ -1.629261293114849, 48.095028228067136 ], [ -1.629259827308305, 48.095026238341944 ], [ -1.629258310124764, 48.095024265780438 ], [ -1.629256742155704, 48.095022310990323 ], [ -1.629255123716545, 48.095020374500024 ], [ -1.629253455406629, 48.095018457007093 ], [ -1.629251737809568, 48.09501655902946 ], [ -1.629249971240776, 48.09501468109552 ], [ -1.629248156291728, 48.095012823813029 ], [ -1.6292469898655, 48.095011674053183 ], [ -1.629116458107539, 48.094909182211794 ], [ -1.629113272588696, 48.09490607186946 ], [ -1.62911203875311, 48.094904545808497 ], [ -1.629110880769065, 48.094903171356009 ], [ -1.629109686979377, 48.094901810570398 ], [ -1.629108457817812, 48.094900463795206 ], [ -1.629107193607654, 48.094899131648617 ], [ -1.629105894632833, 48.094897814299856 ], [ -1.62910456147695, 48.094896512266743 ], [ -1.62910319444755, 48.094895225987919 ], [ -1.629101794104621, 48.094893955711804 ], [ -1.62910036062948, 48.094892701972057 ], [ -1.629098894455894, 48.094891465112219 ], [ -1.629097396285818, 48.09489024546523 ], [ -1.629095866426793, 48.094889043469742 ], [ -1.629094305304714, 48.094887859379391 ], [ -1.629092713495312, 48.094886693622257 ], [ -1.629091091306126, 48.094885546636938 ], [ -1.629089439431241, 48.09488441866656 ], [ -1.629087758304424, 48.094883310054641 ], [ -1.629086048367307, 48.094882221234549 ], [ -1.62908431017988, 48.094881152454619 ], [ -1.629082544175907, 48.094880104058412 ], [ -1.629080751191438, 48.094879076373587 ], [ -1.629078931392046, 48.094878069754216 ], [ -1.629077085605911, 48.094877084438131 ], [ -1.629075214258924, 48.094876120679011 ], [ -1.62907331806878, 48.094875178989525 ], [ -1.629071397445632, 48.094874259443628 ], [ -1.629069452957337, 48.094873362379573 ], [ -1.62906748530585, 48.094872488130335 ], [ -1.629065495043286, 48.094871636854471 ], [ -1.629063482879468, 48.09487080897479 ], [ -1.62906144923242, 48.094870004655114 ], [ -1.62905939478835, 48.094869224048743 ], [ -1.629057320391182, 48.094868467573221 ], [ -1.629055226316966, 48.094867735307815 ], [ -1.629053113401753, 48.094867027580229 ], [ -1.62905098233175, 48.094866344543753 ], [ -1.629048833666947, 48.094865686446759 ], [ -1.62904666796733, 48.094865053537724 ], [ -1.62904448617943, 48.09486444586949 ], [ -1.629042288737007, 48.094863863785619 ], [ -1.629040076318401, 48.094863307349577 ], [ -1.629037849751789, 48.094862776799197 ], [ -1.629035609455192, 48.094862272298343 ], [ -1.62903335637514, 48.094861793899923 ], [ -1.629031091205712, 48.094861341847079 ], [ -1.629028814364929, 48.094860916303659 ], [ -1.629026526799324, 48.094860517322594 ], [ -1.629024229195102, 48.094860145057162 ], [ -1.629021921970287, 48.094859799671212 ], [ -1.629019606205503, 48.09485948121241 ], [ -1.629017282444992, 48.094859189749485 ], [ -1.629014951374968, 48.094858925435759 ], [ -1.629012613673768, 48.094858688334682 ], [ -1.629010270153826, 48.094858478504456 ], [ -1.629007921493484, 48.094858296008546 ], [ -1.629005568371081, 48.094858140910446 ], [ -1.62900321159905, 48.094858013268301 ], [ -1.62900085185573, 48.094857913145638 ], [ -1.628998489819463, 48.094857840605883 ], [ -1.628996126152847, 48.094857795532896 ], [ -1.628993761802412, 48.094857777979541 ], [ -1.6289913973124, 48.094857788014615 ], [ -1.628989033353282, 48.094857825611712 ], [ -1.628986670871587, 48.094857890823796 ], [ -1.628984310387952, 48.094857983450083 ], [ -1.628981952722677, 48.094858103638629 ], [ -1.628979598538365, 48.094858251273223 ], [ -1.628977248639578, 48.094858426322233 ], [ -1.628974903696788, 48.094858628759326 ], [ -1.628972564372591, 48.094858858468278 ], [ -1.628970000778193, 48.09485914080296 ], [ -1.628964760197293, 48.094859369560204 ], [ -1.628962933700714, 48.094859329327278 ], [ -1.628961338826393, 48.094859312708692 ], [ -1.628959743830052, 48.094859314663822 ], [ -1.628958149098234, 48.094859334997153 ], [ -1.628956555041089, 48.094859373782725 ], [ -1.628954962336964, 48.094859431084011 ], [ -1.628953371254041, 48.094859506890458 ], [ -1.628951782454925, 48.094859601085865 ], [ -1.628950196341897, 48.094859713654415 ], [ -1.628948613451334, 48.094859844575069 ], [ -1.628947034185517, 48.094859993831932 ], [ -1.628945459072956, 48.094860161314138 ], [ -1.6289438885238, 48.094860347095683 ], [ -1.628942323192785, 48.094860550970559 ], [ -1.62894076322187, 48.094860773023321 ], [ -1.628939209399883, 48.094861013042653 ], [ -1.628937662136976, 48.094861271102587 ], [ -1.628936121819693, 48.094861547007653 ], [ -1.628934588850315, 48.094861840742041 ], [ -1.62893306374948, 48.094862152104959 ], [ -1.62893154719553, 48.0948624811599 ], [ -1.628930039306818, 48.094862827721961 ], [ -1.628928540745946, 48.094863191674897 ], [ -1.628927051915198, 48.094863573002947 ], [ -1.628925573193245, 48.094863971420764 ], [ -1.628924105116467, 48.094864386907268 ], [ -1.628922648079274, 48.094864819356836 ], [ -1.628921202602305, 48.094865268568661 ], [ -1.628919769087843, 48.094865734526984 ], [ -1.628918347914561, 48.094866216946464 ], [ -1.628916939484743, 48.094866715811314 ], [ -1.628915544311156, 48.094867230830914 ], [ -1.628914162788214, 48.094867761899657 ], [ -1.628912795310329, 48.094868308911863 ], [ -1.628911442398141, 48.094868871666812 ], [ -1.628910104170004, 48.094869449979562 ], [ -1.628908781422614, 48.094870043728626 ], [ -1.628907474266456, 48.094870652639251 ], [ -1.628906183095944, 48.094871276605801 ], [ -1.62890490856581, 48.094871915422267 ], [ -1.628903650660317, 48.094872568908961 ], [ -1.628902410160418, 48.094873236764755 ], [ -1.628901187192341, 48.094873918894578 ], [ -1.628899805654976, 48.094874717049692 ], [ -1.628895449748593, 48.094876767012657 ], [ -1.62882168883883, 48.094904612333572 ], [ -1.628818595836668, 48.09490561127236 ], [ -1.628818101398145, 48.094905745550214 ], [ -1.628817823618847, 48.094905824797607 ], [ -1.628817547866089, 48.094905907210382 ], [ -1.628817274408062, 48.094905992777989 ], [ -1.62881700337886, 48.094906081495154 ], [ -1.628816734502424, 48.094906173282595 ], [ -1.628816468315133, 48.094906268119232 ], [ -1.628816204548799, 48.0949063660156 ], [ -1.628815943471609, 48.094906466961149 ], [ -1.628815685075693, 48.094906570866065 ], [ -1.628815429353184, 48.094906677640516 ], [ -1.628815176580139, 48.094906787363762 ], [ -1.628814926756559, 48.094906900035824 ], [ -1.628814679866705, 48.094907015477041 ], [ -1.628814436178765, 48.094907133676877 ], [ -1.628814195566514, 48.094907254730423 ], [ -1.628813958148309, 48.094907378452724 ], [ -1.628813724066113, 48.094907504928372 ], [ -1.628813493312057, 48.094907634067518 ], [ -1.628813266012366, 48.094907765775098 ], [ -1.62881304216704, 48.094907900051041 ], [ -1.628812821902305, 48.094908036800298 ], [ -1.628812605360123, 48.094908176107417 ], [ -1.628812392398531, 48.094908317887828 ], [ -1.628812183143754, 48.09490846204644 ], [ -1.628811977856112, 48.094908608482868 ], [ -1.628811776275286, 48.09490875729751 ], [ -1.628811578661594, 48.094908908389954 ], [ -1.628811385149131, 48.094909061754954 ], [ -1.62881119545397, 48.094909217223382 ], [ -1.628811009978393, 48.094909374779427 ], [ -1.62881082873027, 48.094909534512915 ], [ -1.6288106515519, 48.09490969615964 ], [ -1.62881047872721, 48.094909859888695 ], [ -1.628810310106364, 48.094910025525706 ], [ -1.628810145957555, 48.09491019306013 ], [ -1.628809986004721, 48.094910362412662 ], [ -1.628809830642278, 48.094910533477695 ], [ -1.628809679744001, 48.094910706350305 ], [ -1.62880953330202, 48.094910880940652 ], [ -1.62880939143469, 48.094911057063825 ], [ -1.628809254283975, 48.094911234804343 ], [ -1.628809121707914, 48.094911414077686 ], [ -1.628808993832728, 48.094911594788734 ], [ -1.628808870658418, 48.094911776937522 ], [ -1.628808752177116, 48.09491196043416 ], [ -1.628808638522916, 48.094912145273433 ], [ -1.628808529687949, 48.094912331365464 ], [ -1.628808425664344, 48.094912518620454 ], [ -1.628808326586195, 48.094912707033096 ], [ -1.628808232445635, 48.094912896513605 ], [ -1.628808143108567, 48.094913087067198 ], [ -1.628808058827442, 48.094913278503725 ], [ -1.628807979476036, 48.094913470918264 ], [ -1.628807905046479, 48.094913664220968 ], [ -1.628807835799089, 48.0949138583115 ], [ -1.628807771465679, 48.094914053200363 ], [ -1.628807712164603, 48.094914248702651 ], [ -1.628807658037826, 48.094914444902919 ], [ -1.628807608935513, 48.094914641626772 ], [ -1.62880756499176, 48.094914838868924 ], [ -1.628807526072473, 48.094915036634674 ], [ -1.62880749243797, 48.094915234823624 ], [ -1.628807463804322, 48.094915433266664 ], [ -1.628807440313496, 48.094915632048377 ], [ -1.62880742195762, 48.0949158310789 ], [ -1.628807408728825, 48.094916030268394 ], [ -1.628807400761205, 48.09491622961162 ], [ -1.628807397912799, 48.094916429024011 ], [ -1.628807400175733, 48.094916628415724 ], [ -1.628807407676235, 48.094916827691677 ], [ -1.628807420288078, 48.094917026946916 ], [ -1.628807437995525, 48.094917226001861 ], [ -1.628807460924799, 48.094917424761348 ], [ -1.628807488949675, 48.094917623320505 ], [ -1.628807522188511, 48.094917821494391 ], [ -1.62880756050721, 48.094918019288272 ], [ -1.628807603897903, 48.094918216612342 ], [ -1.628807652360589, 48.09491841346658 ], [ -1.628807706013626, 48.09491860966606 ], [ -1.628807764730785, 48.094918805305888 ], [ -1.628807828362236, 48.09491900021164 ], [ -1.628807897176167, 48.094919194372814 ], [ -1.628807971038482, 48.094919387794661 ], [ -1.628808111270661, 48.094919730583882 ], [ -1.628808695394658, 48.094927474926017 ], [ -1.628808567208231, 48.094927985382839 ], [ -1.628808485253666, 48.094928295532924 ], [ -1.628808343744937, 48.0949288044403 ], [ -1.628808253626632, 48.094929113559239 ], [ -1.628808098779865, 48.094929620737489 ], [ -1.628808000616177, 48.09492992864034 ], [ -1.628807832691687, 48.094930433989099 ], [ -1.628807726490486, 48.094930740765697 ], [ -1.628807545330569, 48.094931244020721 ], [ -1.628807431076114, 48.094931549491413 ], [ -1.628807236806996, 48.09493205055761 ], [ -1.628807114625512, 48.094932354627282 ], [ -1.628806907231453, 48.09493285332502 ], [ -1.628806777249164, 48.094933155898573 ], [ -1.628806556856389, 48.094933652132717 ], [ -1.628806418931332, 48.09493395312559 ], [ -1.628806185658193, 48.094934446711214 ], [ -1.628806039916593, 48.094934746028308 ], [ -1.628805793755222, 48.094935236875571 ], [ -1.628805640181337, 48.094935534337218 ], [ -1.62880538125009, 48.094936022261194 ], [ -1.628805219978015, 48.094936317862143 ], [ -1.628804948395246, 48.094936802677907 ], [ -1.628804779424983, 48.094937096418136 ], [ -1.62880449517495, 48.094937577946013 ], [ -1.628804318482888, 48.094937869556027 ], [ -1.628804021691817, 48.094938347700911 ], [ -1.628803837554016, 48.094938637260007 ], [ -1.628803528340265, 48.094939111836993 ], [ -1.628803336606887, 48.094939399170777 ], [ -1.628803015096676, 48.094939870084715 ], [ -1.628802815893951, 48.094940155098094 ], [ -1.628802482071543, 48.094940622169361 ], [ -1.628802275525694, 48.094940904767199 ], [ -1.628801929525182, 48.094941367990522 ], [ -1.628801715628338, 48.094941648083022 ], [ -1.628801357686435, 48.094942107088507 ], [ -1.628801136572691, 48.094942384670397 ], [ -1.628800766555299, 48.094942839463322 ], [ -1.628800538208915, 48.094943114354926 ], [ -1.628800156368486, 48.094943564745101 ], [ -1.628799921057652, 48.094943836935876 ], [ -1.628799527520411, 48.09494428282818 ], [ -1.628799285095293, 48.094944552143751 ], [ -1.628798879845499, 48.094944993358524 ], [ -1.628798630440191, 48.094945259793597 ], [ -1.628798213880128, 48.09494569631503 ], [ -1.628797957612987, 48.094945959684686 ], [ -1.628797529719046, 48.094946391243312 ], [ -1.62879726659794, 48.094946651637372 ], [ -1.628796827496347, 48.094947078138041 ], [ -1.628796557631762, 48.094947335281738 ], [ -1.628796107448741, 48.094947756629381 ], [ -1.628795830982641, 48.094948010607283 ], [ -1.628795369836548, 48.094948426616945 ], [ -1.628795086761064, 48.094948677339218 ], [ -1.628794614778122, 48.094949087915793 ], [ -1.628794325345704, 48.09494933519224 ], [ -1.628793842786235, 48.094949740235357 ], [ -1.628793546862789, 48.094949984071256 ], [ -1.628793053845148, 48.094950383395982 ], [ -1.628792751698862, 48.094950623780768 ], [ -1.62879224821518, 48.094951017297298 ], [ -1.628791939830315, 48.094951254051288 ], [ -1.628791426133039, 48.094951641569381 ], [ -1.628791111777786, 48.094951874682096 ], [ -1.628790588001015, 48.094952256196493 ], [ -1.628790267667501, 48.094952485578034 ], [ -1.628789734071555, 48.094952860988364 ], [ -1.628789407751912, 48.094953086548948 ], [ -1.628788864447273, 48.094953455580438 ], [ -1.628788532409692, 48.094953677309483 ], [ -1.628787979396364, 48.094954039962147 ], [ -1.628787641632975, 48.094954257769857 ], [ -1.628787079439466, 48.094954613932757 ], [ -1.628786736068624, 48.094954827634183 ], [ -1.628786164560837, 48.094955177312599 ], [ -1.628785815716639, 48.094955386902463 ], [ -1.628785235139158, 48.094955729816363 ], [ -1.628784880963565, 48.094955935379218 ], [ -1.628784291576709, 48.094956271428224 ], [ -1.628783932053983, 48.094956472784418 ], [ -1.628783333991849, 48.094956801963257 ], [ -1.628782969382311, 48.094956999012453 ], [ -1.628782362763251, 48.094957321136157 ], [ -1.628781993074771, 48.09495751396814 ], [ -1.628781378159108, 48.094957828936401 ], [ -1.628781003510042, 48.094958017366217 ], [ -1.628780380431869, 48.094958325173735 ], [ -1.628780001090405, 48.094958509190874 ], [ -1.628779370102175, 48.094958809647444 ], [ -1.628778985926351, 48.094958989167345 ], [ -1.628778347162157, 48.094959282267666 ], [ -1.628777958554255, 48.094959457274506 ], [ -1.628777312266552, 48.094959742828422 ], [ -1.628776919084608, 48.094959913237638 ], [ -1.628776265415357, 48.094960191329676 ], [ -1.628775867919693, 48.094960357040904 ], [ -1.628775207113475, 48.094960627391004 ], [ -1.628774805453924, 48.094960788578646 ], [ -1.628774137644835, 48.094961051181578 ], [ -1.628773731797791, 48.094961207576134 ], [ -1.628773057246152, 48.094961462331497 ], [ -1.628772647479801, 48.094961613922401 ], [ -1.628771966453802, 48.094961860819659 ], [ -1.628771552768147, 48.094962007606938 ], [ -1.628770865394012, 48.094962246550992 ], [ -1.628770448049375, 48.094962388434233 ], [ -1.62876975445333, 48.094962619329998 ], [ -1.628769333583804, 48.094962756303964 ], [ -1.628768634026171, 48.094962979051033 ], [ -1.628768209639624, 48.094963111205544 ], [ -1.628767504380723, 48.094963325703546 ], [ -1.628767076729608, 48.094963452848404 ], [ -1.628766365903536, 48.094963659092087 ], [ -1.628765935121948, 48.094963781221999 ], [ -1.628765218996892, 48.094963979200813 ], [ -1.628764785076962, 48.094964096225972 ], [ -1.628764063913245, 48.094964285839538 ], [ -1.62876362712316, 48.094964397749379 ], [ -1.628763308854985, 48.094964477146192 ], [ -1.628665393597083, 48.095002206513769 ], [ -1.628665140187101, 48.095002302830807 ], [ -1.628664135951118, 48.095002680247511 ], [ -1.628663726507727, 48.095002830923896 ], [ -1.628662712485299, 48.095003196466259 ], [ -1.62866229939867, 48.095003342418302 ], [ -1.628661275999952, 48.095003696160319 ], [ -1.628660859120248, 48.095003837213604 ], [ -1.628659826597693, 48.095004178965063 ], [ -1.628659406193105, 48.095004315109072 ], [ -1.628658364948998, 48.095004644854164 ], [ -1.628657941153622, 48.09500477608362 ], [ -1.628656891448284, 48.095005093721973 ], [ -1.628656464388346, 48.095005219941754 ], [ -1.628655406608323, 48.095005525277891 ], [ -1.628654976283823, 48.095005646488005 ], [ -1.628653910697307, 48.09500593951136 ], [ -1.628653477242341, 48.095006055706548 ], [ -1.628652404243749, 48.095006336311499 ], [ -1.628651967918638, 48.095006447391377 ], [ -1.628650887634197, 48.09500671548281 ], [ -1.628650448580904, 48.095006821531939 ], [ -1.628649361531256, 48.09500707690912 ], [ -1.628648919876008, 48.095007177832372 ], [ -1.628647826337213, 48.095007420574575 ], [ -1.628647382080011, 48.095007516372 ], [ -1.62864628231239, 48.095007746378847 ], [ -1.628645835705686, 48.095007836860198 ], [ -1.628644730237752, 48.095008054020781 ], [ -1.628644281305153, 48.095008139455565 ], [ -1.628643170263131, 48.095008343674792 ], [ -1.62864271924922, 48.095008423782957 ], [ -1.628641603043269, 48.09500861513483 ], [ -1.628641150090011, 48.095008690000945 ], [ -1.628640029106674, 48.095008868289966 ], [ -1.628639574206202, 48.095008937824232 ], [ -1.628638448721542, 48.095009103129719 ], [ -1.628637992142044, 48.09500916732155 ], [ -1.628636862542608, 48.095009319448003 ], [ -1.628636404426051, 48.095009378381988 ], [ -1.628635270987899, 48.095009517408691 ], [ -1.628634811460506, 48.095009570989696 ], [ -1.628633674570188, 48.095009696721213 ], [ -1.628633213631962, 48.095009744949273 ], [ -1.6286320737075, 48.095009857549421 ], [ -1.628631611626631, 48.095009900413949 ], [ -1.628630468912609, 48.095009999602674 ], [ -1.628630005823194, 48.095010037098447 ], [ -1.628628860603543, 48.095010123044901 ], [ -1.628628396639674, 48.095010155166612 ], [ -1.628627249442906, 48.095010227759857 ], [ -1.628626784738681, 48.095010254502242 ], [ -1.628625635832987, 48.095010313731741 ], [ -1.628625170380537, 48.095010335004986 ], [ -1.628624020176072, 48.095010380944743 ], [ -1.628623554251456, 48.095010396828116 ], [ -1.628622403000675, 48.095010429287946 ], [ -1.628621936872084, 48.095010439770903 ], [ -1.628620784858914, 48.09501045891993 ], [ -1.62862031851848, 48.095010463912637 ], [ -1.62861916613734, 48.095010469645196 ], [ -1.628618699727026, 48.095010469232228 ], [ -1.628617547380202, 48.095010461532496 ], [ -1.6286170811682, 48.095010455703296 ], [ -1.628615929131752, 48.09501043465059 ], [ -1.628615463118064, 48.095010423405171 ], [ -1.628614311920504, 48.095010388888532 ], [ -1.628613846105129, 48.095010372226888 ], [ -1.628612696030388, 48.095010324415476 ], [ -1.628612230681517, 48.095010302327061 ], [ -1.628611081982046, 48.095010241030629 ], [ -1.628610617375738, 48.09501021359474 ], [ -1.628609470469565, 48.095010138977159 ], [ -1.628609006597951, 48.09501010610397 ], [ -1.628607861761136, 48.09501001824453 ], [ -1.628607398892407, 48.095009979923489 ], [ -1.628606256519366, 48.095009878716539 ], [ -1.628605794661392, 48.095009835037452 ], [ -1.628604655028186, 48.095009720562295 ], [ -1.628604194315062, 48.095009671519904 ], [ -1.628603057965942, 48.095009543845265 ], [ -1.628602598531765, 48.095009489434325 ], [ -1.628601465734922, 48.095009348549659 ], [ -1.62860100785575, 48.095009288849432 ], [ -1.62859987874528, 48.095009134749475 ], [ -1.628599422421115, 48.095009069759989 ], [ -1.628598297541268, 48.095008902513477 ], [ -1.628597843040301, 48.095008832224153 ], [ -1.628596722675008, 48.095008652000217 ], [ -1.628596269989369, 48.095008576321234 ], [ -1.628595154540917, 48.095008383104044 ], [ -1.628594703820441, 48.095008302209806 ], [ -1.628593593564888, 48.095008096078672 ], [ -1.628593144943671, 48.095008009963884 ], [ -1.628592040283305, 48.095007790902983 ], [ -1.628591594029535, 48.095007699557115 ], [ -1.628590495248285, 48.095007467735556 ], [ -1.628590051361964, 48.09500737115863 ], [ -1.628588958728024, 48.095007126565868 ], [ -1.628588517358987, 48.095007024932244 ], [ -1.628587431282509, 48.09500676764231 ], [ -1.62858699255698, 48.095006660856896 ], [ -1.628585913448121, 48.095006390943794 ], [ -1.628585477508066, 48.095006279091137 ], [ -1.628584405508793, 48.095005996639429 ], [ -1.628583972622401, 48.095005879709007 ], [ -1.628582908150736, 48.09500558488255 ], [ -1.628582478325878, 48.095005462964188 ], [ -1.628581421650014, 48.095005155752425 ], [ -1.628580995012918, 48.095005028751025 ], [ -1.628580767319924, 48.095004959370371 ], [ -1.62841859119947, 48.09507231279774 ], [ -1.628414060484526, 48.095074445872065 ], [ -1.628413682736288, 48.095074620450703 ], [ -1.628408457095008, 48.095076992312798 ], [ -1.628408075064518, 48.095077162552741 ], [ -1.62840278940846, 48.095079474486866 ], [ -1.628402403087851, 48.095079640298287 ], [ -1.628397059089442, 48.095081891427398 ], [ -1.628396668612811, 48.095082052805026 ], [ -1.628391267707769, 48.095084242622022 ], [ -1.628390873335436, 48.095084399465478 ], [ -1.628385417211928, 48.095086527272954 ], [ -1.628385018809798, 48.095086679587503 ], [ -1.628379508895671, 48.095088744788498 ], [ -1.628379106731937, 48.095088892563595 ], [ -1.628373544849457, 48.095090894455502 ], [ -1.628373139050349, 48.095091037596056 ], [ -1.628367526769328, 48.095092975666446 ], [ -1.628367117326976, 48.095093114082623 ], [ -1.628361456225098, 48.095094987908894 ], [ -1.628361043407693, 48.09509512159012 ], [ -1.628355335165263, 48.095096930385104 ], [ -1.628354918980677, 48.095097059421256 ], [ -1.62834916517538, 48.095098802762337 ], [ -1.628348745876065, 48.095098926963203 ], [ -1.62834294834591, 48.095100604327435 ], [ -1.628342525931866, 48.095100723692994 ], [ -1.628336686388634, 48.095102334652516 ], [ -1.628336260993961, 48.095102449177503 ], [ -1.628330380999602, 48.095103993130074 ], [ -1.628329952758396, 48.095104102809238 ], [ -1.628324034032563, 48.095105579416831 ], [ -1.628323603205145, 48.095105684149758 ], [ -1.628317647593719, 48.095107092979234 ], [ -1.628317214172224, 48.09510719267611 ], [ -1.628311223252892, 48.095108533304888 ], [ -1.628310787379287, 48.095108628050269 ], [ -1.628304763132026, 48.095109900039944 ], [ -1.628304324940407, 48.095109989828579 ], [ -1.628298268950779, 48.095111192846403 ], [ -1.628297828567373, 48.095111277583172 ], [ -1.628291742555034, 48.095112411291119 ], [ -1.628291300113937, 48.095112490970735 ], [ -1.628285186066734, 48.095113555020241 ], [ -1.628284741702046, 48.095113629637446 ], [ -1.628280815295809, 48.09511426524606 ], [ -1.628279890549057, 48.095114531726665 ], [ -1.628279460341167, 48.09511465275046 ], [ -1.628276420981238, 48.09511548704225 ], [ -1.628275987776997, 48.095115603045848 ], [ -1.628272927277046, 48.095116401841999 ], [ -1.628272491076455, 48.095116512825349 ], [ -1.628269410225319, 48.095117275914589 ], [ -1.628268971288701, 48.095117381777342 ], [ -1.628265871009319, 48.095118108943119 ], [ -1.628265429328806, 48.095118209595434 ], [ -1.628262310551981, 48.095118900710979 ], [ -1.628261866537729, 48.095118996226901 ], [ -1.628258730170661, 48.095119650896009 ], [ -1.628258283688577, 48.095119741280776 ], [ -1.628255130796166, 48.095120359371435 ], [ -1.628254681972475, 48.095120444529968 ], [ -1.628251513485528, 48.095121025915454 ], [ -1.628251062588422, 48.095121105837201 ], [ -1.628247879429877, 48.095121650300946 ], [ -1.628247426593452, 48.095121724980629 ], [ -1.628244229686245, 48.095122232306082 ], [ -1.628243775044599, 48.095122301738421 ], [ -1.628240565319535, 48.095122771798842 ], [ -1.628240108998895, 48.095122835888773 ], [ -1.628236887528746, 48.095123268641984 ], [ -1.628236429529113, 48.09512332738948 ], [ -1.628233197370911, 48.09512372261365 ], [ -1.628232737968346, 48.095123776097992 ], [ -1.628229496052897, 48.095124133666403 ], [ -1.628229035239532, 48.095124181797772 ], [ -1.628225784497644, 48.095124501583697 ], [ -1.628225322541671, 48.095124544351535 ], [ -1.62822206391202, 48.095124826318049 ], [ -1.62822160108163, 48.095124863711824 ], [ -1.628218335502889, 48.095125107822057 ], [ -1.628217871656121, 48.095125139757208 ], [ -1.62821460032729, 48.095125345873875 ], [ -1.628214135740203, 48.095125372429678 ], [ -1.628210859592088, 48.095125540426032 ], [ -1.628210394398779, 48.095125561597257 ], [ -1.62820711424383, 48.095125691531493 ], [ -1.628206648570527, 48.095125707223012 ], [ -1.628203365615609, 48.095125799047736 ], [ -1.628202899604277, 48.095125809344097 ], [ -1.628199614646104, 48.095125862937799 ], [ -1.628199148564935, 48.095125867828493 ], [ -1.628195862684145, 48.095125883238858 ], [ -1.62819539653314, 48.095125882723835 ], [ -1.628192110810373, 48.095125859998518 ], [ -1.62819164471576, 48.095125853982729 ], [ -1.628188360089695, 48.095125793084833 ], [ -1.628187894193437, 48.09512578165279 ], [ -1.628184611602747, 48.095125682545444 ], [ -1.628184146046813, 48.09512566578173 ], [ -1.628180866572137, 48.095125528512561 ], [ -1.628180401482754, 48.095125506322077 ], [ -1.628177126070639, 48.095125330944015 ], [ -1.628176661715998, 48.095125303316223 ], [ -1.628173391447082, 48.095125089876944 ], [ -1.628172927835054, 48.095125056901658 ], [ -1.628169663521786, 48.095124805459349 ], [ -1.628169200786467, 48.095124767131324 ], [ -1.628165943517357, 48.095124477823504 ], [ -1.628165481919068, 48.095124434042319 ], [ -1.62816223264066, 48.095124106921915 ], [ -1.628161772187273, 48.09512405777744 ], [ -1.628158531980205, 48.095123692892116 ], [ -1.628158072947779, 48.095123638463626 ], [ -1.628154842766466, 48.095123235956116 ], [ -1.62815438502091, 48.095123176248883 ], [ -1.628151165819762, 48.095122736261992 ], [ -1.628150709755491, 48.095122671170387 ], [ -1.628147502488923, 48.095122193846848 ], [ -1.628147048113808, 48.09512212346069 ], [ -1.628143853862457, 48.095121608848174 ], [ -1.628143401318463, 48.095121533252019 ], [ -1.628140220910517, 48.095120981588408 ], [ -1.628139770457967, 48.095120900681884 ], [ -1.628136604855704, 48.095120312199754 ], [ -1.628136156502468, 48.095120226072716 ], [ -1.628133006794395, 48.09511960090957 ], [ -1.628132560666702, 48.095119509466876 ], [ -1.628129427673137, 48.095118847770749 ], [ -1.628128984062782, 48.095118751271379 ], [ -1.62812708575041, 48.095118325974347 ], [ -1.628124578011263, 48.095117937343197 ], [ -1.628124129939029, 48.09511786517681 ], [ -1.628120387353297, 48.09511723979228 ], [ -1.628119941112186, 48.095117162415889 ], [ -1.628116215218699, 48.095116494099258 ], [ -1.628115770958547, 48.09511641168725 ], [ -1.628112062987777, 48.095115700660578 ], [ -1.628111620834812, 48.095115613117876 ], [ -1.628107931607077, 48.095114859529168 ], [ -1.62810749183736, 48.095114766935062 ], [ -1.628103822591002, 48.095113971096254 ], [ -1.628103385070438, 48.095113873455993 ], [ -1.628099736901834, 48.095113035594366 ], [ -1.628099302032709, 48.095112932892157 ], [ -1.628095675904144, 48.095112053240335 ], [ -1.628095243694327, 48.095111945565982 ], [ -1.628091640844139, 48.095111024435852 ], [ -1.628091211427729, 48.095110911784111 ], [ -1.628087632810331, 48.09510994931842 ], [ -1.628087206329292, 48.09510983177384 ], [ -1.628083653056796, 48.095108828379587 ], [ -1.62808322950326, 48.095108705852333 ], [ -1.62807970253795, 48.095107661762114 ], [ -1.62807928232994, 48.095107534416051 ], [ -1.628075782776058, 48.095106449947025 ], [ -1.628075365787349, 48.09510631787726 ], [ -1.628071894749139, 48.095105193346583 ], [ -1.628071481098091, 48.095105056368141 ], [ -1.628068039545699, 48.095103892098244 ], [ -1.628067629524109, 48.095103750470116 ], [ -1.628064218435556, 48.095102546873271 ], [ -1.628063812027684, 48.095102400415762 ], [ -1.628060432373114, 48.095101157814383 ], [ -1.628060029870762, 48.095101006786479 ], [ -1.628056682754418, 48.095099725497732 ], [ -1.628056284015619, 48.095099569814849 ], [ -1.628052970415518, 48.09509825025097 ], [ -1.628052575716335, 48.095098089992426 ], [ -1.62804929661049, 48.0950967325657 ], [ -1.628048906085016, 48.095096567726209 ], [ -1.628045662451442, 48.0950951728489 ], [ -1.628045276115415, 48.095095003608108 ], [ -1.628042068924258, 48.095093571602632 ], [ -1.628041686903907, 48.095093397865455 ], [ -1.628038517014821, 48.095091929329023 ], [ -1.628038139586206, 48.095091751174735 ], [ -1.628035007961466, 48.095090246339915 ], [ -1.628034635006226, 48.095090063953464 ], [ -1.628031542631717, 48.095088523322381 ], [ -1.628031174544273, 48.095088336598124 ], [ -1.628028122279647, 48.095086760767977 ], [ -1.62802775893377, 48.095086569800984 ], [ -1.628024747749171, 48.095084959094166 ], [ -1.628024389286826, 48.095084763969048 ], [ -1.628021420034038, 48.09508311889293 ], [ -1.62802106658932, 48.095082919604423 ], [ -1.628018140120128, 48.095081240666367 ], [ -1.628016219745843, 48.095080024261954 ], [ -1.627878319124703, 48.094983636923303 ], [ -1.627877832474375, 48.094983205711131 ], [ -1.627877258572093, 48.094983618757517 ], [ -1.627747696256182, 48.09505730143794 ], [ -1.627741331030991, 48.095059994432141 ], [ -1.627734100475047, 48.095061398539414 ], [ -1.627733903786361, 48.095061417357741 ], [ -1.627733443313798, 48.095061458623093 ], [ -1.627733238540395, 48.09506147577607 ], [ -1.627732777059377, 48.095061511672668 ], [ -1.627732571805349, 48.095061526410746 ], [ -1.627732109457837, 48.095061557023108 ], [ -1.627731903857281, 48.095061569341034 ], [ -1.627731440769505, 48.095061594574069 ], [ -1.627731234964384, 48.095061604556392 ], [ -1.627730771270437, 48.095061624404828 ], [ -1.627730565260749, 48.095061632051525 ], [ -1.62773010109473, 48.095061646510111 ], [ -1.62772989487261, 48.095061651731356 ], [ -1.627729430502706, 48.09506166078954 ], [ -1.627729224202248, 48.095061663580076 ], [ -1.627728759636329, 48.09506166732767 ], [ -1.627728553265401, 48.095061667777358 ], [ -1.627728088621827, 48.095061666029423 ], [ -1.627727882314525, 48.09506166413297 ], [ -1.627727417877221, 48.095061657058658 ], [ -1.627727211491581, 48.095061652731459 ], [ -1.627726747386777, 48.095061640235684 ], [ -1.627726541198857, 48.095061633557066 ], [ -1.627726077300325, 48.095061615734885 ], [ -1.627725871436353, 48.095061606609761 ], [ -1.627725408146377, 48.095061583445364 ], [ -1.627725202480127, 48.095061571968813 ], [ -1.627724739790843, 48.095061543372402 ], [ -1.627724534456408, 48.095061529539137 ], [ -1.627724072643872, 48.095061495589995 ], [ -1.627723867633386, 48.095061479310239 ], [ -1.627723406705466, 48.095061440098164 ], [ -1.627723202160893, 48.09506142145645 ], [ -1.627722742377912, 48.095061376881084 ], [ -1.627722538433346, 48.095061355872112 ], [ -1.627722079795304, 48.095061305933491 ], [ -1.627721876324519, 48.095061282652402 ], [ -1.627721419107476, 48.095061227429774 ], [ -1.627721216228829, 48.0950612016916 ], [ -1.627720760432784, 48.095061141184985 ], [ -1.627720558430205, 48.095061113158884 ], [ -1.627720104189253, 48.095061047362989 ], [ -1.627719902920776, 48.095061016964387 ], [ -1.627719450376883, 48.095060945963823 ], [ -1.627719249842508, 48.095060913192697 ], [ -1.62771879939009, 48.095060836881764 ], [ -1.627718599739649, 48.095060801912545 ], [ -1.627718151118384, 48.095060720391636 ], [ -1.627717952470237, 48.095060683039357 ], [ -1.627717506090279, 48.095060596382503 ], [ -1.627717308318198, 48.095060556742297 ], [ -1.627716864305774, 48.09506046485437 ], [ -1.627716667551723, 48.095060423010786 ], [ -1.627716225914701, 48.095060325981628 ], [ -1.627716030439003, 48.095060281834272 ], [ -1.627715591177384, 48.095060179663882 ], [ -1.627715396845943, 48.095060133218077 ], [ -1.627714960377748, 48.0950600260703 ], [ -1.627714767332527, 48.095059977410557 ], [ -1.62771433364202, 48.095059865105739 ], [ -1.627714141748924, 48.095059814237352 ], [ -1.627713710985939, 48.095059696949903 ], [ -1.627713520513158, 48.095059643862299 ], [ -1.627713092811788, 48.095059521586954 ], [ -1.627712903759323, 48.095059466280141 ], [ -1.627712479261531, 48.095059339101418 ], [ -1.627712291763478, 48.095059281570151 ], [ -1.62771187060336, 48.095059149482822 ], [ -1.627711684525623, 48.095059089732359 ], [ -1.627711266711045, 48.095058952826214 ], [ -1.627711082195587, 48.095058890941118 ], [ -1.627710668120971, 48.095058749110549 ], [ -1.62771048517566, 48.095058685180646 ], [ -1.627710074722645, 48.095058538610552 ], [ -1.627709893607803, 48.095058472535484 ], [ -1.627709486902616, 48.095058321130786 ], [ -1.627709307492017, 48.095058253005632 ], [ -1.627708904684488, 48.095058096940718 ], [ -1.627708727112227, 48.095058026760221 ], [ -1.627708328470549, 48.095057866024547 ], [ -1.627708152594662, 48.095057793704136 ], [ -1.627707758126702, 48.095057628387536 ], [ -1.627707584231117, 48.095057554096357 ], [ -1.627707194070969, 48.095057384193566 ], [ -1.627707022147816, 48.095057307841763 ], [ -1.627706636437445, 48.095057133437322 ], [ -1.627706466494595, 48.095057055114729 ], [ -1.627706085234, 48.095056876208666 ], [ -1.627705917413413, 48.095056795999852 ], [ -1.627705540744558, 48.095056612676707 ], [ -1.627705375038368, 48.095056530491831 ], [ -1.627705003237312, 48.095056342830894 ], [ -1.627704839653385, 48.095056258759818 ], [ -1.627704472720126, 48.095056066761089 ], [ -1.627704311258465, 48.095055980803778 ], [ -1.627703949334967, 48.095055784551811 ], [ -1.627703790137533, 48.095055696792841 ], [ -1.627703433357892, 48.095055496282377 ], [ -1.627703276416817, 48.095055406631907 ], [ -1.627702924804637, 48.095055202132457 ], [ -1.62770277039598, 48.095055110669783 ], [ -1.627702423935524, 48.095054902001664 ], [ -1.627702271925191, 48.095054808732051 ], [ -1.627701930908253, 48.095054596154213 ], [ -1.627701781304109, 48.095054501167482 ], [ -1.627701445849051, 48.095054284495006 ], [ -1.627701298793061, 48.095054187875753 ], [ -1.627700968923483, 48.095053967378099 ], [ -1.627700824399911, 48.095053868946643 ], [ -1.627700500249911, 48.095053644618588 ], [ -1.627700358274494, 48.095053544554574 ], [ -1.627700039986034, 48.095053316480637 ], [ -1.627699900566637, 48.095053214873921 ], [ -1.627699588273812, 48.095052983048859 ], [ -1.627699451536664, 48.095052879804321 ], [ -1.627699145121116, 48.095052644413059 ], [ -1.627699011074085, 48.095052539620553 ], [ -1.627698980293065, 48.095052515410856 ], [ -1.627491800381755, 48.094889907428829 ], [ -1.627491472937179, 48.094889645460938 ], [ -1.627489244098106, 48.094887827407135 ], [ -1.627487115789737, 48.094886149356086 ], [ -1.627484945717706, 48.09488449530128 ], [ -1.627482734331506, 48.094882865765882 ], [ -1.62748048234095, 48.094881261172702 ], [ -1.62747819045585, 48.094879681944541 ], [ -1.627475859117824, 48.094878128514715 ], [ -1.627473489312744, 48.094876601385344 ], [ -1.627471081340268, 48.094875100905192 ], [ -1.627468636052168, 48.094873627581642 ], [ -1.62746615415039, 48.094872181747625 ], [ -1.62746363635261, 48.094870763915821 ], [ -1.627461083218807, 48.0948693743346 ], [ -1.627458495600757, 48.094868013511352 ], [ -1.627455874066302, 48.094866681784303 ], [ -1.627453219593447, 48.094865379565718 ], [ -1.627450532750033, 48.094864107193835 ], [ -1.627447814372099, 48.094862864996337 ], [ -1.627445065027491, 48.094861653311483 ], [ -1.627442285702073, 48.094860472641386 ], [ -1.627439477216147, 48.094859323134045 ], [ -1.62743664013756, 48.094858205127707 ], [ -1.627433579905432, 48.094857044962779 ], [ -1.627431641349382, 48.094856235256032 ], [ -1.627398930031985, 48.094841241584014 ], [ -1.627395451236039, 48.094839342853952 ], [ -1.627395139025686, 48.094839141131757 ], [ -1.627394992561252, 48.094839049717038 ], [ -1.627394843556534, 48.094838960024688 ], [ -1.627394692413816, 48.094838872038899 ], [ -1.627394538730818, 48.094838785775494 ], [ -1.627394382917684, 48.09483870130844 ], [ -1.62739422483246, 48.094838618553226 ], [ -1.627394064490874, 48.094838537689483 ], [ -1.62739390216112, 48.094838458706704 ], [ -1.62739373756714, 48.094838381525584 ], [ -1.627393570984989, 48.094838306225412 ], [ -1.627393402422534, 48.094838232896016 ], [ -1.627393232013875, 48.094838161532131 ], [ -1.627393059617044, 48.094838092049187 ], [ -1.627392885381874, 48.094838024621588 ], [ -1.627392709442458, 48.094837959244039 ], [ -1.627392531656833, 48.094837895832029 ], [ -1.627392352308925, 48.094837834554639 ], [ -1.627392171248903, 48.094837775237458 ], [ -1.627391988634467, 48.094837718144774 ], [ -1.627391804449878, 48.094837663096868 ], [ -1.627391618971196, 48.094837610173073 ], [ -1.627391431930229, 48.094837559383869 ], [ -1.62739124373713, 48.094837510803345 ], [ -1.62739105412371, 48.094837464441994 ], [ -1.627390863216194, 48.09483742020474 ], [ -1.627390671298511, 48.094837378260713 ], [ -1.627390478220825, 48.094837338435482 ], [ -1.627390284140837, 48.094837300993298 ], [ -1.627390089034944, 48.094837265664651 ], [ -1.627389892926748, 48.094837232719065 ], [ -1.627389696068704, 48.0948372019663 ], [ -1.627389498334585, 48.094837173501482 ], [ -1.627389300000446, 48.094837147403901 ], [ -1.627389100790232, 48.094837123594253 ], [ -1.627388901106225, 48.094837102056729 ], [ -1.627388700822199, 48.094837082886436 ], [ -1.627388500064384, 48.094837065988273 ], [ -1.627388298840642, 48.094837051452082 ], [ -1.627388097285073, 48.094837039272562 ], [ -1.627387895531766, 48.09483702944447 ], [ -1.627387693438763, 48.094837021883244 ], [ -1.627387491155894, 48.09483701676325 ], [ -1.627387288809383, 48.094837013989427 ], [ -1.627387086391367, 48.09483701347191 ], [ -1.627386883917574, 48.094837015390354 ], [ -1.627386681648332, 48.094837019644423 ], [ -1.627386479449545, 48.094837026239375 ], [ -1.627386277589401, 48.094837035164659 ], [ -1.627386075941675, 48.094837046515394 ], [ -1.62738587449063, 48.0948370601119 ], [ -1.627385673654285, 48.094837076118033 ], [ -1.627385473148717, 48.094837094364657 ], [ -1.627385273257848, 48.09483711502093 ], [ -1.627385073831851, 48.094837137912428 ], [ -1.627384875154649, 48.094837163208268 ], [ -1.627384677210509, 48.094837190728839 ], [ -1.627384480007295, 48.094837220563903 ], [ -1.62738428354501, 48.094837252713525 ], [ -1.627384088083974, 48.094837287077276 ], [ -1.627383893632057, 48.09483732374504 ], [ -1.627383700047293, 48.094837362632205 ], [ -1.627383507739838, 48.094837403812832 ], [ -1.627383316425765, 48.094837447117769 ], [ -1.627383126388998, 48.094837492716159 ], [ -1.627382937613803, 48.094837540428323 ], [ -1.627382750108047, 48.094837590344092 ], [ -1.627382564005826, 48.094837642458231 ], [ -1.627382379299273, 48.094837696680869 ], [ -1.62738219612248, 48.094837753006757 ], [ -1.627382014475449, 48.094837811435887 ], [ -1.627381834358178, 48.094837871968252 ], [ -1.627381656038859, 48.094837934593329 ], [ -1.627381479375531, 48.094837999226549 ], [ -1.627381304502283, 48.094838065862618 ], [ -1.627381131426988, 48.094838134591406 ], [ -1.627380960133909, 48.094838205233231 ], [ -1.627380790891235, 48.094838277777534 ], [ -1.62738062357274, 48.094838352319464 ], [ -1.627380458170558, 48.094838428769165 ], [ -1.627380294945007, 48.094838507026239 ], [ -1.627380133903957, 48.094838587180561 ], [ -1.627379974913313, 48.094838669237376 ], [ -1.627379818225529, 48.094838753006485 ], [ -1.62737966371438, 48.094838838583001 ], [ -1.627379511513958, 48.094838925961639 ], [ -1.627379361750491, 48.094839015047306 ], [ -1.627379156960761, 48.094839141089828 ], [ -1.627313900241409, 48.094880259046164 ], [ -1.627313815982927, 48.094880363224725 ], [ -1.627313608628321, 48.094880630527619 ], [ -1.627313408064642, 48.094880900087539 ], [ -1.627313214552213, 48.094881171804126 ], [ -1.627313027956938, 48.094881445682617 ], [ -1.627312848397178, 48.094881721538101 ], [ -1.627312675880799, 48.094881999460419 ], [ -1.627312510518299, 48.094882279174811 ], [ -1.627312352183445, 48.094882560776355 ], [ -1.627312201262789, 48.094882844069588 ], [ -1.627312057488144, 48.09488312906506 ], [ -1.627311920977866, 48.094883415577804 ], [ -1.627311791724093, 48.094883703518043 ], [ -1.627311670002878, 48.094883992965016 ], [ -1.627311555522431, 48.094884283659809 ], [ -1.627311448550945, 48.09488457559187 ], [ -1.627311349080547, 48.094884868671343 ], [ -1.627311256977147, 48.094885162903537 ], [ -1.627311172351238, 48.094885458013657 ], [ -1.62731109534478, 48.094885754086285 ], [ -1.62731102594204, 48.09488605094176 ], [ -1.627310964008924, 48.094886348585334 ], [ -1.627310909663791, 48.094886646832087 ], [ -1.62731086303287, 48.0948869455869 ], [ -1.627310823855839, 48.094887244950179 ], [ -1.62731079251138, 48.094887544636606 ], [ -1.627310768589342, 48.094887844572142 ], [ -1.627310744134935, 48.094888298217803 ], [ -1.627309130345151, 48.094893824145288 ], [ -1.627305046444072, 48.094898745592211 ], [ -1.627298892251995, 48.094902580729048 ], [ -1.627291270133476, 48.094904954153705 ], [ -1.627282926311027, 48.094905633541835 ], [ -1.627274677376238, 48.094904552456022 ], [ -1.627267331046486, 48.094901816615263 ], [ -1.62726160616814, 48.094897693878472 ], [ -1.627258063119973, 48.094892587774105 ], [ -1.627257048970078, 48.094886998191093 ], [ -1.627257081797909, 48.094886391248309 ], [ -1.627257102172266, 48.094886084601562 ], [ -1.627257150381318, 48.094885478135957 ], [ -1.627257178588246, 48.094885171812344 ], [ -1.627257242328344, 48.094884565998292 ], [ -1.627257278375712, 48.094884260087674 ], [ -1.627257357386535, 48.094883655025548 ], [ -1.627257401140247, 48.094883349533191 ], [ -1.627257495579489, 48.094882745487212 ], [ -1.627257547189371, 48.094882440587476 ], [ -1.627257656930806, 48.094881837652771 ], [ -1.627257716262764, 48.094881533350943 ], [ -1.627257841464084, 48.094880931791721 ], [ -1.627257908533854, 48.094880628267468 ], [ -1.627258048942605, 48.09488002827392 ], [ -1.627258123750183, 48.09487972552725 ], [ -1.627258279366362, 48.094879127099382 ], [ -1.627258361793389, 48.094878825315199 ], [ -1.627258532782562, 48.094878228807083 ], [ -1.627258622829036, 48.094877927985401 ], [ -1.627258808930877, 48.094877333497372 ], [ -1.627258906738762, 48.094877033722781 ], [ -1.627259107834908, 48.094876441439801 ], [ -1.627259213285841, 48.094876142897171 ], [ -1.627259429384163, 48.094875552909087 ], [ -1.62725954234405, 48.094875255603746 ], [ -1.627259773610105, 48.094874668264552 ], [ -1.627259894086813, 48.094874372286306 ], [ -1.627260140118319, 48.094873787611874 ], [ -1.627260268253808, 48.094873493045277 ], [ -1.627260529074364, 48.094872911305075 ], [ -1.627260664608312, 48.094872618250513 ], [ -1.627260940359881, 48.094872039529093 ], [ -1.627261083308022, 48.094871748166234 ], [ -1.627261373604053, 48.094871172659062 ], [ -1.627261523958517, 48.094870882898064 ], [ -1.627261828948837, 48.094870310779555 ], [ -1.627261986591267, 48.094870022805338 ], [ -1.627262306157514, 48.094869454260433 ], [ -1.627262471095775, 48.094869168162852 ], [ -1.627262804977628, 48.0948686032919 ], [ -1.627262977219586, 48.094868319160746 ], [ -1.627263325432776, 48.094867758143401 ], [ -1.627263504844337, 48.094867475984017 ], [ -1.627263867270505, 48.094866919005227 ], [ -1.627264053875269, 48.094866639087044 ], [ -1.627264430522281, 48.094866086236628 ], [ -1.627264624044191, 48.094865808480378 ], [ -1.627265014667457, 48.094865260038382 ], [ -1.627265215248476, 48.094864984528613 ], [ -1.627265619855865, 48.094864440584871 ], [ -1.627265827369764, 48.094864167416695 ], [ -1.627266245708817, 48.09486362816142 ], [ -1.627266460163462, 48.094863357424643 ], [ -1.627266892249914, 48.094862823037474 ], [ -1.627267113511212, 48.094862554737404 ], [ -1.627267559084739, 48.094862025318719 ], [ -1.627267787042196, 48.094861759730108 ], [ -1.627268246110667, 48.094861235369741 ], [ -1.627268480756412, 48.094860972402721 ], [ -1.627268953075237, 48.094860453380711 ], [ -1.627269194417142, 48.094860193125164 ], [ -1.627269679725997, 48.094859679541855 ], [ -1.627269927779793, 48.094859422177443 ], [ -1.627270426086546, 48.094858914122682 ], [ -1.627274470085152, 48.094855689603634 ], [ -1.627342458274549, 48.094812850622453 ], [ -1.627342686423866, 48.09481270860848 ], [ -1.627343177827707, 48.09481240598398 ], [ -1.627343524649525, 48.094812196297752 ], [ -1.627344023829439, 48.094811899497152 ], [ -1.627344375982513, 48.094811693838018 ], [ -1.6273448829385, 48.094811402861318 ], [ -1.627345240162505, 48.094811201329598 ], [ -1.627345754634244, 48.094810916277197 ], [ -1.627346117079012, 48.094810719047281 ], [ -1.627346638940273, 48.094810440014264 ], [ -1.627347006463841, 48.094810247001625 ], [ -1.62734753532021, 48.094809974093657 ], [ -1.627347907796352, 48.094809785393373 ], [ -1.627348443789789, 48.09480951869498 ], [ -1.627348820958181, 48.094809334407429 ], [ -1.627349363820498, 48.09480907392917 ], [ -1.627349745681139, 48.094808894054353 ], [ -1.627350295293978, 48.094808639981153 ], [ -1.627350681712777, 48.094808464524334 ], [ -1.627351237807942, 48.094808216866738 ], [ -1.627351628800634, 48.094808046007586 ], [ -1.627352191251904, 48.094807804860693 ], [ -1.627352586550295, 48.094807638609758 ], [ -1.627353155089478, 48.094807403984113 ], [ -1.62735355470144, 48.094807242431209 ], [ -1.627354129336404, 48.094807014416638 ], [ -1.627354532851783, 48.09480685748774 ], [ -1.627355113330077, 48.094806636274456 ], [ -1.627355520890835, 48.094806484054139 ], [ -1.627356107078359, 48.094806269647393 ], [ -1.627356518550403, 48.094806122140923 ], [ -1.627357110178972, 48.094805914551273 ], [ -1.627357525309846, 48.094805771948849 ], [ -1.627358122387326, 48.094805571266129 ], [ -1.62735854103507, 48.094805433483195 ], [ -1.627359143159174, 48.094805239723186 ], [ -1.627359565473619, 48.094805106934139 ], [ -1.627360172518123, 48.094804920191969 ], [ -1.627360598089114, 48.094804792322776 ], [ -1.627361209919925, 48.09480461260371 ], [ -1.627361638621236, 48.094804489749492 ], [ -1.627362255119992, 48.094804317238463 ], [ -1.627362686943756, 48.094804199309358 ], [ -1.627363307842271, 48.094804034016917 ], [ -1.62736374266226, 48.094803921108046 ], [ -1.627364367692342, 48.094803763044709 ], [ -1.62736480538233, 48.09480365525117 ], [ -1.627365434417753, 48.094803504512051 ], [ -1.627365874709551, 48.094803401844381 ], [ -1.627366507608353, 48.094803258344918 ], [ -1.627366950501962, 48.094803160803131 ], [ -1.627367587145782, 48.094803024728257 ], [ -1.627368032507107, 48.094802932317613 ], [ -1.627368672493663, 48.09480280368313 ], [ -1.627369120062383, 48.09480271650402 ], [ -1.627369763391675, 48.094802595309936 ], [ -1.627370213167788, 48.094802513362325 ], [ -1.627370859437534, 48.094802399624456 ], [ -1.627371311286948, 48.094802322913651 ], [ -1.627371960505013, 48.09480221672181 ], [ -1.627372414167405, 48.094802145348162 ], [ -1.627373066065602, 48.0948020467129 ], [ -1.627373521525237, 48.094801980496733 ], [ -1.627374175843243, 48.094801889518436 ], [ -1.627374632981764, 48.094801828644698 ], [ -1.627375289577619, 48.094801745238811 ], [ -1.627375748126834, 48.094801689718039 ], [ -1.627376406866444, 48.094801613889793 ], [ -1.627376866826354, 48.094801563721994 ], [ -1.627377527315303, 48.094801495577059 ], [ -1.627377988551814, 48.094801450767505 ], [ -1.627378650656006, 48.09480139031114 ], [ -1.62737911290093, 48.094801350870362 ], [ -1.627379776620365, 48.094801298102595 ], [ -1.627380239873702, 48.094801264030579 ], [ -1.627380904806099, 48.094801218967177 ], [ -1.627381368799659, 48.094801190274509 ], [ -1.627382034818789, 48.094801153010607 ], [ -1.62738249941848, 48.09480112970251 ], [ -1.627383166382382, 48.094801100153532 ], [ -1.627383631596068, 48.094801082319854 ], [ -1.62738429910246, 48.094801060501624 ], [ -1.62738476464622, 48.094801047973235 ], [ -1.627385432702969, 48.094801033975557 ], [ -1.627385898592537, 48.094801026932174 ], [ -1.627386566915719, 48.094801020585926 ], [ -1.62738703287504, 48.094801018948196 ], [ -1.627387701212201, 48.094801020443605 ], [ -1.627388167107178, 48.094801024216828 ], [ -1.627388835316359, 48.094801033469345 ], [ -1.627389301012899, 48.094801042658752 ], [ -1.627389968960003, 48.094801059673628 ], [ -1.627390434316145, 48.094801074194692 ], [ -1.627391101732984, 48.094801098982479 ], [ -1.627391566756595, 48.094801118925027 ], [ -1.627392233374981, 48.094801151496256 ], [ -1.627392697663778, 48.094801176876096 ], [ -1.627393363341748, 48.094801217146191 ], [ -1.627393827029826, 48.09480124795806 ], [ -1.627394491633285, 48.094801295932321 ], [ -1.627394954444589, 48.094801332096914 ], [ -1.627395617571255, 48.094801387791129 ], [ -1.62739607937169, 48.094801429313748 ], [ -1.627396741021563, 48.094801492727896 ], [ -1.627397201677034, 48.09480153961379 ], [ -1.627397861574058, 48.09480161066864 ], [ -1.62739832095047, 48.094801662923068 ], [ -1.627398978960552, 48.094801741623847 ], [ -1.627399436923811, 48.094801799252089 ], [ -1.627400092644666, 48.094801885614629 ], [ -1.627400549186906, 48.094801948526865 ], [ -1.627401202610668, 48.094802042461303 ], [ -1.627401657463699, 48.09480211066807 ], [ -1.627402308188086, 48.09480221219026 ], [ -1.627402761217812, 48.094802285696822 ], [ -1.627403409376917, 48.094802394801476 ], [ -1.627403860441381, 48.094802473523245 ], [ -1.627404505625053, 48.094802590136347 ], [ -1.627404954590157, 48.094802674078636 ], [ -1.627405596656435, 48.094802798115616 ], [ -1.627406043388085, 48.09480288728367 ], [ -1.627406682076649, 48.094803018844914 ], [ -1.627407126440752, 48.094803113244033 ], [ -1.62740776160177, 48.094803252155131 ], [ -1.627408203582593, 48.094803351605627 ], [ -1.627408835089839, 48.094803497961692 ], [ -1.627409274292961, 48.094803602569193 ], [ -1.627409901862514, 48.094803756201124 ], [ -1.627410338422033, 48.094803865960387 ], [ -1.627410961911928, 48.094804026783578 ], [ -1.627411395685883, 48.094804141610048 ], [ -1.6274120148358, 48.094804309724886 ], [ -1.627412445414039, 48.094804429544524 ], [ -1.627413060208244, 48.094804604771369 ], [ -1.627413487732729, 48.094804729668752 ], [ -1.627414097768938, 48.094804912023385 ], [ -1.627414522089839, 48.09480504182411 ], [ -1.627415127226091, 48.09480523122199 ], [ -1.627415548083088, 48.094805366026435 ], [ -1.627416148319382, 48.09480556246757 ], [ -1.62741656569674, 48.09480570209606 ], [ -1.627417160615058, 48.094805905416564 ], [ -1.627417574378683, 48.0948060498744 ], [ -1.627418163986893, 48.094806260164148 ], [ -1.627418573868594, 48.094806409461832 ], [ -1.627419157882773, 48.09480662655168 ], [ -1.627419563866818, 48.094806780509558 ], [ -1.62742014215287, 48.094807004404764 ], [ -1.627420544247126, 48.094807163112698 ], [ -1.627421116521128, 48.094807393644167 ], [ -1.627421514449538, 48.094807557022833 ], [ -1.62742208071149, 48.094807794190544 ], [ -1.627422474339958, 48.094807962245248 ], [ -1.627423034305937, 48.094808205880071 ], [ -1.627423423626597, 48.094808378520938 ], [ -1.62742397716251, 48.094808628628201 ], [ -1.627424361899305, 48.094808805775955 ], [ -1.627424908871056, 48.094809062360888 ], [ -1.62742528901612, 48.094809243925695 ], [ -1.627425829273877, 48.094809506813917 ], [ -1.627426204693116, 48.094809692801057 ], [ -1.627426737960826, 48.094809961913263 ], [ -1.627427108520142, 48.094810152328016 ], [ -1.627427634655843, 48.094810427579624 ], [ -1.627428000339505, 48.094810622242342 ], [ -1.627428519201233, 48.094810903548819 ], [ -1.62742887974105, 48.09481110246999 ], [ -1.62742939132094, 48.094811389741515 ], [ -1.627429746582818, 48.094811592926455 ], [ -1.627430250604813, 48.094811886083718 ], [ -1.627430600707112, 48.094812093347485 ], [ -1.627430958403506, 48.09481230896624 ], [ -1.627461038456758, 48.094826096489683 ], [ -1.627463299117644, 48.094826953569431 ], [ -1.627463688246422, 48.094827104043191 ], [ -1.627466912480279, 48.094828374583265 ], [ -1.627467297806175, 48.094828529262799 ], [ -1.627470489794384, 48.094829835684031 ], [ -1.627470871333135, 48.09482999474902 ], [ -1.627474030105565, 48.094831336728959 ], [ -1.627474407447019, 48.094831500105343 ], [ -1.627477532151904, 48.094832877136696 ], [ -1.627477905556381, 48.094833044724119 ], [ -1.627480995231461, 48.094834456574233 ], [ -1.627481364422907, 48.094834628293412 ], [ -1.627484418350504, 48.09483607444966 ], [ -1.627484783202693, 48.094836250395709 ], [ -1.62748780041268, 48.094837730535687 ], [ -1.627488160767913, 48.094837910444348 ], [ -1.62749114055048, 48.094839424145235 ], [ -1.627491496416626, 48.094839608106362 ], [ -1.627494437659682, 48.094841154961195 ], [ -1.627494789028874, 48.094841342884955 ], [ -1.627497691148837, 48.094842922375804 ], [ -1.627498037752885, 48.09484311427272 ], [ -1.627500899771757, 48.09484472598735 ], [ -1.627501241602795, 48.094844921767638 ], [ -1.62750406294486, 48.094846565277955 ], [ -1.627504399868792, 48.094846764946823 ], [ -1.627507179414091, 48.094848439756035 ], [ -1.627507511415183, 48.094848643133872 ], [ -1.627510248722093, 48.094850348808606 ], [ -1.627510575398061, 48.094850555911208 ], [ -1.62751326961481, 48.094852291944115 ], [ -1.627513591225975, 48.094852502671095 ], [ -1.627516241374564, 48.094854268649954 ], [ -1.627516557786832, 48.0948544830066 ], [ -1.627519163283674, 48.094856278413452 ], [ -1.627519474347217, 48.094856496225383 ], [ -1.627522034474634, 48.094858320547594 ], [ -1.627522339929127, 48.094858541915201 ], [ -1.6275248540878, 48.094860394455246 ], [ -1.627525154059472, 48.094860619283359 ], [ -1.627527621287134, 48.094862499808649 ], [ -1.627527915626154, 48.094862727922916 ], [ -1.627530335457578, 48.094864635730602 ], [ -1.627530624029851, 48.094864867136288 ], [ -1.62753283041677, 48.094866666962083 ], [ -1.627729154252637, 48.09502063094547 ], [ -1.62784047606221, 48.094957321723363 ], [ -1.627840564768951, 48.094957251442587 ], [ -1.627840869490335, 48.094957014294387 ], [ -1.627841126867736, 48.094956817316792 ], [ -1.62784143767779, 48.094956583625034 ], [ -1.627841700299952, 48.094956389686317 ], [ -1.627842017096056, 48.094956159815581 ], [ -1.627842284560693, 48.094955968931586 ], [ -1.627842607193012, 48.094955742707455 ], [ -1.627842879776185, 48.094955554957465 ], [ -1.62784320813423, 48.09495533265472 ], [ -1.627843485567745, 48.094955148049259 ], [ -1.62784381964365, 48.094954929578094 ], [ -1.627844101809152, 48.094954748302087 ], [ -1.627844441476687, 48.094954533757587 ], [ -1.62784472823221, 48.094954355726514 ], [ -1.627845073365149, 48.094954145203772 ], [ -1.627845364718563, 48.094953970507426 ], [ -1.627845715324775, 48.094953764096282 ], [ -1.627846011149851, 48.094953592829789 ], [ -1.62784636709524, 48.094953390535508 ], [ -1.627846667257886, 48.094953222704113 ], [ -1.627847028282131, 48.094953024627081 ], [ -1.627847332924308, 48.094952860315381 ], [ -1.627847698893313, 48.094952666460841 ], [ -1.627848007754699, 48.094952505769172 ], [ -1.627848378668465, 48.094952316137153 ], [ -1.627848691614966, 48.094952159070807 ], [ -1.627849067489228, 48.094951973840971 ], [ -1.62784938438675, 48.094951820405214 ], [ -1.62784976495332, 48.094951639588089 ], [ -1.627850085943824, 48.094951489867476 ], [ -1.627850470942379, 48.094951313563442 ], [ -1.627850795757676, 48.094951167568503 ], [ -1.627851185322311, 48.09495099577228 ], [ -1.627851513828306, 48.094950853508308 ], [ -1.627851907698699, 48.094950686320267 ], [ -1.62785223991113, 48.094950547966931 ], [ -1.627852638079413, 48.094950385297253 ], [ -1.627852973864182, 48.09495025085981 ], [ -1.627853376077902, 48.094950092898685 ], [ -1.627853715300918, 48.094949962382401 ], [ -1.627854121560074, 48.094949809129851 ], [ -1.627854464087239, 48.09494968253999 ], [ -1.627854874257737, 48.094949534001273 ], [ -1.627855219962824, 48.094949411432964 ], [ -1.627855633918439, 48.094949267703171 ], [ -1.62785598280145, 48.094949149156392 ], [ -1.627856400281856, 48.09494901033591 ], [ -1.627856752208695, 48.094948895815946 ], [ -1.627857173213897, 48.094948761904767 ], [ -1.627857528192433, 48.094948651501447 ], [ -1.627857952580465, 48.09494852241501 ], [ -1.627858310208412, 48.094948416144128 ], [ -1.627858737860915, 48.094948292067372 ], [ -1.627859098280239, 48.094948190013525 ], [ -1.627859528929024, 48.094948070956967 ], [ -1.627859891997759, 48.094947973035573 ], [ -1.627860325776923, 48.094947858993976 ], [ -1.627860691234748, 48.094947765305399 ], [ -1.627861127749874, 48.094947656384399 ], [ -1.627861495730884, 48.094947566923388 ], [ -1.627861934974102, 48.094947463033144 ], [ -1.62786230508388, 48.094947377905314 ], [ -1.627862747063059, 48.09494727913566 ], [ -1.627863119301609, 48.094947198341039 ], [ -1.627863563756426, 48.094947104792354 ], [ -1.627863938115877, 48.094947028241094 ], [ -1.627864384770277, 48.094946939834081 ], [ -1.627864761132269, 48.094946867711116 ], [ -1.62786520999412, 48.094946784535622 ], [ -1.627865588082596, 48.094946716761676 ], [ -1.627866039017802, 48.094946638822947 ], [ -1.627866418832765, 48.094946575398005 ], [ -1.627866871707231, 48.094946502701333 ], [ -1.627867253130319, 48.094946443810343 ], [ -1.627867707802082, 48.094946376271153 ], [ -1.627868090691335, 48.094946321829539 ], [ -1.627868547042038, 48.094946259632785 ], [ -1.627868931263359, 48.094946209645819 ], [ -1.627869389151038, 48.09494615270691 ], [ -1.627869774704428, 48.094946107174607 ], [ -1.62787023387663, 48.094946055683771 ], [ -1.627870620486031, 48.094946014526819 ], [ -1.627871080934888, 48.094945968394235 ], [ -1.627871468616037, 48.094945931792317 ], [ -1.627871930199586, 48.094945890933381 ], [ -1.627872318684293, 48.094945858897034 ], [ -1.627872781276307, 48.094945823406889 ], [ -1.627873170690798, 48.094945795840992 ], [ -1.627873634023089, 48.094945765730159 ], [ -1.62787402396508, 48.094945742650552 ], [ -1.627874488171743, 48.094945717913774 ], [ -1.627874878649102, 48.094945699410268 ], [ -1.627875343327851, 48.094945680063347 ], [ -1.627875734206484, 48.094945666141236 ], [ -1.627876199357321, 48.094945652184165 ], [ -1.627876590495264, 48.094945642758887 ], [ -1.627877055984091, 48.094945634196947 ], [ -1.627877447389215, 48.094945629358293 ], [ -1.627877912947844, 48.094945626202026 ], [ -1.62787830434409, 48.094945625870757 ], [ -1.627878769972522, 48.094945628120165 ], [ -1.627879161367755, 48.094945632386064 ], [ -1.627879626797803, 48.094945640051691 ], [ -1.627880018042195, 48.094945648740421 ], [ -1.627880483147627, 48.094945661917343 ], [ -1.627880874114952, 48.094945675123967 ], [ -1.627881338880034, 48.09494569363256 ], [ -1.627881729444065, 48.094945711452191 ], [ -1.627882193734703, 48.094945735297706 ], [ -1.627882583753476, 48.094945757645782 ], [ -1.627883047309348, 48.094945786928598 ], [ -1.627883436648769, 48.094945813810384 ], [ -1.627883899462008, 48.094945848440673 ], [ -1.627884288122076, 48.094945879856184 ], [ -1.627884749790396, 48.094945919849728 ], [ -1.627885137637018, 48.094945955804221 ], [ -1.627885598294515, 48.094946001155805 ], [ -1.627885985051633, 48.094946041569983 ], [ -1.627886444556345, 48.094946092195009 ], [ -1.627886830223957, 48.094946137068895 ], [ -1.627887288189333, 48.094946193162841 ], [ -1.627887672767443, 48.094946242496427 ], [ -1.627888129311845, 48.094946303874373 ], [ -1.627888512398163, 48.094946357683462 ], [ -1.627888967379627, 48.094946424260833 ], [ -1.627889348974156, 48.094946482545446 ], [ -1.62788980214023, 48.094946554512447 ], [ -1.627890182227235, 48.094946617092901 ], [ -1.627890633428084, 48.094946694275144 ], [ -1.627891011889206, 48.094946761336402 ], [ -1.627891461132701, 48.094946843823713 ], [ -1.627891837684013, 48.094946915196608 ], [ -1.627892284694097, 48.094947002909713 ], [ -1.627892659343469, 48.094947078684115 ], [ -1.627893104104403, 48.09494717144333 ], [ -1.627893476717739, 48.094947251624497 ], [ -1.627893918977072, 48.094947349620064 ], [ -1.627894289538636, 48.094947434028334 ], [ -1.627894729288499, 48.09494753717037 ], [ -1.627895097537969, 48.094947625906109 ], [ -1.627895534502305, 48.094947734115379 ], [ -1.627895900431815, 48.09494782708876 ], [ -1.627896334476527, 48.094947940370481 ], [ -1.62789669795198, 48.094948037586789 ], [ -1.627897129211166, 48.094948155935725 ], [ -1.627897489956505, 48.094948257315657 ], [ -1.62789791802001, 48.09494838065779 ], [ -1.627898276177198, 48.094948486285894 ], [ -1.627898701037157, 48.094948614531376 ], [ -1.62789905646423, 48.094948724323118 ], [ -1.627899477986544, 48.094948857477235 ], [ -1.627899830407446, 48.094948971353304 ], [ -1.627900248458023, 48.094949109421322 ], [ -1.627900597738659, 48.094949227387005 ], [ -1.627901012183403, 48.094949370374195 ], [ -1.627901358449998, 48.094949492334372 ], [ -1.627901769273175, 48.094949640061081 ], [ -1.62790211225754, 48.094949766026325 ], [ -1.627902519198826, 48.094949918592896 ], [ -1.627902858893093, 48.094950048473336 ], [ -1.627903261802657, 48.094950205705409 ], [ -1.627903598080601, 48.094950339596167 ], [ -1.627903996824349, 48.094950501499028 ], [ -1.627904329544005, 48.094950639315556 ], [ -1.627904724114069, 48.094950805799314 ], [ -1.627905053259701, 48.09495094736193 ], [ -1.627905443529854, 48.094951118521742 ], [ -1.627905768841141, 48.094951263930831 ], [ -1.62790615466155, 48.094951439592265 ], [ -1.62790647626472, 48.094951588752735 ], [ -1.627906857359329, 48.094951768836516 ], [ -1.62790717497832, 48.094951921669065 ], [ -1.627907551489094, 48.094952106259761 ], [ -1.62790786512391, 48.094952262764409 ], [ -1.627908236901014, 48.094952451687618 ], [ -1.627908546283463, 48.094952611874852 ], [ -1.627908913050841, 48.094952805051321 ], [ -1.62790921830715, 48.094952968826092 ], [ -1.627909580064803, 48.094953166255763 ], [ -1.627909881053009, 48.094953333533496 ], [ -1.627910237666839, 48.09495353522167 ], [ -1.62791053424498, 48.094953705917817 ], [ -1.627910885573028, 48.094953911779946 ], [ -1.627911177733234, 48.094954085804623 ], [ -1.627911523767628, 48.094954295750881 ], [ -1.627911811249579, 48.094954473204517 ], [ -1.627912151714262, 48.094954687155592 ], [ -1.627912434644185, 48.094954867943059 ], [ -1.627912769539157, 48.09495508589896 ], [ -1.627913047640993, 48.094955269940982 ], [ -1.627913376950518, 48.09495549172204 ], [ -1.627913650216398, 48.094955678928777 ], [ -1.627913973806381, 48.094955904540257 ], [ -1.627914242102211, 48.094956094916988 ], [ -1.627914559830689, 48.094956324274349 ], [ -1.627914823148602, 48.094956517731248 ], [ -1.627915134881479, 48.094956750839756 ], [ -1.627915393079509, 48.094956947292246 ], [ -1.62791569880105, 48.094957183972241 ], [ -1.627915951887067, 48.094957383510156 ], [ -1.627916251455308, 48.094957623677047 ], [ -1.627916499279479, 48.09495782612602 ], [ -1.627916792560327, 48.094958069785122 ], [ -1.627917035114785, 48.094958275055291 ], [ -1.627917321966274, 48.094958522122013 ], [ -1.62791755924315, 48.094958730123572 ], [ -1.627917839665281, 48.094958980597937 ], [ -1.627918071396387, 48.094959191341403 ], [ -1.627918345373423, 48.094959445043735 ], [ -1.627918571550889, 48.094959658439286 ], [ -1.627918838940866, 48.094959915285031 ], [ -1.627918925625789, 48.094960000125042 ], [ -1.628054095065456, 48.09505447842831 ], [ -1.628055841092826, 48.095055480210682 ], [ -1.628058454391653, 48.095056928079231 ], [ -1.628061104596715, 48.095058345652099 ], [ -1.628063791013932, 48.095059732686124 ], [ -1.628066512783651, 48.095061088584124 ], [ -1.628069269211789, 48.095062413102951 ], [ -1.628072059312463, 48.095063705740507 ], [ -1.628074882391592, 48.09506496625368 ], [ -1.628077737589521, 48.095066194045252 ], [ -1.62808062407807, 48.095067388877368 ], [ -1.628083540887096, 48.095068550427584 ], [ -1.628086487314643, 48.095069678362954 ], [ -1.6280894623827, 48.095070772271193 ], [ -1.628092465121121, 48.095071831829891 ], [ -1.628095494827951, 48.095072856706054 ], [ -1.628098550675009, 48.095073846661869 ], [ -1.628101631423961, 48.095074801385387 ], [ -1.628104736514811, 48.095075720628209 ], [ -1.628107864835451, 48.095076603983387 ], [ -1.628111015431474, 48.095077451308121 ], [ -1.628114187474694, 48.095078262364545 ], [ -1.628117379860873, 48.095079036835507 ], [ -1.628120591903785, 48.095079774567729 ], [ -1.628123822499195, 48.095080475243982 ], [ -1.62812707068482, 48.095081138631762 ], [ -1.62813033551412, 48.095081764678064 ], [ -1.628133616024814, 48.095082353150325 ], [ -1.628136911254624, 48.095082903815936 ], [ -1.62814044477839, 48.095083451333949 ], [ -1.628142912105403, 48.095083917812005 ], [ -1.628145806175663, 48.095084566274444 ], [ -1.628148494302566, 48.095085134044091 ], [ -1.628151196768566, 48.095085670422009 ], [ -1.628153913029407, 48.095086175339482 ], [ -1.628156641862489, 48.095086648664271 ], [ -1.628159382841917, 48.095087090142677 ], [ -1.62816213475296, 48.095087499732344 ], [ -1.628164897177589, 48.095087877269386 ], [ -1.628167668893205, 48.095088222621627 ], [ -1.628170449221458, 48.095088535725537 ], [ -1.628173237342034, 48.095088816433126 ], [ -1.62817603230839, 48.095089064691443 ], [ -1.628178833442181, 48.09508928043703 ], [ -1.628181639662765, 48.095089463622195 ], [ -1.628184450418021, 48.095089614088366 ], [ -1.628187264501087, 48.095089731883014 ], [ -1.628190081367707, 48.095089816937367 ], [ -1.628192899945113, 48.095089869293588 ], [ -1.628195719554954, 48.095089888888218 ], [ -1.628198539108725, 48.095089875583746 ], [ -1.628201357951685, 48.095089829586243 ], [ -1.628204175271384, 48.095089750837452 ], [ -1.628206989995056, 48.095089639379552 ], [ -1.628209801310255, 48.095089495154355 ], [ -1.628212608554369, 48.095089318278035 ], [ -1.628215410788724, 48.095089108787512 ], [ -1.628218206948423, 48.095088866814763 ], [ -1.628220996489211, 48.095088592291063 ], [ -1.628223778354056, 48.09508828543823 ], [ -1.628226551872478, 48.095087946282611 ], [ -1.628229316113673, 48.095087574950966 ], [ -1.628232070146841, 48.095087171570007 ], [ -1.628234813175269, 48.095086736261202 ], [ -1.62823754452848, 48.095086269050903 ], [ -1.62824026315731, 48.095085770250776 ], [ -1.628242968391282, 48.095085239887197 ], [ -1.628245659441554, 48.095084678171396 ], [ -1.628248335243231, 48.095084085235449 ], [ -1.628250995283532, 48.09508346136991 ], [ -1.62825363848969, 48.095082806616922 ], [ -1.628256264348928, 48.095082121267097 ], [ -1.628258871804217, 48.095081405542274 ], [ -1.628261674512199, 48.095080597770533 ], [ -1.628265980763674, 48.095079636426682 ], [ -1.628271898360556, 48.095078678443684 ], [ -1.628277568946142, 48.095077691680636 ], [ -1.62828321327856, 48.095076640237025 ], [ -1.628288829914218, 48.095075524530138 ], [ -1.628294417125601, 48.095074344808197 ], [ -1.628299973200923, 48.095073101499061 ], [ -1.628305496688728, 48.095071794930213 ], [ -1.628310985869367, 48.095070425439658 ], [ -1.628316439165154, 48.095068993450006 ], [ -1.628321854872181, 48.09506749947893 ], [ -1.628327231538991, 48.095065943853925 ], [ -1.628332567453805, 48.095064327002845 ], [ -1.628337861330739, 48.095062649607208 ], [ -1.628343111308185, 48.095060911920505 ], [ -1.628348315958293, 48.095059114539694 ], [ -1.628353473845351, 48.095057257971959 ], [ -1.628358583415284, 48.095055342909326 ], [ -1.628363643082548, 48.095053369684607 ], [ -1.628368651427163, 48.095051338984561 ], [ -1.628373607029158, 48.095049251496029 ], [ -1.628378508444952, 48.095047107636333 ], [ -1.628383354262441, 48.095044908182082 ], [ -1.628388330693593, 48.095042565407851 ], [ -1.628389622029017, 48.095041993902633 ], [ -1.628566006521295, 48.094968739588005 ], [ -1.628573211161754, 48.094966651380233 ], [ -1.628581009239077, 48.094966047439755 ], [ -1.628588734919865, 48.094966979452344 ], [ -1.628595728755456, 48.094969367698653 ], [ -1.628596476602413, 48.094969723828626 ], [ -1.628597040745036, 48.094969982798105 ], [ -1.628597611712033, 48.094970235189457 ], [ -1.628598189227343, 48.094970480923415 ], [ -1.628598773149003, 48.094970719915388 ], [ -1.628599363200954, 48.094970952086122 ], [ -1.62859995924123, 48.094971177351042 ], [ -1.628600561269833, 48.094971395710161 ], [ -1.628601168742511, 48.094971607094699 ], [ -1.628601781777622, 48.09497181131978 ], [ -1.628602400248939, 48.09497200848044 ], [ -1.628603023596476, 48.094972198328314 ], [ -1.628603651970065, 48.094972381037799 ], [ -1.628604284943813, 48.094972556355195 ], [ -1.628604922651814, 48.094972724275259 ], [ -1.628605564557688, 48.094972884819029 ], [ -1.628606210511602, 48.094973037812153 ], [ -1.628606860521425, 48.094973183344457 ], [ -1.628607514177003, 48.094973321341918 ], [ -1.628608171462596, 48.094973451624867 ], [ -1.628608831983787, 48.094973574298962 ], [ -1.628609495732709, 48.094973689274383 ], [ -1.628610162441169, 48.094973796561646 ], [ -1.628610831691148, 48.094973895996922 ], [ -1.628611503624604, 48.094973987664751 ], [ -1.628612177839255, 48.094974071580978 ], [ -1.628612854185267, 48.094974147571179 ], [ -1.628613532402318, 48.094974215735775 ], [ -1.628614212340575, 48.094974275900327 ], [ -1.628614893747587, 48.094974328255084 ], [ -1.628615576339422, 48.094974372630887 ], [ -1.628616260123953, 48.094974409117597 ], [ -1.628616944683154, 48.094974437551329 ], [ -1.628617629898669, 48.094974458117058 ], [ -1.628618315620664, 48.094974470640395 ], [ -1.628619001454721, 48.094974475226941 ], [ -1.628619687392975, 48.094974471786919 ], [ -1.628620373175101, 48.094974460420666 ], [ -1.62862105853291, 48.094974441138731 ], [ -1.628621743182473, 48.094974413772 ], [ -1.628622427005432, 48.09497437850542 ], [ -1.628623109859826, 48.09497433525442 ], [ -1.628623791485332, 48.094974284119381 ], [ -1.62862447160589, 48.094974225021005 ], [ -1.628625150095274, 48.094974158054391 ], [ -1.628625826685295, 48.094974083230085 ], [ -1.628626501241857, 48.094974000553385 ], [ -1.6286271734889, 48.094973909944976 ], [ -1.628627843173973, 48.094973811595075 ], [ -1.628628510297075, 48.094973705503669 ], [ -1.628629174455923, 48.094973591686568 ], [ -1.62862983551642, 48.0949734701491 ], [ -1.628630493210376, 48.094973340901738 ], [ -1.628631147419435, 48.09497320412946 ], [ -1.628631798001631, 48.094973059747666 ], [ -1.628632444688775, 48.094972907766945 ], [ -1.628633087228417, 48.094972748377472 ], [ -1.628633725344495, 48.094972581499967 ], [ -1.628634359178974, 48.094972407219004 ], [ -1.628634988203344, 48.094972225645492 ], [ -1.628635612283509, 48.094972036784704 ], [ -1.628636231427339, 48.094971840726451 ], [ -1.628636845240417, 48.094971637576407 ], [ -1.628637453714875, 48.09497142724473 ], [ -1.628638056464165, 48.094971209926882 ], [ -1.628638730085469, 48.094970956831425 ], [ -1.628738661925496, 48.094932450516012 ], [ -1.628743560071338, 48.09493097768339 ], [ -1.628744073192634, 48.094930863133207 ], [ -1.628744362683461, 48.094930794693127 ], [ -1.628744650400201, 48.094930722897452 ], [ -1.628744936074662, 48.094930647756719 ], [ -1.628745219580618, 48.094930569366049 ], [ -1.628745501052167, 48.094930487720177 ], [ -1.628745780347341, 48.094930402734519 ], [ -1.628746057339917, 48.094930314504204 ], [ -1.628746331777443, 48.094930223219421 ], [ -1.628746603904501, 48.094930128600133 ], [ -1.628746873342415, 48.094930030931671 ], [ -1.62874714022528, 48.094929930208735 ], [ -1.628747404277036, 48.09492982635205 ], [ -1.628747665639648, 48.094929719446164 ], [ -1.628747924044925, 48.094929609501641 ], [ -1.628748179508609, 48.094929496698128 ], [ -1.628748431880861, 48.094929380861252 ], [ -1.628748681177426, 48.094929262170631 ], [ -1.628748927264207, 48.094929140631592 ], [ -1.628749170007107, 48.094929016249367 ], [ -1.628749409540223, 48.094928889018725 ], [ -1.628749645611105, 48.094928759129836 ], [ -1.628749878085656, 48.094928626587986 ], [ -1.628750107224197, 48.094928491292791 ], [ -1.628750332506088, 48.09492835344502 ], [ -1.628750554325743, 48.094928212939003 ], [ -1.628750772162525, 48.094928069975495 ], [ -1.628750986418715, 48.094927924538673 ], [ -1.628751196557936, 48.094927776649691 ], [ -1.628751402848375, 48.094927626297917 ], [ -1.628751605171678, 48.094927473668299 ], [ -1.628751803393751, 48.094927318766146 ], [ -1.628751997514593, 48.09492716159145 ], [ -1.628752187407979, 48.094927002239281 ], [ -1.62875237307391, 48.094926840709689 ], [ -1.628752554512384, 48.094926677002647 ], [ -1.628752731612916, 48.094926511392899 ], [ -1.628752904225672, 48.094926343706099 ], [ -1.628753072492617, 48.094926174026774 ], [ -1.628753236161299, 48.09492600254513 ], [ -1.628753395357946, 48.09492582916608 ], [ -1.628753549956329, 48.094925653984724 ], [ -1.628753699830226, 48.094925477096169 ], [ -1.62875384511373, 48.094925298495127 ], [ -1.628753985680617, 48.094925118276713 ], [ -1.628754121530887, 48.094924936440925 ], [ -1.628754252546183, 48.094924753172684 ], [ -1.628754378718637, 48.094924568382183 ], [ -1.628754500056118, 48.094924382159242 ], [ -1.628754616440272, 48.094924194688794 ], [ -1.628754618665418, 48.094924190905559 ], [ -1.628754553746572, 48.09492392754369 ], [ -1.628754481816609, 48.094923619477399 ], [ -1.628754370621609, 48.094923113564278 ], [ -1.628754306697989, 48.094922804732548 ], [ -1.628754208455102, 48.094922297679226 ], [ -1.628754152671922, 48.094921988076749 ], [ -1.628754067523113, 48.094921479967795 ], [ -1.628754019620049, 48.094921169694963 ], [ -1.628753947715152, 48.094920660704773 ], [ -1.628753907984003, 48.094920350020502 ], [ -1.628753849196792, 48.094919840244195 ], [ -1.6287538173615, 48.094919529069202 ], [ -1.628753771841807, 48.094919018681125 ], [ -1.628753748052205, 48.094918707189855 ], [ -1.62875371581577, 48.094918196369676 ], [ -1.628753700079726, 48.094917884651906 ], [ -1.628753681008192, 48.094917373584586 ], [ -1.628753673333577, 48.09491706173015 ], [ -1.628753667434814, 48.094916550505538 ], [ -1.62875366796359, 48.094916238598998 ], [ -1.628753675245466, 48.094915727306898 ], [ -1.628753683859279, 48.094915415533208 ], [ -1.628753704337533, 48.094914904353246 ], [ -1.628753720902288, 48.094914592717686 ], [ -1.628753754734622, 48.094914081914105 ], [ -1.628753779392281, 48.094913770501229 ], [ -1.628753826318377, 48.094913260174422 ], [ -1.62875385907681, 48.094912949074022 ], [ -1.628753919246498, 48.094912439398378 ], [ -1.628753959979482, 48.094912128705595 ], [ -1.628754033400633, 48.094911619770926 ], [ -1.628754082123903, 48.09491130966542 ], [ -1.628754168678161, 48.094910801656681 ], [ -1.628754225391719, 48.094910492138432 ], [ -1.628754325086952, 48.094909985145449 ], [ -1.628754389806536, 48.09490967639411 ], [ -1.628754502532257, 48.094909170691658 ], [ -1.628754575249998, 48.094908862617423 ], [ -1.628754701148173, 48.094908358290034 ], [ -1.628754781761453, 48.094908051257498 ], [ -1.62875492057176, 48.094907548405558 ], [ -1.628755009206804, 48.094907242319621 ], [ -1.628755161086946, 48.094906741207353 ], [ -1.628755257617529, 48.094906436163107 ], [ -1.628755422307186, 48.094905936890882 ], [ -1.628755526741177, 48.094905632978168 ], [ -1.628755704390183, 48.094905135720367 ], [ -1.628755816609225, 48.094904833124112 ], [ -1.628756007083483, 48.094904337886028 ], [ -1.628756127095449, 48.094904036696072 ], [ -1.628756330418567, 48.094903543747186 ], [ -1.628756458231323, 48.094903244053341 ], [ -1.628756674142981, 48.094902753494026 ], [ -1.628756809756528, 48.094902455296307 ], [ -1.628757038414432, 48.094901967390811 ], [ -1.628757181568448, 48.094901670789554 ], [ -1.628757422838499, 48.094901185543115 ], [ -1.628757573682819, 48.094900890712772 ], [ -1.628757827446663, 48.09490040831033 ], [ -1.628757985847193, 48.094900115256145 ], [ -1.628758251986472, 48.094899635882634 ], [ -1.62875841795895, 48.094899344784274 ], [ -1.628758696481535, 48.094898868529548 ], [ -1.62875887002596, 48.094898579386985 ], [ -1.628759160813494, 48.094898106435956 ], [ -1.628759341669546, 48.094897819349583 ], [ -1.62875964473777, 48.094897349881919 ], [ -1.628759832913318, 48.094897064941598 ], [ -1.628760148128134, 48.094896598962556 ], [ -1.628760343638918, 48.094896316347885 ], [ -1.628760670755747, 48.094895854137526 ], [ -1.628760873593897, 48.094895573758734 ], [ -1.628761212620607, 48.094895115406878 ], [ -1.628761422667767, 48.094894837448877 ], [ -1.628761773478133, 48.094894383050601 ], [ -1.628761990742171, 48.094894107603231 ], [ -1.628762353217837, 48.094893657343498 ], [ -1.628762577438436, 48.09489338450711 ], [ -1.628762951579402, 48.094892938385932 ], [ -1.628763182764428, 48.09489266825036 ], [ -1.628763568468078, 48.094892226632325 ], [ -1.628763806617533, 48.094891959197568 ], [ -1.628764203607806, 48.09489152200338 ], [ -1.628764448603333, 48.0948912574544 ], [ -1.628764856761874, 48.094890824868976 ], [ -1.628765108603476, 48.094890563205766 ], [ -1.628765527953891, 48.094890135498623 ], [ -1.628765786373376, 48.094889876731699 ], [ -1.628766216781574, 48.094889453908081 ], [ -1.628766481802549, 48.094889198306959 ], [ -1.628766923008209, 48.094888780467279 ], [ -1.628767194622807, 48.094888527942132 ], [ -1.628767646649536, 48.094888115355836 ], [ -1.628767924731531, 48.09488786600177 ], [ -1.628768387303271, 48.094887458589618 ], [ -1.628768671734307, 48.094887212591523 ], [ -1.628769144740571, 48.09488681062826 ], [ -1.62876943552065, 48.094886567986187 ], [ -1.628769918827343, 48.094886171477079 ], [ -1.628770215696141, 48.094885932291376 ], [ -1.628770709319005, 48.094885541416105 ], [ -1.628771012276525, 48.094885305686766 ], [ -1.628771515829013, 48.094884920640794 ], [ -1.628771824883123, 48.094884688457661 ], [ -1.628772338365234, 48.094884309240989 ], [ -1.628772653255616, 48.094884080704439 ], [ -1.628773176548995, 48.094883707502007 ], [ -1.628773497141554, 48.09488348261732 ], [ -1.628774029985881, 48.094883115529484 ], [ -1.628774356430449, 48.09488289447102 ], [ -1.628774898691631, 48.094882533503096 ], [ -1.628775230720018, 48.094882316281414 ], [ -1.628775782153475, 48.094881961713391 ], [ -1.628776119765683, 48.094881748328504 ], [ -1.628776680237317, 48.094881400165661 ], [ -1.628777023314992, 48.094881190802504 ], [ -1.628777592832673, 48.094880849134682 ], [ -1.628777941099754, 48.094880643713957 ], [ -1.62877851927694, 48.094880308736649 ], [ -1.628778872749166, 48.094880107438016 ], [ -1.628779459577985, 48.094879779061344 ], [ -1.628779818263227, 48.094879581974645 ], [ -1.628780413499099, 48.094879260478677 ], [ -1.628780776987202, 48.094879067529895 ], [ -1.628781380496034, 48.094878752919911 ], [ -1.628781748928963, 48.094878564193586 ], [ -1.628782360458304, 48.094878256659783 ], [ -1.628782733709835, 48.094878072251035 ], [ -1.628783352991495, 48.094877771803958 ], [ -1.628783730927531, 48.094877591718067 ], [ -1.628784357969381, 48.094877298447535 ], [ -1.628784740471568, 48.094877122869406 ], [ -1.628785375013289, 48.094876836875812 ], [ -1.62878576180557, 48.094876665726176 ], [ -1.628786403720934, 48.094876387104598 ], [ -1.628786794945271, 48.094876220468031 ], [ -1.628787443831998, 48.0948759492343 ], [ -1.628787839228072, 48.094875787211144 ], [ -1.6287884951019, 48.094875523544935 ], [ -1.628788894527746, 48.094875366050651 ], [ -1.628789557120484, 48.09487510996248 ], [ -1.628789960591846, 48.094874957176728 ], [ -1.628790629651046, 48.094874708856828 ], [ -1.62879103689186, 48.094874560700312 ], [ -1.628791712409652, 48.094874320058835 ], [ -1.628792123301566, 48.09487417671648 ], [ -1.628792804891408, 48.094873943948919 ], [ -1.628793219560643, 48.094873805325626 ], [ -1.628793906954344, 48.09487358044251 ], [ -1.628794325014359, 48.094873446733793 ], [ -1.628795018211919, 48.094873229735114 ], [ -1.628795439654844, 48.09487310085111 ], [ -1.62879613827759, 48.094872892022202 ], [ -1.62879656296933, 48.094872767968177 ], [ -1.628796711309114, 48.094872725629315 ], [ -1.628866773511843, 48.094846276618036 ], [ -1.628868209822837, 48.094845475498545 ], [ -1.628868570345492, 48.094845277888616 ], [ -1.628870173970381, 48.094844414484278 ], [ -1.628870539571953, 48.094844221091527 ], [ -1.62887216542887, 48.094843376463665 ], [ -1.628872535983134, 48.094843187383233 ], [ -1.628874183551441, 48.094842361732638 ], [ -1.628874558790207, 48.094842176975028 ], [ -1.628876227549266, 48.094841370502444 ], [ -1.628876607614502, 48.094841190152231 ], [ -1.628878297051545, 48.094840403148218 ], [ -1.628878681682928, 48.094840227305774 ], [ -1.628880391277317, 48.094839459971112 ], [ -1.628880780340755, 48.094839288641701 ], [ -1.628882509579724, 48.094838541266952 ], [ -1.628882902941121, 48.094838374455875 ], [ -1.628884651438125, 48.094837647236503 ], [ -1.628885048971259, 48.094837485038838 ], [ -1.628886816063696, 48.094836778091057 ], [ -1.628887217776437, 48.094836620596624 ], [ -1.628889002959411, 48.094835934300853 ], [ -1.628889408575699, 48.09483578143039 ], [ -1.628891211462666, 48.094835115982058 ], [ -1.628891620864146, 48.094834967920491 ], [ -1.628893440650544, 48.094834323351293 ], [ -1.628893853971312, 48.094834180093351 ], [ -1.628895690144371, 48.094833556693814 ], [ -1.628896106982142, 48.094833418255305 ], [ -1.628897959163191, 48.094832816310756 ], [ -1.628898379517968, 48.09483268269171 ], [ -1.628900247036535, 48.094832102228494 ], [ -1.628900670655868, 48.094831973619073 ], [ -1.628902552999188, 48.094831414927818 ], [ -1.628902979867336, 48.09483129114836 ], [ -1.628904876506901, 48.094830754339938 ], [ -1.628905306505514, 48.094830635575427 ], [ -1.628907216652498, 48.094830120861168 ], [ -1.62890764964748, 48.094830007116819 ], [ -1.628909572907473, 48.094829514602345 ], [ -1.628910008764728, 48.094829405883452 ], [ -1.628911944609226, 48.094828935679665 ], [ -1.628912383068437, 48.094828832086641 ], [ -1.628914330842706, 48.094828384399584 ], [ -1.628914771896004, 48.094828285842553 ], [ -1.628916730945316, 48.094827860878247 ], [ -1.62891717460057, 48.094827767447043 ], [ -1.628919144388549, 48.094827365226571 ], [ -1.628919590243477, 48.094827276937039 ], [ -1.628921570241617, 48.094826897571316 ], [ -1.628922018304088, 48.094826814513262 ], [ -1.62892400785766, 48.094826458208331 ], [ -1.628924457993584, 48.094826380387019 ], [ -1.628926456424245, 48.094826047079401 ], [ -1.628926908499524, 48.094825974500104 ], [ -1.628928915294512, 48.094825664480361 ], [ -1.628929369167184, 48.094825597058552 ], [ -1.628931383656029, 48.094825310353052 ], [ -1.628931839207739, 48.094825248273636 ], [ -1.628933860988158, 48.094824984898217 ], [ -1.62893431794285, 48.09482492808192 ], [ -1.628936346226019, 48.09482468824784 ], [ -1.628936804591563, 48.09482463678448 ], [ -1.628938838833238, 48.094824420423031 ], [ -1.628939298467669, 48.094824374228061 ], [ -1.628941337871157, 48.094824181460687 ], [ -1.62894179864825, 48.0948241406292 ], [ -1.62894384281914, 48.094823971561553 ], [ -1.628944304604802, 48.094823936098834 ], [ -1.628946352872623, 48.09482379075726 ], [ -1.628946815390798, 48.094823760584028 ], [ -1.628948867219176, 48.094823638989631 ], [ -1.628949330477732, 48.094823614195697 ], [ -1.628951385062103, 48.094823516380103 ], [ -1.628951848934818, 48.094823497060567 ], [ -1.628953905738808, 48.094823423044886 ], [ -1.628954369941753, 48.094823409030646 ], [ -1.628956428428984, 48.094823358835946 ], [ -1.628956892970031, 48.094823350216814 ], [ -1.628958952343813, 48.094823323964555 ], [ -1.628959417088865, 48.094823320745824 ], [ -1.628961476931177, 48.094823318272184 ], [ -1.628961941612047, 48.094823320464393 ], [ -1.628963854191573, 48.094823340366389 ], [ -1.628964078219403, 48.094823315693667 ], [ -1.628964540244198, 48.094823267601797 ], [ -1.628967342088063, 48.094822992395677 ], [ -1.628967805255525, 48.094822949667318 ], [ -1.628970613876375, 48.094822707276187 ], [ -1.628971078052406, 48.094822669916574 ], [ -1.628973892637811, 48.094822460282252 ], [ -1.62897435769619, 48.0948224283865 ], [ -1.628977177307493, 48.094822251545899 ], [ -1.628977643106255, 48.094822225029446 ], [ -1.628980466946763, 48.094822081104006 ], [ -1.628980933359687, 48.094822060061958 ], [ -1.628983760490746, 48.094821949088583 ], [ -1.628984227375865, 48.094821933436386 ], [ -1.628987056992914, 48.094821855446739 ], [ -1.628987524089913, 48.094821845284748 ], [ -1.628990355380519, 48.094821800220615 ], [ -1.628990822823492, 48.094821795543567 ], [ -1.628993654714909, 48.094821783447124 ], [ -1.628994122227795, 48.094821784175743 ], [ -1.628996954057423, 48.094821805163157 ], [ -1.628997421379911, 48.094821811397829 ], [ -1.629000252327448, 48.094821865321109 ], [ -1.629000719451665, 48.094821876971977 ], [ -1.629003548452232, 48.09482196396312 ], [ -1.629004015244085, 48.094821981035473 ], [ -1.629006841477382, 48.094822100946423 ], [ -1.629007307810645, 48.094822123535359 ], [ -1.629010130606206, 48.09482227639252 ], [ -1.629010596196953, 48.094822304328922 ], [ -1.629013414466286, 48.094822489994783 ], [ -1.629013879322387, 48.094822523368471 ], [ -1.629016692402897, 48.094822741959248 ], [ -1.629017156256166, 48.094822780780781 ], [ -1.629019963185585, 48.094823032063836 ], [ -1.629020426028152, 48.094823076243394 ], [ -1.629023225867825, 48.094823360255695 ], [ -1.629023687565595, 48.094823409798515 ], [ -1.629026479629314, 48.094823726386714 ], [ -1.629026939921972, 48.094823781393202 ], [ -1.629029723255343, 48.094824130414558 ], [ -1.629030182135017, 48.094824190794874 ], [ -1.629032955925608, 48.094824572191214 ], [ -1.62903341311624, 48.094824637866068 ], [ -1.629036176559488, 48.094825051668998 ], [ -1.629036631926986, 48.094825122643677 ], [ -1.62903938418685, 48.094825568525515 ], [ -1.629039837731216, 48.094825644799997 ], [ -1.629042577861167, 48.094826122707829 ], [ -1.629043029448305, 48.094826204287386 ], [ -1.629045756620176, 48.094826713983345 ], [ -1.629046205981897, 48.094826800878536 ], [ -1.629048919517347, 48.094827342299155 ], [ -1.629049366503819, 48.094827434335585 ], [ -1.629052065456321, 48.094828007427935 ], [ -1.629052510075413, 48.094828104695431 ], [ -1.629055193601057, 48.094828709041998 ], [ -1.629055635710808, 48.094828811456011 ], [ -1.629058303005028, 48.094829447088429 ], [ -1.629058742471342, 48.094829554654211 ], [ -1.629061392698097, 48.094830221244791 ], [ -1.629061829252786, 48.094830333972922 ], [ -1.629064461852092, 48.094831031273259 ], [ -1.629064895353193, 48.094831149079148 ], [ -1.629067509244427, 48.094831877041599 ], [ -1.629067939691941, 48.094831999925255 ], [ -1.629070534173154, 48.094832758216825 ], [ -1.629070961417246, 48.094832886003879 ], [ -1.629073535668136, 48.094833674476583 ], [ -1.629073959582583, 48.094833807262127 ], [ -1.629076512901198, 48.094834625582962 ], [ -1.62907693321781, 48.094834763377513 ], [ -1.62907946477598, 48.094835611308682 ], [ -1.629079881479019, 48.094835753932607 ], [ -1.629082390456437, 48.094836631326039 ], [ -1.629082803545902, 48.094836778779332 ], [ -1.62908528923275, 48.094837685212248 ], [ -1.629085698448322, 48.094837837595279 ], [ -1.629088160016423, 48.09483877282981 ], [ -1.629088565208271, 48.094838929968205 ], [ -1.629091001963547, 48.094839893761232 ], [ -1.629091402989704, 48.094840055570415 ], [ -1.629093814238072, 48.094841047678798 ], [ -1.629094211098539, 48.094841214158798 ], [ -1.629096595996086, 48.094842234165021 ], [ -1.62909698855677, 48.094842405321081 ], [ -1.629099346543508, 48.094843452976747 ], [ -1.62909973452048, 48.094843628639772 ], [ -1.629102064626268, 48.094844703622456 ], [ -1.629102448161491, 48.094844883876981 ], [ -1.629104749818474, 48.094845985848458 ], [ -1.629105128628021, 48.094846170525372 ], [ -1.629107401142116, 48.09484729924251 ], [ -1.629107775084021, 48.094847488257273 ], [ -1.629110017879502, 48.094848643292018 ], [ -1.629110386827541, 48.094848836739715 ], [ -1.629112599060491, 48.094850017674545 ], [ -1.629112962864829, 48.094850215380795 ], [ -1.629115143975259, 48.094851421967299 ], [ -1.629115502635897, 48.094851623932094 ], [ -1.629117651913985, 48.094852855747476 ], [ -1.629118005288958, 48.094853061886269 ], [ -1.62912012203275, 48.094854318597577 ], [ -1.629120470114189, 48.094854528820527 ], [ -1.62912255361386, 48.094855810004972 ], [ -1.629122896133576, 48.094856024322638 ], [ -1.629124945947494, 48.094857329546876 ], [ -1.629125282905486, 48.094857547959251 ], [ -1.629127298189733, 48.094858876805787 ], [ -1.629127629436166, 48.094859099138468 ], [ -1.629129609764845, 48.094860451353604 ], [ -1.629129935149884, 48.094860677432209 ], [ -1.629131879805303, 48.094862052503338 ], [ -1.629132199344689, 48.094862282507528 ], [ -1.629134107751115, 48.094863680006576 ], [ -1.629134421287141, 48.094863913672143 ], [ -1.629136293010813, 48.094865333255605 ], [ -1.629136600409385, 48.094865570587828 ], [ -1.629138434598507, 48.094867011748349 ], [ -1.629138735851756, 48.094867252657373 ], [ -1.629140532198793, 48.094868714956355 ], [ -1.62914082716475, 48.094868959357619 ], [ -1.629142584959872, 48.09487044237229 ], [ -1.629142873504447, 48.094870690271087 ], [ -1.629144592306018, 48.094872193568079 ], [ -1.629144874413468, 48.094872444784755 ], [ -1.629146553645755, 48.094873967935996 ], [ -1.629146829174115, 48.094874222385968 ], [ -1.629148468387613, 48.094875764868327 ], [ -1.629148737202788, 48.094876022556889 ], [ -1.629150335813895, 48.094877583852437 ], [ -1.629150597915884, 48.094877844779582 ], [ -1.629152155617056, 48.094879424449729 ], [ -1.629152410848153, 48.094879688351241 ], [ -1.629153926929562, 48.09488128597318 ], [ -1.629154175423863, 48.094881552843773 ], [ -1.629155649570096, 48.094883167889101 ], [ -1.629155890925315, 48.094883437744592 ], [ -1.629157322686864, 48.094885069690129 ], [ -1.629157557013485, 48.094885342255743 ], [ -1.629158945814616, 48.09488699067343 ], [ -1.629159170257898, 48.094887262545953 ], [ -1.629288819753519, 48.094989061689532 ], [ -1.629290601551667, 48.094990626597429 ], [ -1.629292725565982, 48.094992720244228 ], [ -1.629292983465374, 48.094992979263083 ], [ -1.62929505308828, 48.094995097132895 ], [ -1.629295304250872, 48.094995359120851 ], [ -1.629297318756798, 48.094997500611186 ], [ -1.629297563174721, 48.094997765478418 ], [ -1.629299521956443, 48.094999929801908 ], [ -1.629299759495602, 48.095000197553667 ], [ -1.629301661969516, 48.095002384192412 ], [ -1.629301892614167, 48.095002654649058 ], [ -1.629303738180921, 48.095004862905519 ], [ -1.62930396179697, 48.095005136072302 ], [ -1.629305749999181, 48.095007365333494 ], [ -1.629305966570887, 48.095007641030769 ], [ -1.629307696801332, 48.095009890509274 ], [ -1.629307906194597, 48.09501016874232 ], [ -1.629309578003766, 48.095012437914988 ], [ -1.629309780202849, 48.095012718504115 ], [ -1.629311392991387, 48.0950150066734 ], [ -1.629311587996289, 48.095015289618651 ], [ -1.62931314129107, 48.095017595991855 ], [ -1.629313328959822, 48.095017881208648 ], [ -1.629314822437557, 48.095020205167557 ], [ -1.629315002620322, 48.095020492481467 ], [ -1.629316435689527, 48.095022833418355 ], [ -1.629316608520401, 48.095023122824145 ], [ -1.629317980834175, 48.09502547985123 ], [ -1.629318146171191, 48.095025771264346 ], [ -1.629319457280015, 48.095028143858443 ], [ -1.629319614973335, 48.095028437104503 ], [ -1.629320864538179, 48.095030824467692 ], [ -1.629321014721896, 48.095031119541403 ], [ -1.629322202277499, 48.09503352097088 ], [ -1.629322344801779, 48.09503381769786 ], [ -1.629323470016979, 48.095036232485512 ], [ -1.629323604889688, 48.095036530955575 ], [ -1.629324667425452, 48.095038958303469 ], [ -1.629324794622979, 48.095039258247141 ], [ -1.629325794156012, 48.095041697537013 ], [ -1.629325913544261, 48.095041998959566 ], [ -1.629326849869623, 48.095044449388212 ], [ -1.629326961440722, 48.095044752199811 ], [ -1.629327834227251, 48.095047213059097 ], [ -1.629327937965458, 48.095047517080118 ], [ -1.629328747023952, 48.095049987746521 ], [ -1.6293288427873, 48.09505029289236 ], [ -1.629329587770857, 48.09505277247812 ], [ -1.629329675693439, 48.095053078743518 ], [ -1.629330356404988, 48.095055566535287 ], [ -1.629330436344837, 48.095055873835683 ], [ -1.629331052587307, 48.095058369120032 ], [ -1.629331124662777, 48.095058677270515 ], [ -1.629331676239099, 48.09506117933411 ], [ -1.629331740174128, 48.095061488255347 ], [ -1.629332227013455, 48.095063996289717 ], [ -1.629332283076231, 48.095064305971185 ], [ -1.629332704839529, 48.095066819178371 ], [ -1.62933275274612, 48.095067129450975 ], [ -1.629333109512378, 48.095069647196915 ], [ -1.629333149530973, 48.095069958050082 ], [ -1.629333440961156, 48.09507247953681 ], [ -1.629333472934044, 48.095072790706325 ], [ -1.629333699099274, 48.095075315209975 ], [ -1.629333723034327, 48.095075626785651 ], [ -1.629333883863753, 48.095078153497703 ], [ -1.629333899737358, 48.095078465210101 ], [ -1.629333995168008, 48.095080993411891 ], [ -1.629334002853938, 48.095081305356075 ], [ -1.62933403295693, 48.095083834323709 ], [ -1.629334032565668, 48.095084146224934 ], [ -1.629333997136062, 48.095086675155194 ], [ -1.629333988801701, 48.09508698700818 ], [ -1.629333887910616, 48.095089515177179 ], [ -1.62933387149119, 48.095089826897336 ], [ -1.629333705201874, 48.095092353491296 ], [ -1.629332026125699, 48.095097870663139 ], [ -1.629327884101851, 48.095102770314021 ], [ -1.629321684762518, 48.095106572631892 ], [ -1.629314034790047, 48.095108905549637 ], [ -1.62930568316884, 48.095109540677598 ], [ -1.629297447263307, 48.095108415770632 ], [ -1.629290133440391, 48.095105641004125 ], [ -1.62928445739568, 48.095101488044733 ], [ -1.629280975068309, 48.09509636329075 ], [ -1.62928002698372, 48.095090768505635 ], [ -1.629280182983314, 48.095088397808652 ] ], [ [ -1.627874888661161, 48.094980597383724 ], [ -1.62787458143303, 48.094980325067283 ], [ -1.627874586606314, 48.094980330362496 ], [ -1.627874630019738, 48.094980372824786 ], [ -1.627874674458714, 48.094980414705951 ], [ -1.627874719931109, 48.094980456095762 ], [ -1.627874766429056, 48.094980496904434 ], [ -1.627874813944687, 48.094980537042119 ], [ -1.627874862493738, 48.094980576688478 ], [ -1.627874888661161, 48.094980597383724 ] ], [ [ -1.62788115312517, 48.094980815998575 ], [ -1.627881184586472, 48.094980795742302 ], [ -1.627881238626321, 48.094980759815535 ], [ -1.627881291664559, 48.094980723207001 ], [ -1.62788134384315, 48.094980686001271 ], [ -1.627881395027998, 48.094980648203638 ], [ -1.627881445345329, 48.094980609718959 ], [ -1.62788149466892, 48.094980570642377 ], [ -1.627881499694392, 48.094980566568793 ], [ -1.62788115312517, 48.094980815998575 ] ] ], [ [ [ -1.631237693021502, 48.094507714236101 ], [ -1.630798374417605, 48.093532480105956 ], [ -1.630797697141161, 48.093530626232116 ], [ -1.630797153249006, 48.09352870067822 ], [ -1.630796607011742, 48.093526934134466 ], [ -1.630796015056575, 48.093525174076241 ], [ -1.630795377714671, 48.09352342121165 ], [ -1.630794695151617, 48.093521675894735 ], [ -1.630793967548748, 48.093519938659227 ], [ -1.630793195087394, 48.093518210038837 ], [ -1.63079237808298, 48.093516490561996 ], [ -1.63079151685093, 48.093514780757111 ], [ -1.630790611430607, 48.093513081073368 ], [ -1.630789662279403, 48.093511392123759 ], [ -1.630788669562903, 48.093509714262332 ], [ -1.63078763347031, 48.093508048112625 ], [ -1.630786554577358, 48.093506394102675 ], [ -1.630785433065377, 48.093504752766222 ], [ -1.63078426924979, 48.093503124631688 ], [ -1.630783063564363, 48.093501510042579 ], [ -1.630781816190429, 48.093499909532575 ], [ -1.630780527719461, 48.093498323709447 ], [ -1.630779198309176, 48.093496752837382 ], [ -1.63077782855892, 48.093495197613919 ], [ -1.630776418760498, 48.093493658298037 ], [ -1.63077496922933, 48.093492135418124 ], [ -1.630773480683109, 48.093490629486837 ], [ -1.630771953287423, 48.09348914085821 ], [ -1.630770387625869, 48.093487670050109 ], [ -1.630768784140088, 48.093486217495872 ], [ -1.630767143271721, 48.093484783628874 ], [ -1.630765465596495, 48.093483368877102 ], [ -1.630763751548175, 48.093481973584126 ], [ -1.630762001702492, 48.093480598177955 ], [ -1.630760216374862, 48.093479243187019 ], [ -1.630758396401326, 48.093477908939029 ], [ -1.630756542089429, 48.093476595872573 ], [ -1.630754654007026, 48.093475304325878 ], [ -1.630752732863937, 48.093474034721737 ], [ -1.630750779093924, 48.093472787403606 ], [ -1.630748793406807, 48.093471562794321 ], [ -1.63074677623635, 48.093470361237351 ], [ -1.630744728150407, 48.093469183070937 ], [ -1.630742649985013, 48.093468028622759 ], [ -1.630740542181804, 48.093466898326128 ], [ -1.630738405442726, 48.093465792513996 ], [ -1.63073624046185, 48.093464711429512 ], [ -1.630734047672939, 48.09346365541613 ], [ -1.630731827912028, 48.093462624801589 ], [ -1.630729581888933, 48.093461620008618 ], [ -1.630727310021671, 48.093460641201077 ], [ -1.630725013280367, 48.093459688701373 ], [ -1.630722692090911, 48.09345876276317 ], [ -1.630720347297209, 48.093457863803955 ], [ -1.630717979577587, 48.09345699188723 ], [ -1.630715589507767, 48.09345614744101 ], [ -1.630713178050004, 48.0934553306979 ], [ -1.630710745756403, 48.093454541816442 ], [ -1.630708293328906, 48.093453781129604 ], [ -1.630705821587801, 48.093453048785378 ], [ -1.63070333136125, 48.093452345021639 ], [ -1.630700823075138, 48.093451670092037 ], [ -1.630698297817935, 48.093451024134062 ], [ -1.630695756149621, 48.093450407396077 ], [ -1.630693198764262, 48.093449820121243 ], [ -1.630690626742457, 48.093449262357161 ], [ -1.630688040502217, 48.093448734267682 ], [ -1.630685218628543, 48.093448193541988 ], [ -1.630682536757829, 48.093447575287257 ], [ -1.630301663773213, 48.093344408740535 ], [ -1.630301655412626, 48.093344406996117 ], [ -1.630300750455483, 48.09334423246959 ], [ -1.630299840890165, 48.093344068310195 ], [ -1.630298927268777, 48.093343914676467 ], [ -1.630298009867372, 48.093343771647703 ], [ -1.630297088685952, 48.093343639223917 ], [ -1.630296164394966, 48.09334351737872 ], [ -1.630295236868197, 48.093343406207218 ], [ -1.630294306657751, 48.093343305867982 ], [ -1.630293374016065, 48.093343216170808 ], [ -1.630292439092973, 48.093343137290084 ], [ -1.630291502416966, 48.093343069114887 ], [ -1.630290563869694, 48.09334301183015 ], [ -1.630289624121612, 48.093342965409498 ], [ -1.630288683306809, 48.093342929847658 ], [ -1.630287741685595, 48.093342905044267 ], [ -1.630286799541894, 48.093342891168405 ], [ -1.630285857143886, 48.093342888209563 ], [ -1.630284914885972, 48.093342896062076 ], [ -1.630283972910112, 48.093342914810492 ], [ -1.630283031610708, 48.09334294434916 ], [ -1.630282091137592, 48.093342984852491 ], [ -1.630281152011383, 48.093343036119698 ], [ -1.630280214239952, 48.093343098240631 ], [ -1.63027927822557, 48.093343171199457 ], [ -1.630278344362639, 48.093343254890542 ], [ -1.630277412659027, 48.093343349403689 ], [ -1.630276483777317, 48.093343454622733 ], [ -1.630275557583418, 48.093343570552918 ], [ -1.630274634605818, 48.093343697083341 ], [ -1.630273715120572, 48.093343834293279 ], [ -1.630272799387987, 48.093343982082338 ], [ -1.630271887534283, 48.093344140355434 ], [ -1.630270979969603, 48.093344309186577 ], [ -1.630270076954255, 48.093344488475367 ], [ -1.630269178748548, 48.09334467812144 ], [ -1.630268285746883, 48.09334487801916 ], [ -1.63026739795713, 48.093345088258324 ], [ -1.630266515765817, 48.093345308643492 ], [ -1.630265639448998, 48.093345539253889 ], [ -1.630264769385326, 48.09334577980426 ], [ -1.630263905590547, 48.093346030474216 ], [ -1.630263048577407, 48.09334629097323 ], [ -1.630262198345907, 48.093346561301267 ], [ -1.630261355298316, 48.093346841442489 ], [ -1.630260519821163, 48.09334713120144 ], [ -1.630259691906574, 48.093347430488279 ], [ -1.630258871822733, 48.093347739292454 ], [ -1.630258060106, 48.093348057592891 ], [ -1.630257256590799, 48.093348385035526 ], [ -1.630256461829235, 48.093348721778909 ], [ -1.630255675939653, 48.093349067638158 ], [ -1.630254899174491, 48.093349422423003 ], [ -1.630254131667842, 48.093349786128208 ], [ -1.630253373806231, 48.093350158558259 ], [ -1.630252625857842, 48.093350539702655 ], [ -1.630251887799055, 48.093350929291859 ], [ -1.630251159905927, 48.09335132740518 ], [ -1.630250442564985, 48.09335173384715 ], [ -1.630249735886702, 48.093352148342952 ], [ -1.630249040147134, 48.093352570971909 ], [ -1.630248355464626, 48.093353001549055 ], [ -1.630247682099488, 48.093353439974067 ], [ -1.630247020162196, 48.093353885972128 ], [ -1.630246369920929, 48.093354339532688 ], [ -1.630245731501908, 48.093354800560682 ], [ -1.630245105149697, 48.093355268776051 ], [ -1.630244491124607, 48.093355744078409 ], [ -1.630243889560729, 48.093356226462518 ], [ -1.630243300426575, 48.093356715568994 ], [ -1.630242724266378, 48.093357211466596 ], [ -1.630242160914563, 48.093357713801318 ], [ -1.6302416107734, 48.093358222557285 ], [ -1.630241073969108, 48.093358737639413 ], [ -1.6302405504702, 48.093359258688373 ], [ -1.630240040544859, 48.093359785693629 ], [ -1.630239544445521, 48.09336031846496 ], [ -1.630239062156445, 48.093360856822713 ], [ -1.630238594072028, 48.093361400661237 ], [ -1.630238139908347, 48.093361949811396 ], [ -1.630237700178149, 48.093362503982647 ], [ -1.630237274881435, 48.093363063174955 ], [ -1.630236864136553, 48.093363627203381 ], [ -1.630236468053976, 48.093364195793185 ], [ -1.63023633904929, 48.093364389621122 ], [ -1.630192664430727, 48.093472914474155 ], [ -1.63019271309556, 48.093473015320512 ], [ -1.630193268132036, 48.093474100958979 ], [ -1.630193850855336, 48.09347518010015 ], [ -1.630194461233975, 48.09347625238469 ], [ -1.630195099252211, 48.093477317632932 ], [ -1.630195764334322, 48.093478375416829 ], [ -1.630196456590784, 48.093479425461588 ], [ -1.63019717572193, 48.093480467418459 ], [ -1.630197921570053, 48.093481501023206 ], [ -1.630198693843357, 48.093482526016885 ], [ -1.630199492368398, 48.093483541955628 ], [ -1.630200316861242, 48.09348454867029 ], [ -1.630201167164192, 48.093485545896677 ], [ -1.630202042969701, 48.093486533196184 ], [ -1.630202943993849, 48.093487510399676 ], [ -1.630203870063185, 48.093488477063275 ], [ -1.630204820767563, 48.093489433112985 ], [ -1.630205796075499, 48.093490378189458 ], [ -1.630206795419139, 48.093491311954494 ], [ -1.630207818640782, 48.093492234143859 ], [ -1.630208865448626, 48.093493144498588 ], [ -1.630209935558747, 48.093494042849585 ], [ -1.630211028663605, 48.093494928758226 ], [ -1.630212144345183, 48.093495802060708 ], [ -1.630213282311682, 48.09349666249804 ], [ -1.630214442279179, 48.09349750990112 ], [ -1.630215623940131, 48.093498343831371 ], [ -1.630216826876523, 48.093499164124886 ], [ -1.630218050662463, 48.093499970528057 ], [ -1.630219462166331, 48.093500869244075 ], [ -1.630220058878463, 48.093501390946521 ], [ -1.630220824437432, 48.093501801896174 ], [ -1.630239489438278, 48.093515543325104 ], [ -1.630239868877286, 48.093515930248998 ], [ -1.630240385465029, 48.093516237773642 ], [ -1.630244067268445, 48.093519242936019 ], [ -1.630244356340644, 48.093519483059417 ], [ -1.630247960664625, 48.093522529939136 ], [ -1.630248243568133, 48.093522773369905 ], [ -1.63025176911926, 48.093525861026286 ], [ -1.630252045712111, 48.093526107679907 ], [ -1.630255491599242, 48.093529235156481 ], [ -1.630255762015529, 48.093529485027616 ], [ -1.630259127087206, 48.093532651468252 ], [ -1.630259391043002, 48.093532904387835 ], [ -1.630262674550045, 48.093536108920603 ], [ -1.630262932037474, 48.093536364798801 ], [ -1.630266132820552, 48.093539606477748 ], [ -1.630266383705525, 48.093539865319805 ], [ -1.630269500865619, 48.093543143098628 ], [ -1.630269745140261, 48.093543404814731 ], [ -1.630272777786221, 48.09354671773692 ], [ -1.630273015316442, 48.093546982332356 ], [ -1.630275962691211, 48.093550329436155 ], [ -1.630276193327175, 48.093550596736527 ], [ -1.630279054405509, 48.093553977070727 ], [ -1.630279278273434, 48.093554246980901 ], [ -1.630282052164183, 48.093557659589003 ], [ -1.630282269122105, 48.093557932024453 ], [ -1.630284955194427, 48.093561375849568 ], [ -1.630285165100381, 48.093561650725739 ], [ -1.630287762463124, 48.093565124811413 ], [ -1.630287965317109, 48.093565402128291 ], [ -1.630290473205336, 48.093568905422877 ], [ -1.630290668991609, 48.093569185000817 ], [ -1.630293086506296, 48.09357271645802 ], [ -1.630293275232724, 48.093572998386847 ], [ -1.630295601877117, 48.093576556944534 ], [ -1.630295783251903, 48.093576840965284 ], [ -1.630298018403028, 48.093580425656377 ], [ -1.630298192418298, 48.093580711679259 ], [ -1.630300335311219, 48.093584321452198 ], [ -1.630300502101061, 48.09358460947189 ], [ -1.630302551962967, 48.093588243185238 ], [ -1.630302711385419, 48.093588533117213 ], [ -1.630304667853644, 48.093592189703536 ], [ -1.630304819766742, 48.09359248146324 ], [ -1.630306682218311, 48.093596159955496 ], [ -1.630306826614179, 48.093596453453102 ], [ -1.630308594410371, 48.093600152704582 ], [ -1.630308731281136, 48.093600447850264 ], [ -1.630310403917323, 48.093604166709014 ], [ -1.630310533255111, 48.093604463412895 ], [ -1.630312110376495, 48.093608200901322 ], [ -1.630312232031472, 48.093608498989056 ], [ -1.630313713007205, 48.093612254050299 ], [ -1.630313827113457, 48.093612553516593 ], [ -1.630315211565125, 48.093616324903529 ], [ -1.630315317846597, 48.093616625669107 ], [ -1.630316605419406, 48.093620412404192 ], [ -1.630316704136408, 48.093620714368683 ], [ -1.630317894317852, 48.09362451521006 ], [ -1.630317985194325, 48.093624818294195 ], [ -1.630318439540847, 48.093626403935708 ], [ -1.630319643005481, 48.093628114616038 ], [ -1.630319833736547, 48.093628391778672 ], [ -1.630322385395729, 48.093632184144631 ], [ -1.630322569051203, 48.093632463478507 ], [ -1.630325024294801, 48.093636284154599 ], [ -1.630325200858935, 48.093636565480004 ], [ -1.63032755892201, 48.093640413414619 ], [ -1.630327728394805, 48.093640696731583 ], [ -1.63032998849667, 48.093644570693456 ], [ -1.630330150878125, 48.093644856002015 ], [ -1.630332312522021, 48.093648754928985 ], [ -1.630332467528206, 48.093649042059994 ], [ -1.630334530217376, 48.093652964889962 ], [ -1.630334677974507, 48.0936532537483 ], [ -1.630336640802042, 48.093657199345081 ], [ -1.63033678130225, 48.093657489840943 ], [ -1.630338643897607, 48.093661457047283 ], [ -1.630338776998924, 48.093661749096107 ], [ -1.630340538865344, 48.093665736849893 ], [ -1.630340664425804, 48.093666030367089 ], [ -1.630342325050779, 48.093670037426492 ], [ -1.630342443204475, 48.09367033240683 ], [ -1.63034400195715, 48.093674357714953 ], [ -1.630344112688334, 48.093674653978773 ], [ -1.630345569316515, 48.09367869619345 ], [ -1.630345672491093, 48.093678993746003 ], [ -1.630347026371794, 48.093683051900214 ], [ -1.630347122108114, 48.093683350556567 ], [ -1.630348373004883, 48.093687423487765 ], [ -1.630348461026887, 48.093687723168642 ], [ -1.630349608561306, 48.093691809629739 ], [ -1.630349689137174, 48.093692110324589 ], [ -1.630350732938697, 48.093696209158345 ], [ -1.630350805784501, 48.093696510698059 ], [ -1.630351745482584, 48.093700620747228 ], [ -1.630351810732413, 48.093700923126519 ], [ -1.630352646224691, 48.093705043223288 ], [ -1.630352703728708, 48.093705346267789 ], [ -1.630353434770854, 48.093709475159791 ], [ -1.630353484663148, 48.093709778864216 ], [ -1.630354110892488, 48.093713915484052 ], [ -1.63035415302322, 48.093714219674013 ], [ -1.630354674463609, 48.09371836275875 ], [ -1.63035470883278, 48.093718667434246 ], [ -1.63035512511367, 48.093722815826673 ], [ -1.630355151839623, 48.093723120802757 ], [ -1.630355462992741, 48.093727273329776 ], [ -1.630355481941385, 48.093727578611748 ], [ -1.630355687856495, 48.093731734015712 ], [ -1.630355699146173, 48.093732039418626 ], [ -1.63035579959469, 48.093736196626857 ], [ -1.63035580309131, 48.093736502155977 ], [ -1.630355798365273, 48.093740659894998 ], [ -1.630355794053087, 48.093740965370692 ], [ -1.630355683908168, 48.093745122388171 ], [ -1.630355671921266, 48.093745427805139 ], [ -1.630355456404936, 48.093749583107645 ], [ -1.630355436727573, 48.093749888286212 ], [ -1.630355115989905, 48.093754040515748 ], [ -1.630355088487986, 48.093754345461193 ], [ -1.630354662560709, 48.093758493444682 ], [ -1.630354627486674, 48.093758797966821 ], [ -1.630354096409385, 48.093762940620984 ], [ -1.63035072723372, 48.093770245251932 ], [ -1.630345385242575, 48.093776587340002 ], [ -1.630340320310919, 48.093782852818784 ], [ -1.630335419211336, 48.093789176033994 ], [ -1.630330683261434, 48.093795555131017 ], [ -1.630326113905045, 48.093801988160131 ], [ -1.630321712593876, 48.093808473261468 ], [ -1.630317480621928, 48.093815008310905 ], [ -1.630313419314695, 48.093821591543659 ], [ -1.630309529690121, 48.093828220756365 ], [ -1.630305813199927, 48.093834894089134 ], [ -1.630302270743716, 48.093841609523487 ], [ -1.630298903489282, 48.093848365030432 ], [ -1.630295712470325, 48.093855158586237 ], [ -1.630292698712675, 48.093861988077371 ], [ -1.630289862839891, 48.093868851406022 ], [ -1.630287206027643, 48.093875746633103 ], [ -1.630284728899494, 48.093882671660843 ], [ -1.63028243220522, 48.093889624296345 ], [ -1.630280316710352, 48.093896602526456 ], [ -1.630278382904361, 48.093903604258742 ], [ -1.630276631671124, 48.093910627295024 ], [ -1.630275063231932, 48.093917669553406 ], [ -1.63027367808413, 48.093924729031251 ], [ -1.630272476835544, 48.093931803451127 ], [ -1.630271459833683, 48.093938890636032 ], [ -1.630270627181498, 48.093945988688937 ], [ -1.630269979210753, 48.09395309525317 ], [ -1.630269516276838, 48.093960208241533 ], [ -1.63026923833286, 48.093967325582604 ], [ -1.630269145450277, 48.093974445020116 ], [ -1.630269237850386, 48.093981564472109 ], [ -1.630269521406299, 48.093988838478907 ], [ -1.630269525134284, 48.093988945509395 ], [ -1.630269857919446, 48.094000004203927 ], [ -1.630270459064721, 48.094010906947517 ], [ -1.630271332906396, 48.094021801490271 ], [ -1.630272479042897, 48.094032684783222 ], [ -1.63027389719887, 48.094043553682233 ], [ -1.630275586988482, 48.094054405318033 ], [ -1.630277548010156, 48.09406523664159 ], [ -1.630279779720349, 48.094076044519369 ], [ -1.630282281315202, 48.094086825918197 ], [ -1.630285052282657, 48.094097578063867 ], [ -1.6302880919372, 48.094108297738224 ], [ -1.630291399080562, 48.094118982013789 ], [ -1.63029497317706, 48.094129627846819 ], [ -1.630298812902199, 48.094140232404868 ], [ -1.630302917452106, 48.094150792654773 ], [ -1.630307285494409, 48.094161305674284 ], [ -1.630311915957041, 48.094171768440738 ], [ -1.630316807389273, 48.094182178216833 ], [ -1.63032202977083, 48.09419267485265 ], [ -1.630323263217882, 48.094196499411119 ], [ -1.63032398197723, 48.094201117617338 ], [ -1.630324790827256, 48.094205573903444 ], [ -1.630325713578429, 48.094210020211413 ], [ -1.63032674986812, 48.094214455473782 ], [ -1.630327899570406, 48.094218878253258 ], [ -1.630329162164949, 48.094223287218199 ], [ -1.63033053741535, 48.094227681206085 ], [ -1.630332024801271, 48.094232058885233 ], [ -1.630333623936472, 48.094236418918747 ], [ -1.630335334450453, 48.094240760149383 ], [ -1.630337155688785, 48.094245081250754 ], [ -1.630339087265223, 48.094249380885927 ], [ -1.630341128548957, 48.094253657998024 ], [ -1.630343278869808, 48.094257911081009 ], [ -1.630345537738927, 48.094262139162566 ], [ -1.630347904359915, 48.094266340831766 ], [ -1.63035037822818, 48.094270514936618 ], [ -1.630352958421098, 48.094274660161282 ], [ -1.630355644307853, 48.094278775448878 ], [ -1.630358435234007, 48.094282859473033 ], [ -1.630361330024499, 48.094286911108135 ], [ -1.630364328174727, 48.094290929202202 ], [ -1.630367428627975, 48.094294912444653 ], [ -1.630370630619325, 48.094298859783883 ], [ -1.630373933107804, 48.094302770089023 ], [ -1.630377335178656, 48.094306642134072 ], [ -1.630380835798777, 48.094310474877922 ], [ -1.630384433919315, 48.094314267099918 ], [ -1.630388128641259, 48.09431801775365 ], [ -1.630391918797406, 48.094321725803376 ], [ -1.630395803204812, 48.094325390033632 ], [ -1.630399780838237, 48.09432900949318 ], [ -1.630403850522605, 48.094332583056428 ], [ -1.630408011082838, 48.094336109597698 ], [ -1.630412261241254, 48.094339588356021 ], [ -1.630416599807029, 48.094343018026066 ], [ -1.630421025494604, 48.09434639775705 ], [ -1.630425537136771, 48.094349726513101 ], [ -1.630430290332533, 48.094353115447468 ], [ -1.630430392127627, 48.094353188423945 ], [ -1.630438434250903, 48.09435898627347 ], [ -1.630438750045928, 48.094359218044104 ], [ -1.630446639636956, 48.09436510860732 ], [ -1.630446949428824, 48.094365344039375 ], [ -1.630454684050562, 48.094371325609359 ], [ -1.630454987697304, 48.094371564618271 ], [ -1.630462564896959, 48.094377635308454 ], [ -1.63046286240645, 48.094377877984059 ], [ -1.630470280007284, 48.09438403598709 ], [ -1.630470571213936, 48.094384281975344 ], [ -1.630477827031338, 48.09439052539409 ], [ -1.630478111682712, 48.094390774885213 ], [ -1.63048520339797, 48.094397101827809 ], [ -1.630485481612412, 48.094397354636868 ], [ -1.630492407040904, 48.094403763206167 ], [ -1.630492678676448, 48.0944040192486 ], [ -1.630499435893864, 48.094410507447087 ], [ -1.630499700808542, 48.094410766638326 ], [ -1.630506287630255, 48.09441733256886 ], [ -1.6305065456821, 48.094417594824357 ], [ -1.630512960175919, 48.09442423639959 ], [ -1.630513211364929, 48.094424501719331 ], [ -1.630519451480311, 48.094431217036856 ], [ -1.630519695916961, 48.094431485146103 ], [ -1.630525759721708, 48.094438272118538 ], [ -1.630525997145683, 48.094438543117661 ], [ -1.630531882841689, 48.094445399652415 ], [ -1.63053211311102, 48.094445673456839 ], [ -1.630537819034265, 48.09445259745597 ], [ -1.630538042267298, 48.094452873880805 ], [ -1.630543566493449, 48.094459863346799 ], [ -1.630543782414123, 48.09446014231272 ], [ -1.63054912353947, 48.094467195047315 ], [ -1.630549332147784, 48.094467476554357 ], [ -1.630554488232239, 48.094474590380344 ], [ -1.630554689520314, 48.094474874338637 ], [ -1.630559659294256, 48.09448204705248 ], [ -1.630559853120128, 48.094482333377499 ], [ -1.63056463478543, 48.094489562886565 ], [ -1.630564821133347, 48.094489851398635 ], [ -1.630569413554475, 48.094497135494088 ], [ -1.630569592290343, 48.09449742619848 ], [ -1.630573993795382, 48.094504762692594 ], [ -1.630574165037548, 48.094505055404383 ], [ -1.630578374348993, 48.094512442003747 ], [ -1.630578537971232, 48.094512736818054 ], [ -1.630582553811572, 48.094520171229277 ], [ -1.63058270965617, 48.09452046788185 ], [ -1.630586530897735, 48.094527947985959 ], [ -1.630586678964688, 48.094528246476813 ], [ -1.630590304322089, 48.094535769890562 ], [ -1.630590444729744, 48.094536070034771 ], [ -1.630593873209398, 48.094543634633879 ], [ -1.630594005681691, 48.094543936352153 ], [ -1.63059699336279, 48.094550968250566 ], [ -1.630608542701592, 48.094572613489618 ], [ -1.630686357047872, 48.094559954348448 ], [ -1.630694734597287, 48.094559497928927 ], [ -1.630702912615995, 48.094560798083101 ], [ -1.630710090646891, 48.094563727556839 ], [ -1.630715566075779, 48.094567999665308 ], [ -1.63071880290829, 48.094573196145369 ], [ -1.630719484351165, 48.0945788082646 ], [ -1.630717543574583, 48.09458428690133 ], [ -1.630713170510918, 48.094589095550234 ], [ -1.630706793514947, 48.094592763595699 ], [ -1.630699036541365, 48.094594931984759 ], [ -1.630624368147946, 48.094607079253848 ], [ -1.630628968053648, 48.094618004369551 ], [ -1.630629138379305, 48.094618968303692 ], [ -1.630629600443517, 48.094619887952327 ], [ -1.630630242133332, 48.094622428834619 ], [ -1.630630244623145, 48.094622586212182 ], [ -1.630630315777666, 48.094622736382092 ], [ -1.630631435475092, 48.094627690004636 ], [ -1.630631501113172, 48.094627998317691 ], [ -1.630632492710495, 48.094632964189756 ], [ -1.630632550342316, 48.094633273268421 ], [ -1.630633413563695, 48.094638249778335 ], [ -1.63063346317351, 48.094638559442927 ], [ -1.630634197624754, 48.094643545163919 ], [ -1.630634239346657, 48.094643855409196 ], [ -1.630634844893891, 48.094648848814174 ], [ -1.630634878451816, 48.094649159560802 ], [ -1.630635354969037, 48.09465415921246 ], [ -1.630635380473459, 48.094654470185723 ], [ -1.63063572770057, 48.094659474652047 ], [ -1.630635745293452, 48.094659785936479 ], [ -1.630635963222799, 48.094664793595243 ], [ -1.630635972754299, 48.094665105016425 ], [ -1.630636061125784, 48.094670114435601 ], [ -1.630636062595902, 48.094670425993591 ], [ -1.630636021677933, 48.094675435630251 ], [ -1.630636015070917, 48.094675747145331 ], [ -1.630635844611267, 48.094680755657294 ], [ -1.630635830045466, 48.094681066944567 ], [ -1.630635530312542, 48.094686072788846 ], [ -1.630635507653858, 48.094686383853585 ], [ -1.630635078513784, 48.094691385503069 ], [ -1.630635047888436, 48.094691696250138 ], [ -1.630634489609619, 48.094696692161904 ], [ -1.630634451017605, 48.094697002591339 ], [ -1.630633763742228, 48.0947019913175 ], [ -1.630633717025835, 48.094702301165078 ], [ -1.630632901030177, 48.094707281252539 ], [ -1.630632846323495, 48.094707590512954 ], [ -1.630631901749743, 48.094712560513862 ], [ -1.630631839044898, 48.094712869097329 ], [ -1.630630766287682, 48.094717827373643 ], [ -1.63063069571089, 48.094718135185012 ], [ -1.630629494920268, 48.094723080378706 ], [ -1.630629416329564, 48.09472338733346 ], [ -1.630628088050005, 48.094728317980874 ], [ -1.630628001571605, 48.094728623983862 ], [ -1.630626546071518, 48.094733538542037 ], [ -1.630626451689676, 48.094733843413657 ], [ -1.630624869387311, 48.094738740514032 ], [ -1.630624767102022, 48.094739044254204 ], [ -1.630623058668071, 48.094743922338012 ], [ -1.630622948471463, 48.094744224856974 ], [ -1.630621114190082, 48.094749082560917 ], [ -1.630620996342468, 48.094749383758256 ], [ -1.630619036892223, 48.094754219613378 ], [ -1.63061891124376, 48.094754519314726 ], [ -1.630616827035031, 48.094759331862647 ], [ -1.630616693719811, 48.094759630062725 ], [ -1.630614485573134, 48.094764417919045 ], [ -1.630614344583283, 48.094764714528011 ], [ -1.630612013035258, 48.094769476139234 ], [ -1.630611864362901, 48.094769771067263 ], [ -1.630609410107846, 48.094774505144109 ], [ -1.630609253879203, 48.094774798296093 ], [ -1.630606677721907, 48.094779503274502 ], [ -1.630606513929104, 48.094779794560601 ], [ -1.63060381657176, 48.094784469241134 ], [ -1.630600078684978, 48.094788930469626 ], [ -1.630596472611196, 48.094792081459318 ], [ -1.630593088018337, 48.094795148019884 ], [ -1.630589783645883, 48.094798253250445 ], [ -1.63058656063771, 48.094801396384845 ], [ -1.630583420121944, 48.094804576477358 ], [ -1.630580362674595, 48.094807792423623 ], [ -1.630577389431666, 48.094811043367741 ], [ -1.630574501379323, 48.094814328279327 ], [ -1.630571699109322, 48.094817646233778 ], [ -1.630568983734048, 48.094820996105604 ], [ -1.630566355979355, 48.094824376964887 ], [ -1.630563816563223, 48.094827787791857 ], [ -1.630561366337724, 48.094831227561443 ], [ -1.630559006020839, 48.094834695253887 ], [ -1.630556736322678, 48.094838189759557 ], [ -1.630554557827127, 48.09484171006396 ], [ -1.630552471378391, 48.094845255052199 ], [ -1.630550477426265, 48.094848823715068 ], [ -1.630548576814953, 48.094852414937662 ], [ -1.630546769852284, 48.094856027626221 ], [ -1.630545057122148, 48.094859660766211 ], [ -1.630543439192691, 48.094863313163472 ], [ -1.630541916647806, 48.094866983803506 ], [ -1.630540489929413, 48.094870671587238 ], [ -1.630539159195507, 48.094874375246519 ], [ -1.630537925171948, 48.094878093851349 ], [ -1.630536788150819, 48.094881826128315 ], [ -1.630535748313733, 48.094885571078748 ], [ -1.630534806094741, 48.094889327513712 ], [ -1.630533961801677, 48.094893094339454 ], [ -1.630533215726629, 48.094896870282483 ], [ -1.630532567917113, 48.094900654349416 ], [ -1.630532018673088, 48.094904445356619 ], [ -1.630531568168295, 48.094908242215574 ], [ -1.630531216560725, 48.094912043658134 ], [ -1.630530963890023, 48.094915848600991 ], [ -1.63053081032993, 48.094919655955678 ], [ -1.630530755904343, 48.094923464459285 ], [ -1.630530800518812, 48.094927273033811 ], [ -1.630530944205111, 48.094931080506235 ], [ -1.630531186860915, 48.094934885708682 ], [ -1.630531528659965, 48.094938687552705 ], [ -1.630531969231747, 48.094942484881003 ], [ -1.630532508608034, 48.094946276520538 ], [ -1.630533146552405, 48.094950061308722 ], [ -1.630533882970412, 48.094953838167633 ], [ -1.630534717491542, 48.094957605940017 ], [ -1.630535649879377, 48.094961363463312 ], [ -1.63053668003159, 48.094965109569742 ], [ -1.630537807317354, 48.094968843202409 ], [ -1.630539031768436, 48.09497256318825 ], [ -1.630540352746134, 48.094976268380549 ], [ -1.630541770029771, 48.094979957796454 ], [ -1.630543283106868, 48.094983630194129 ], [ -1.630544891472809, 48.09498728442157 ], [ -1.630546664799741, 48.094991069084543 ], [ -1.630546866660815, 48.094991520771771 ], [ -1.630547742174888, 48.094993576065072 ], [ -1.630548602816001, 48.094995470862244 ], [ -1.630549512616168, 48.094997355433051 ], [ -1.63055047138619, 48.094999229153956 ], [ -1.630551478810646, 48.095001091496535 ], [ -1.630552534574116, 48.095002941932329 ], [ -1.630553638353306, 48.09500477984308 ], [ -1.63055478982492, 48.095006604610525 ], [ -1.630555988689282, 48.095008415885879 ], [ -1.630557234481129, 48.095010212966287 ], [ -1.630558526885042, 48.095011995323361 ], [ -1.630559865451501, 48.095013762433894 ], [ -1.630561249865087, 48.095015513769489 ], [ -1.630562679810373, 48.095017248801661 ], [ -1.630564154569654, 48.095018967017829 ], [ -1.630565673961601, 48.09502066788427 ], [ -1.630567237402601, 48.095022350883077 ], [ -1.630568844309043, 48.095024015496392 ], [ -1.630570494507467, 48.095025661280303 ], [ -1.630572187280167, 48.095027287722196 ], [ -1.630573922169751, 48.095028894209086 ], [ -1.630575698742446, 48.095030480397469 ], [ -1.630577516280541, 48.095032045774722 ], [ -1.630579374334518, 48.095033589817682 ], [ -1.630581272328633, 48.095035112098294 ], [ -1.630583209687144, 48.09503661218848 ], [ -1.630585185826439, 48.095038089570387 ], [ -1.630587200304866, 48.095039543810657 ], [ -1.630589252278496, 48.095040974491738 ], [ -1.630591341297804, 48.095042381090522 ], [ -1.630593466534606, 48.095043763369155 ], [ -1.630595627531505, 48.095045120714616 ], [ -1.63059782372063, 48.095046452788679 ], [ -1.630600054131826, 48.095047759268944 ], [ -1.630602318315569, 48.095049039632244 ], [ -1.630604615569895, 48.095050293545633 ], [ -1.630606945192835, 48.095051520676144 ], [ -1.630609306340455, 48.095052720606283 ], [ -1.630611698571101, 48.095053892902669 ], [ -1.630614120922494, 48.095055037332777 ], [ -1.630616572811013, 48.095056153378707 ], [ -1.630619053282244, 48.095057240897688 ], [ -1.63062156190241, 48.095058299546238 ], [ -1.630624097685606, 48.095059328822288 ], [ -1.630626659945609, 48.095060328572522 ], [ -1.630629247838484, 48.095061298379456 ], [ -1.630631860812101, 48.095062238084516 ], [ -1.630634497754333, 48.095063147280733 ], [ -1.630637157978955, 48.095064025814843 ], [ -1.630639840776124, 48.095064873263993 ], [ -1.630642545325524, 48.095065689480229 ], [ -1.630645270664864, 48.095066474230947 ], [ -1.630648016092176, 48.095067227183179 ], [ -1.630650780787139, 48.095067948188941 ], [ -1.630653563913689, 48.095068636920551 ], [ -1.630656364525281, 48.095069293325047 ], [ -1.630659181785851, 48.095069917074802 ], [ -1.630662015009173, 48.095070508016512 ], [ -1.630664863248704, 48.095071066097226 ], [ -1.630667950079868, 48.095071632100833 ], [ -1.630676386102926, 48.095074304596857 ], [ -1.630682015426181, 48.095076975888801 ], [ -1.630687522126598, 48.095079494708202 ], [ -1.630693092950925, 48.09508194989003 ], [ -1.630698726353245, 48.095084340683819 ], [ -1.630704420519455, 48.095086666349644 ], [ -1.630710173911514, 48.095088926226865 ], [ -1.630715984715315, 48.095091119575557 ], [ -1.630721851266591, 48.095093245830199 ], [ -1.630727771893203, 48.09509530433543 ], [ -1.630733744654818, 48.095097294446411 ], [ -1.630739767887168, 48.0950992155976 ], [ -1.63074583991811, 48.095101067133662 ], [ -1.630751958696832, 48.09510284868454 ], [ -1.630758122551191, 48.095104559594844 ], [ -1.630764329690692, 48.095106199394181 ], [ -1.630770578316965, 48.095107767522308 ], [ -1.630776866379197, 48.095109263609132 ], [ -1.630783192086891, 48.095110687184238 ], [ -1.630789553657423, 48.095112037867047 ], [ -1.630795949158325, 48.095113315102573 ], [ -1.630802376680752, 48.0951145186053 ], [ -1.63080883431585, 48.095115648089781 ], [ -1.630815320139027, 48.095116703090831 ], [ -1.630821832115211, 48.095117683418081 ], [ -1.630828368595867, 48.095118588685672 ], [ -1.630834927403955, 48.095119418618665 ], [ -1.630841506638498, 48.095120173021378 ], [ -1.630848104264419, 48.095120851703435 ], [ -1.63085471864106, 48.095121454368829 ], [ -1.630861347465154, 48.095121980837718 ], [ -1.630867988851469, 48.09512243109409 ], [ -1.630874641025245, 48.095122804847215 ], [ -1.630881301698967, 48.095123102096899 ], [ -1.630887969105746, 48.095123322642216 ], [ -1.630894641234128, 48.095123466562278 ], [ -1.630901316183131, 48.095123533661464 ], [ -1.630907991807207, 48.095123524024118 ], [ -1.630914666079151, 48.095123437549731 ], [ -1.630921567669978, 48.09512326875943 ], [ -1.630929075230302, 48.095123796086398 ], [ -1.630937550096538, 48.095125218139771 ], [ -1.630945839295292, 48.095126509941025 ], [ -1.630954159982301, 48.095127708109132 ], [ -1.63096250969657, 48.095128812200045 ], [ -1.630970886387262, 48.095129821843734 ], [ -1.630979287356685, 48.095130736965999 ], [ -1.630987710277935, 48.09513155711754 ], [ -1.630996152705766, 48.095132282033951 ], [ -1.631004612352639, 48.095132911715069 ], [ -1.631013086765429, 48.095133445806667 ], [ -1.631021573380537, 48.09513388422932 ], [ -1.631030070028775, 48.095134226797896 ], [ -1.631038574012448, 48.095134473438257 ], [ -1.631047083044017, 48.095134624150191 ], [ -1.631055594693976, 48.095134678849007 ], [ -1.631064106532822, 48.095134637449988 ], [ -1.631072616146793, 48.095134500048054 ], [ -1.631081120980163, 48.095134266653609 ], [ -1.631089618745398, 48.095133937266475 ], [ -1.631098106902512, 48.095133512076707 ], [ -1.631106583179722, 48.095132991263824 ], [ -1.631114536143388, 48.095132411891306 ], [ -1.631116113238092, 48.095132237812109 ], [ -1.631118182218907, 48.09513198480181 ], [ -1.631120244380482, 48.095131707721748 ], [ -1.631122298926123, 48.095131406693433 ], [ -1.63112434533519, 48.095131081917593 ], [ -1.631126382937206, 48.095130733420639 ], [ -1.631128411329883, 48.095130361218352 ], [ -1.63113042919589, 48.095129965633014 ], [ -1.631132436661444, 48.095129546569481 ], [ -1.631134432945593, 48.095129104328926 ], [ -1.631136417243764, 48.09512863894296 ], [ -1.631138389169418, 48.095128150607117 ], [ -1.631140347925855, 48.09512763944285 ], [ -1.631142293126534, 48.095127105645631 ], [ -1.63114422410098, 48.095126549241868 ], [ -1.631146140210209, 48.095125970617239 ], [ -1.631148040917837, 48.095125369792825 ], [ -1.631149925569136, 48.095124746974697 ], [ -1.631151793777565, 48.095124102358319 ], [ -1.6311536447543, 48.095123436154999 ], [ -1.631155478120677, 48.095122748650084 ], [ -1.631157293206216, 48.095122039869899 ], [ -1.631159089506031, 48.095121310194905 ], [ -1.631160866491615, 48.095120559736017 ], [ -1.63116262365808, 48.09511978887366 ], [ -1.63116436033495, 48.095118997634209 ], [ -1.631166076151434, 48.095118186392817 ], [ -1.631167770452803, 48.095117355355512 ], [ -1.631169442860392, 48.095116504807628 ], [ -1.631171092719472, 48.095115634955171 ], [ -1.631172719793349, 48.095114746168036 ], [ -1.631174323285322, 48.095113838567698 ], [ -1.631175902832477, 48.095112912619143 ], [ -1.631177458032528, 48.095111968338166 ], [ -1.631178988396337, 48.095111006284895 ], [ -1.631180493261301, 48.095110026575504 ], [ -1.631181972524822, 48.095109029574608 ], [ -1.631183425405947, 48.095108015583314 ], [ -1.631184851660113, 48.095106984881738 ], [ -1.631186250782431, 48.095105937850228 ], [ -1.631187622394239, 48.095104874774144 ], [ -1.631188966109, 48.095103795848964 ], [ -1.631190281437576, 48.095102701634744 ], [ -1.631191567985557, 48.095101592237192 ], [ -1.631192825531996, 48.0951004682058 ], [ -1.631194053414292, 48.09509932965679 ], [ -1.631195251545596, 48.095098177134432 ], [ -1.631196419413147, 48.095097010929287 ], [ -1.631197556638284, 48.095095831326717 ], [ -1.631198662984314, 48.095094638696565 ], [ -1.631199737954226, 48.095093433509064 ], [ -1.631200781429674, 48.095092215949208 ], [ -1.631201793055616, 48.095090986571748 ], [ -1.631202772453392, 48.095089745662044 ], [ -1.631203719378436, 48.095088493500121 ], [ -1.631204633475705, 48.095087230640821 ], [ -1.631205514500634, 48.095085957364127 ], [ -1.631206362224402, 48.095084674129772 ], [ -1.631207176402443, 48.095083381217812 ], [ -1.631207956805939, 48.095082079087945 ], [ -1.631208703064101, 48.095080768115302 ], [ -1.631209415216301, 48.095079448749061 ], [ -1.631210092749782, 48.095078121279798 ], [ -1.631210735577696, 48.095076786251752 ], [ -1.631211343581697, 48.095075443849908 ], [ -1.631211916548713, 48.095074094713624 ], [ -1.631212454234179, 48.095072739122898 ], [ -1.631212956543372, 48.095071377532193 ], [ -1.6312134232396, 48.095070010311403 ], [ -1.631213854362233, 48.095068637909634 ], [ -1.631214249540485, 48.095067260702059 ], [ -1.631214608947824, 48.095065879132562 ], [ -1.63121493221346, 48.095064493576274 ], [ -1.631215219384643, 48.095063104572219 ], [ -1.631215470350897, 48.095061712395101 ], [ -1.631215684891283, 48.095060317594495 ], [ -1.631215863163516, 48.095058920434646 ], [ -1.631216005080751, 48.095057521459744 ], [ -1.631216110540388, 48.095056121034439 ], [ -1.631216179447704, 48.095054719613145 ], [ -1.631216211842072, 48.095053317645025 ], [ -1.631216207754991, 48.095051915489371 ], [ -1.631216167083863, 48.095050513510813 ], [ -1.631216089883807, 48.09504911233816 ], [ -1.631215976312543, 48.09504771223564 ], [ -1.63121591497138, 48.095047139822292 ], [ -1.631202710625478, 48.094998844513007 ], [ -1.631202508269878, 48.09499321535354 ], [ -1.631204912450426, 48.094987819888786 ], [ -1.63120968796171, 48.094983186219451 ], [ -1.631216367004859, 48.094979767854859 ], [ -1.631224296040709, 48.094977899503903 ], [ -1.631232698953125, 48.094977763942921 ], [ -1.631240753027453, 48.094979374604527 ], [ -1.631247669919478, 48.094982573654605 ], [ -1.631252772685593, 48.094987048072007 ], [ -1.631255561665386, 48.094992359777891 ], [ -1.631269031058275, 48.095041624395002 ], [ -1.631269401579633, 48.095043576506576 ], [ -1.631269585258642, 48.095045288261588 ], [ -1.631269614749979, 48.095045601692014 ], [ -1.631269753783277, 48.095047315293343 ], [ -1.631269775094829, 48.095047629045531 ], [ -1.631269869577137, 48.095049344038756 ], [ -1.631269882693154, 48.095049657933039 ], [ -1.631269932443127, 48.095051373784443 ], [ -1.63126993748983, 48.095051687725736 ], [ -1.631269942460222, 48.095053403896337 ], [ -1.631269939311388, 48.095053717979731 ], [ -1.631269899723139, 48.095055433920002 ], [ -1.631269888347271, 48.095055747786169 ], [ -1.631269804026911, 48.095057463052214 ], [ -1.631269784431884, 48.095057776791002 ], [ -1.63126965546626, 48.09505949083858 ], [ -1.631269627770417, 48.09505980426502 ], [ -1.631269454112282, 48.095061516555148 ], [ -1.63126941830775, 48.095061829579414 ], [ -1.631269200043948, 48.095063539567839 ], [ -1.631269156130726, 48.095063852189959 ], [ -1.631268893355978, 48.09506555942221 ], [ -1.631268841318318, 48.095065871462516 ], [ -1.631268534111597, 48.095067575304554 ], [ -1.631268473941623, 48.095067886673178 ], [ -1.631268122539618, 48.095069586755102 ], [ -1.631268054095362, 48.095069897367544 ], [ -1.63126765844295, 48.095071593060524 ], [ -1.63126758211882, 48.095071902811092 ], [ -1.631267142310723, 48.095073593660715 ], [ -1.631267057830654, 48.095073902470148 ], [ -1.631266574087813, 48.0950755879269 ], [ -1.631266481578027, 48.095075895700049 ], [ -1.631265953995163, 48.095077575309482 ], [ -1.631265853581879, 48.095077881951283 ], [ -1.631265282379933, 48.095079555163863 ], [ -1.631265173921182, 48.095079860589756 ], [ -1.631264559194876, 48.095081526951034 ], [ -1.631264442809004, 48.095081830976092 ], [ -1.631263784779278, 48.095083489936556 ], [ -1.631263660466284, 48.095083792560729 ], [ -1.631262959361955, 48.095085443660679 ], [ -1.631262827240186, 48.095085744699077 ], [ -1.631262083282198, 48.095087387388965 ], [ -1.631261943359525, 48.095087686931421 ], [ -1.631261156634725, 48.095089320666979 ], [ -1.631261008895402, 48.095089618533812 ], [ -1.631260179766699, 48.095091242850089 ], [ -1.631260024336945, 48.095091538946185 ], [ -1.631259153033157, 48.095093153383452 ], [ -1.631258990031319, 48.095093447523887 ], [ -1.631258076789136, 48.095095051712264 ], [ -1.631257906081119, 48.095095343902322 ], [ -1.631256951247704, 48.095096937197184 ], [ -1.631256772951855, 48.095097227251912 ], [ -1.631255776756027, 48.095098809193559 ], [ -1.631255591014311, 48.095099097197526 ], [ -1.631254553684885, 48.095100667326228 ], [ -1.631254360481557, 48.095100953099767 ], [ -1.631253282515541, 48.09510251094531 ], [ -1.631253081968946, 48.095102794303465 ], [ -1.631251963461063, 48.095104339411378 ], [ -1.631251755579074, 48.095104620444019 ], [ -1.631250597152552, 48.095106152248967 ], [ -1.631250381919423, 48.095106430776397 ], [ -1.631249183684732, 48.095107949003619 ], [ -1.631248961360775, 48.095108224925482 ], [ -1.631247723799176, 48.09510972892501 ], [ -1.631247494242425, 48.095110002156737 ], [ -1.631246217732577, 48.095111491643323 ], [ -1.631245981211219, 48.095111762174355 ], [ -1.631244666100292, 48.095113236503316 ], [ -1.631244422464484, 48.095113504159279 ], [ -1.631243069265229, 48.095114963040025 ], [ -1.631242818783162, 48.095115227810382 ], [ -1.631241427590304, 48.095116670788485 ], [ -1.6312411703882, 48.095116932578101 ], [ -1.631239741959065, 48.095118359082939 ], [ -1.631239477902826, 48.095118617897114 ], [ -1.631238012474107, 48.095120027558792 ], [ -1.631237741816175, 48.095120283207301 ], [ -1.631236239892754, 48.095121675645409 ], [ -1.631235962759352, 48.095121928033166 ], [ -1.631234424712016, 48.09512330287253 ], [ -1.631234140961174, 48.095123551914959 ], [ -1.631232567555125, 48.095124908674812 ], [ -1.63123227732881, 48.095125154456461 ], [ -1.631230668792867, 48.095126492677089 ], [ -1.631230372335651, 48.095126734917933 ], [ -1.631228729048476, 48.09512805431401 ], [ -1.631228426502324, 48.095128293098583 ], [ -1.631226749095023, 48.095129593194571 ], [ -1.631226440310094, 48.095129828348519 ], [ -1.631224729413773, 48.095131108668909 ], [ -1.631224414658256, 48.095131340181666 ], [ -1.631222670525357, 48.095132600536225 ], [ -1.631222349791378, 48.095132828317965 ], [ -1.631220573187102, 48.095134068225896 ], [ -1.631220246734979, 48.095134292176219 ], [ -1.631218438030114, 48.095135511262392 ], [ -1.631218105717876, 48.095135731296743 ], [ -1.631216265685499, 48.095136929170181 ], [ -1.631215927789213, 48.09513714536785 ], [ -1.631214056666017, 48.095138321658659 ], [ -1.631213713304029, 48.095138533834721 ], [ -1.631211811870967, 48.095139688241758 ], [ -1.631211463043275, 48.095139896396198 ], [ -1.631209531939326, 48.095141028533774 ], [ -1.631209177764279, 48.09514123248168 ], [ -1.631207217368108, 48.095142342064477 ], [ -1.631206857987677, 48.095142541890347 ], [ -1.631204869064485, 48.095143628437569 ], [ -1.631204504604891, 48.095143824046374 ], [ -1.631202487675313, 48.095144887357236 ], [ -1.63120211812868, 48.095145078659094 ], [ -1.631200073831699, 48.095146118347905 ], [ -1.631199699600314, 48.095146305327006 ], [ -1.631197628448689, 48.095147321103191 ], [ -1.631197249390584, 48.095147503674987 ], [ -1.63119515217314, 48.095148495327201 ], [ -1.631194768414535, 48.095148673396572 ], [ -1.631192645628288, 48.095149640454622 ], [ -1.631192257445248, 48.095149814100843 ], [ -1.631190109879019, 48.095150756353355 ], [ -1.63118971711383, 48.095150925312218 ], [ -1.631187545288255, 48.095151842558451 ], [ -1.631187148351075, 48.095152006903973 ], [ -1.631184953039234, 48.095152898752964 ], [ -1.631184551930063, 48.095153058485131 ], [ -1.631182333644717, 48.095153924646297 ], [ -1.631181928497651, 48.095154079759816 ], [ -1.631179688019752, 48.095154919931979 ], [ -1.631179278953139, 48.095155070241958 ], [ -1.631177016953165, 48.095155884398778 ], [ -1.631176965915608, 48.095155902361221 ], [ -1.631177027708151, 48.095156060831449 ], [ -1.631177142097961, 48.095156364973072 ], [ -1.631177265245653, 48.095156704556025 ], [ -1.631177371802588, 48.095157009907169 ], [ -1.631177486060391, 48.095157350921482 ], [ -1.631177584658228, 48.095157657577261 ], [ -1.631177690010395, 48.095157999843281 ], [ -1.631177780625515, 48.095158307534184 ], [ -1.631177877064169, 48.095158650962084 ], [ -1.63117795969657, 48.095158959688078 ], [ -1.631178047213841, 48.095159304188051 ], [ -1.631178121729429, 48.095159613954486 ], [ -1.631178200309567, 48.095159959346809 ], [ -1.631178266684719, 48.095160269884147 ], [ -1.631178336201501, 48.095160616263961 ], [ -1.631178394696533, 48.095160927471809 ], [ -1.631178455126342, 48.095161274569655 ], [ -1.631178505473063, 48.095161586458595 ], [ -1.631178556942117, 48.095161934179323 ], [ -1.631178598998558, 48.095162246664778 ], [ -1.631178641498983, 48.095162594918563 ], [ -1.631178675517589, 48.095162907810327 ], [ -1.631178708773319, 48.0951632565179 ], [ -1.631178734612119, 48.095163569731419 ], [ -1.631178758883472, 48.095163918792387 ], [ -1.631178776676561, 48.095164232322396 ], [ -1.631178791813694, 48.095164581562372 ], [ -1.631178801411229, 48.095164895234483 ], [ -1.631178807414142, 48.095165244653479 ], [ -1.631178808808247, 48.095165558377822 ], [ -1.631178805795287, 48.0951659077909 ], [ -1.631178799112187, 48.095166221472411 ], [ -1.631178786941383, 48.095166570795023 ], [ -1.631178772039107, 48.095166884349133 ], [ -1.631178750836681, 48.095167233486144 ], [ -1.631178727715229, 48.095167546912862 ], [ -1.631178697465434, 48.095167895684625 ], [ -1.631178666235278, 48.095168208709197 ], [ -1.631178626945987, 48.095168557205547 ], [ -1.631178587465157, 48.095168869743361 ], [ -1.631178539112751, 48.095169217694831 ], [ -1.631178491657314, 48.095169529825213 ], [ -1.631178434233914, 48.095169877141927 ], [ -1.631178378512057, 48.095170188605934 ], [ -1.631178312143887, 48.0951705351928 ], [ -1.631178248423799, 48.095170845979858 ], [ -1.631178172834794, 48.095171191757601 ], [ -1.631178101100728, 48.095171501688064 ], [ -1.631178016551204, 48.095171846556319 ], [ -1.63117793680316, 48.095172155630202 ], [ -1.631177843277369, 48.095172499409266 ], [ -1.631177755507472, 48.095172807536713 ], [ -1.631177653139509, 48.095173150221349 ], [ -1.631177557197918, 48.095173457227986 ], [ -1.631177445972035, 48.09517379863852 ], [ -1.631177342119064, 48.095174104423954 ], [ -1.631177222035263, 48.095174444560399 ], [ -1.631177110270912, 48.095174749124631 ], [ -1.631176981305569, 48.095175087717479 ], [ -1.631176861621965, 48.095175390970695 ], [ -1.631176723909176, 48.095175728014681 ], [ -1.63117659629057, 48.095176029777214 ], [ -1.631176449822459, 48.095176365182482 ], [ -1.631176314529169, 48.095176665353939 ], [ -1.631176159297864, 48.095176999030684 ], [ -1.631176016195794, 48.095177297616353 ], [ -1.631175852327516, 48.095177629469468 ], [ -1.631175701400916, 48.095177926289672 ], [ -1.631175528879917, 48.095178256139491 ], [ -1.631175370389107, 48.095178551093866 ], [ -1.631175189349481, 48.095178878935094 ], [ -1.631175023160365, 48.095179172028942 ], [ -1.631174833586365, 48.095179497681919 ], [ -1.631174659817287, 48.095179788730249 ], [ -1.631174461843009, 48.095180112189738 ], [ -1.631174280628068, 48.095180401187299 ], [ -1.631174074237761, 48.095180722273625 ], [ -1.631173885427113, 48.095181009046016 ], [ -1.631173670747001, 48.095181327664058 ], [ -1.631173474608835, 48.095181612200776 ], [ -1.631173251631044, 48.095181928260679 ], [ -1.63117306582231, 48.095182186340452 ], [ -1.631156193862211, 48.095205153200837 ], [ -1.63115601293852, 48.095205394863115 ], [ -1.631138627392928, 48.095228190193019 ], [ -1.631138441184485, 48.095228429899755 ], [ -1.631120545918776, 48.095251048679295 ], [ -1.631120354291481, 48.09525128643579 ], [ -1.631101953423494, 48.095273723454866 ], [ -1.631099924133662, 48.095275834051677 ], [ -1.631098226411417, 48.095277355338041 ], [ -1.631096702153368, 48.095278770917133 ], [ -1.631095214389911, 48.095280203719796 ], [ -1.631093763476091, 48.095281653191215 ], [ -1.631092349924671, 48.095283119040822 ], [ -1.631090974082825, 48.095284600623955 ], [ -1.631089636337091, 48.095286097745138 ], [ -1.631088337050393, 48.095287609939398 ], [ -1.631087076845969, 48.09528913664137 ], [ -1.631085855684449, 48.09529067740192 ], [ -1.631084674346793, 48.095292231919906 ], [ -1.631083532777885, 48.095293799566491 ], [ -1.631082431624586, 48.095295380045826 ], [ -1.631081370973752, 48.095296972813664 ], [ -1.631080351322399, 48.095298577399724 ], [ -1.631079372907228, 48.095300193434142 ], [ -1.631078435941318, 48.095301820277591 ], [ -1.631077540661368, 48.095303457560156 ], [ -1.631076687430303, 48.095305104816894 ], [ -1.631075876603166, 48.095306761492957 ], [ -1.631075108140596, 48.09530842713923 ], [ -1.63107438241339, 48.095310101380555 ], [ -1.631073699634625, 48.095311783577543 ], [ -1.63107306003313, 48.095313473270551 ], [ -1.631072463703634, 48.09531517000508 ], [ -1.631071910874966, 48.09531687332148 ], [ -1.631071401633982, 48.095318582675453 ], [ -1.631070936335736, 48.095320297512238 ], [ -1.631070514806764, 48.095322017387915 ], [ -1.631070137409988, 48.095323741837525 ], [ -1.631069774714918, 48.095325623274469 ], [ -1.631067407340697, 48.095331026030003 ], [ -1.631062663476913, 48.095335674310689 ], [ -1.631056007692362, 48.095339113021929 ], [ -1.631048091489307, 48.095341005642609 ], [ -1.631039689563691, 48.095341166929479 ], [ -1.631031624558978, 48.095339581020468 ], [ -1.631024685804046, 48.095336403098727 ], [ -1.631019552644588, 48.095331944380014 ], [ -1.631016727424176, 48.095326641306677 ], [ -1.631016486664909, 48.095321012848167 ], [ -1.631016878887219, 48.095318978543531 ], [ -1.631016941732016, 48.095318673109361 ], [ -1.631017385911292, 48.095316643611767 ], [ -1.631017456628108, 48.09531633894963 ], [ -1.631017952543393, 48.095314314808569 ], [ -1.631018030998134, 48.095314010923758 ], [ -1.631018578704537, 48.095311992768075 ], [ -1.631018664920823, 48.095311689930085 ], [ -1.63101926418951, 48.095309678219444 ], [ -1.631019358033245, 48.095309376433548 ], [ -1.631020008659011, 48.095307371897164 ], [ -1.631020110272159, 48.09530707124793 ], [ -1.631020812168142, 48.095305074430065 ], [ -1.631020921424483, 48.095304775012572 ], [ -1.631021674101535, 48.095302786473297 ], [ -1.631021791001067, 48.095302488287558 ], [ -1.631022594514297, 48.095300508655718 ], [ -1.63102271908064, 48.095300211971207 ], [ -1.631023573074996, 48.095298241801579 ], [ -1.63102370516618, 48.095297946533769 ], [ -1.631024609420706, 48.095295986375888 ], [ -1.631024749052477, 48.095295692704418 ], [ -1.631025703346218, 48.095293743107838 ], [ -1.631025850392354, 48.095293451127823 ], [ -1.63102685437813, 48.095291512737163 ], [ -1.631027008980599, 48.095291222533142 ], [ -1.631028062303361, 48.095289295903228 ], [ -1.631028224193971, 48.095289007485768 ], [ -1.631029326758986, 48.095287093071001 ], [ -1.63102949608758, 48.095286806614503 ], [ -1.631030647413572, 48.095284905064787 ], [ -1.631030823911956, 48.095284620579783 ], [ -1.631032023785848, 48.095282732534507 ], [ -1.631032207461896, 48.09528245011083 ], [ -1.631033455386668, 48.095280576040238 ], [ -1.631033646382346, 48.095280295762429 ], [ -1.631034941995072, 48.095278436131501 ], [ -1.63103514005794, 48.095278158189799 ], [ -1.631036483145542, 48.095276313637903 ], [ -1.631036688267721, 48.09527603794244 ], [ -1.631038078206956, 48.095274209034912 ], [ -1.6310382902701, 48.095273935770649 ], [ -1.631039726966238, 48.09527212296193 ], [ -1.63103994597822, 48.095271852218694 ], [ -1.631041428666051, 48.095270055989573 ], [ -1.631041654634742, 48.09526978785722 ], [ -1.631043183101186, 48.095268008847057 ], [ -1.631043415758396, 48.095267743336102 ], [ -1.631044989506435, 48.095265982015157 ], [ -1.631045228994133, 48.095265719210147 ], [ -1.631046847534623, 48.095263976138504 ], [ -1.63104709359249, 48.095263716139847 ], [ -1.63104875656251, 48.095261991782472 ], [ -1.631049009064324, 48.095261734685273 ], [ -1.63105071597473, 48.095260029602244 ], [ -1.631050975054585, 48.095259775401225 ], [ -1.631052725266395, 48.095258089978252 ], [ -1.631052990805942, 48.095257838858331 ], [ -1.631054783830008, 48.095256173655471 ], [ -1.631055055695154, 48.095255925621935 ], [ -1.631055766332564, 48.095255288950739 ], [ -1.631073165632607, 48.095234073167411 ], [ -1.631090872077687, 48.095211693303405 ], [ -1.631108074072289, 48.095189138664757 ], [ -1.631123690401661, 48.095167880959103 ], [ -1.631122540561736, 48.095168007855065 ], [ -1.63112107861999, 48.095168141709145 ], [ -1.631112166991368, 48.095168790880649 ], [ -1.631111716721317, 48.095168821121376 ], [ -1.631102789813801, 48.095169369665328 ], [ -1.631102338826754, 48.095169394796237 ], [ -1.631093399322302, 48.095169842607149 ], [ -1.631092947886449, 48.095169862617638 ], [ -1.63108399832505, 48.09517020950549 ], [ -1.63108354644827, 48.095170224485429 ], [ -1.631074589369913, 48.095170470260129 ], [ -1.631074137178428, 48.095170480114405 ], [ -1.631065175146723, 48.095170624855399 ], [ -1.631064722774632, 48.095170629578739 ], [ -1.631055758471539, 48.095170673180576 ], [ -1.631055305926718, 48.095170672862785 ], [ -1.631046341766002, 48.095170615230494 ], [ -1.631045889316645, 48.095170609861057 ], [ -1.631036927996015, 48.09517045106881 ], [ -1.631036475768344, 48.095170440552586 ], [ -1.631027519591092, 48.095170180780215 ], [ -1.631027067719206, 48.095170165111966 ], [ -1.631018119375165, 48.095169804343797 ], [ -1.631017667993162, 48.095169783518237 ], [ -1.63100873004594, 48.095169321833751 ], [ -1.631008279161698, 48.095169295940693 ], [ -1.630999354316873, 48.095168733503876 ], [ -1.630998904198584, 48.09516870253281 ], [ -1.630989994751576, 48.095168039433638 ], [ -1.630989545399242, 48.095168003384522 ], [ -1.630980654063501, 48.095167239876879 ], [ -1.630980205619096, 48.095167198834304 ], [ -1.630971334824135, 48.095166335002894 ], [ -1.630970887555848, 48.095166288956278 ], [ -1.630962039888896, 48.095165325150035 ], [ -1.630961593788859, 48.095165274009574 ], [ -1.630952771837144, 48.095164210577465 ], [ -1.630952327047326, 48.0951641544277 ], [ -1.63094353312201, 48.095162991639377 ], [ -1.630943089902734, 48.095162930379942 ], [ -1.630934326591043, 48.095161668584346 ], [ -1.630933884950182, 48.095161602305062 ], [ -1.630925154831467, 48.095160241761334 ], [ -1.630924714910992, 48.095160170546741 ], [ -1.630919718375897, 48.095159332172287 ], [ -1.630916396009476, 48.095159413453871 ], [ -1.630915934968021, 48.095159422123245 ], [ -1.630908799406009, 48.095159514482283 ], [ -1.630908338302311, 48.095159517835789 ], [ -1.630901201467893, 48.095159528126416 ], [ -1.630900740301957, 48.095159526164075 ], [ -1.630893604214469, 48.095159454396978 ], [ -1.630893143254487, 48.09515944710818 ], [ -1.630886010067361, 48.09515929328883 ], [ -1.630885549313335, 48.095159280673634 ], [ -1.630878421187877, 48.095159044897294 ], [ -1.630877960773905, 48.095159026950384 ], [ -1.63087083972945, 48.095158709227782 ], [ -1.630870379797501, 48.095158686033734 ], [ -1.630863268129451, 48.095158286454847 ], [ -1.63086280894772, 48.095158258003124 ], [ -1.630855708549188, 48.095157776673766 ], [ -1.630855250109802, 48.095157742874541 ], [ -1.630848163149968, 48.09515717997985 ], [ -1.630847705602771, 48.095157141007469 ], [ -1.630840634242937, 48.095156496642723 ], [ -1.630840177848249, 48.095156452396822 ], [ -1.630833124131372, 48.095155726842229 ], [ -1.630832668889195, 48.095155677322829 ], [ -1.630825634850354, 48.095154870768745 ], [ -1.63082518090266, 48.095154816060379 ], [ -1.630818168845126, 48.095153928686663 ], [ -1.630817716326012, 48.095153868784102 ], [ -1.630810728158645, 48.095152900876215 ], [ -1.630810277202206, 48.09515283577413 ], [ -1.630803314975833, 48.095151787702157 ], [ -1.630802865716168, 48.095151717395304 ], [ -1.630795931607836, 48.095150589434155 ], [ -1.630795484179041, 48.095150513917247 ], [ -1.630788580231703, 48.095149306347146 ], [ -1.630788134775749, 48.095149225704731 ], [ -1.630781262914003, 48.095147938990841 ], [ -1.630780819699084, 48.095147853212403 ], [ -1.630773981965885, 48.095146487634914 ], [ -1.630773540865778, 48.095146396815551 ], [ -1.630766739446043, 48.095144952739247 ], [ -1.630766300728942, 48.095144856868401 ], [ -1.630759537555142, 48.095143334848252 ], [ -1.630759101347271, 48.095143233830825 ], [ -1.630752378344007, 48.09514163433203 ], [ -1.63075194479521, 48.095141528342388 ], [ -1.630745264013302, 48.095139851734949 ], [ -1.630744833123578, 48.095139740773135 ], [ -1.630738196621717, 48.095137987516949 ], [ -1.630737768667134, 48.095137871662203 ], [ -1.630731178377791, 48.095136042312255 ], [ -1.630730753350478, 48.095135921474785 ], [ -1.630724211213994, 48.095134016675892 ], [ -1.630723789397884, 48.095133891024773 ], [ -1.630717297204758, 48.095131911247371 ], [ -1.63071687872608, 48.095131780687524 ], [ -1.630710438550746, 48.095129726571145 ], [ -1.630710023283277, 48.095129591197654 ], [ -1.630703637066074, 48.095127463387129 ], [ -1.630703225412101, 48.095127323184208 ], [ -1.630696894951398, 48.095125122239779 ], [ -1.630696486926668, 48.095124977387052 ], [ -1.630690214154927, 48.095122703863723 ], [ -1.630689809893538, 48.095122554355953 ], [ -1.630683596632745, 48.095120209083468 ], [ -1.630683196126823, 48.095120054830801 ], [ -1.630677044317313, 48.095117638453992 ], [ -1.63067664785867, 48.095117479715377 ], [ -1.630670559172583, 48.095114992889613 ], [ -1.630670166887441, 48.095114829569923 ], [ -1.630664143280855, 48.095112273119682 ], [ -1.630663755042993, 48.095112105314044 ], [ -1.630657798330015, 48.09510947997925 ], [ -1.630657414399752, 48.095109307587293 ], [ -1.63065152613417, 48.095106614208241 ], [ -1.630651146803316, 48.095106437488909 ], [ -1.630649148406065, 48.09510548920678 ], [ -1.630646709525267, 48.095105011385442 ], [ -1.630646263637666, 48.09510492120463 ], [ -1.630642985637725, 48.095104237423882 ], [ -1.63064254199116, 48.09510414210704 ], [ -1.630639282195048, 48.095103420382202 ], [ -1.630638841183932, 48.095103319823693 ], [ -1.630635600688036, 48.095102560382074 ], [ -1.63063516219402, 48.095102454766824 ], [ -1.630631942086853, 48.095101657745865 ], [ -1.630631506378128, 48.095101547063315 ], [ -1.630628307361661, 48.095100712796004 ], [ -1.630627874572324, 48.095100597040904 ], [ -1.630624697884915, 48.095099725839091 ], [ -1.630624268149061, 48.095099605006141 ], [ -1.630621114476935, 48.095098697023118 ], [ -1.630620687936533, 48.095098571196907 ], [ -1.630617558383947, 48.095097626749784 ], [ -1.630617135046871, 48.095097496020117 ], [ -1.630614030710211, 48.095096515336223 ], [ -1.630613610710557, 48.095096379697829 ], [ -1.630610532291796, 48.095095363110111 ], [ -1.630610115905628, 48.095095222642293 ], [ -1.630607064374924, 48.095094170473168 ], [ -1.630606651736338, 48.095094025170617 ], [ -1.630603628063858, 48.095092937742493 ], [ -1.630603219172853, 48.095092787605225 ], [ -1.630600224328756, 48.095091665240503 ], [ -1.630599819327303, 48.0950915103531 ], [ -1.630596854013559, 48.09509035338472 ], [ -1.63059645303575, 48.095090193741868 ], [ -1.630593518364491, 48.095089002576813 ], [ -1.63059312156017, 48.09508883835295 ], [ -1.630590218359585, 48.095087613229055 ], [ -1.630589825854974, 48.095087444329046 ], [ -1.630586954976878, 48.095086185753694 ], [ -1.630586566921817, 48.095086012351913 ], [ -1.630583729194399, 48.095084720562895 ], [ -1.630583345588891, 48.095084542659372 ], [ -1.630580541856089, 48.09508321807423 ], [ -1.630580162976194, 48.095083035748253 ], [ -1.630577394223913, 48.095081678869064 ], [ -1.63057701993554, 48.095081492125864 ], [ -1.630574286865747, 48.095080103285603 ], [ -1.630573917579052, 48.095079912199211 ], [ -1.630571221035686, 48.095078491815364 ], [ -1.630570856750669, 48.095078296385786 ], [ -1.630568197585538, 48.095076844965718 ], [ -1.630567838317945, 48.095076645372615 ], [ -1.63056521736711, 48.095075163243962 ], [ -1.630564863251038, 48.095074959482048 ], [ -1.630562281366309, 48.095073447152217 ], [ -1.630561932535851, 48.095073239216241 ], [ -1.630559390434938, 48.095071697197788 ], [ -1.630559047039937, 48.095071485262125 ], [ -1.630556545290714, 48.095069913893333 ], [ -1.630556207465264, 48.095069697952717 ], [ -1.630553747061505, 48.095068097825447 ], [ -1.630553414813478, 48.095067877969718 ], [ -1.630550996457149, 48.095066249416945 ], [ -1.630550669928511, 48.095066025730624 ], [ -1.63054829435307, 48.095064369444636 ], [ -1.630547973543825, 48.095064141927764 ], [ -1.630545641451234, 48.095062458241486 ], [ -1.630545326645314, 48.09506222706316 ], [ -1.630543038627065, 48.095060516584354 ], [ -1.630542729950695, 48.095060281649452 ], [ -1.630540486858589, 48.095058544885447 ], [ -1.630540184193416, 48.095058306378931 ], [ -1.630537986611071, 48.095056543847619 ], [ -1.630537690099066, 48.095056301854029 ], [ -1.630535538744189, 48.095054514068032 ], [ -1.63053524865354, 48.095054268576824 ], [ -1.630533144109746, 48.095052456054042 ], [ -1.630532860322102, 48.095052207250156 ], [ -1.630530803314972, 48.095050370593029 ], [ -1.630530526098526, 48.095050118465906 ], [ -1.630528517211674, 48.095048258192314 ], [ -1.630528246440199, 48.095048002837068 ], [ -1.63052628626511, 48.095046119554759 ], [ -1.630526022214671, 48.095045861050693 ], [ -1.630524111334958, 48.095043955277518 ], [ -1.630523854013426, 48.095043693714445 ], [ -1.630521993020573, 48.095041766058152 ], [ -1.630521742569915, 48.095041501520647 ], [ -1.630519932047536, 48.095039552499145 ], [ -1.63051968834153, 48.095039285082272 ], [ -1.63051792888898, 48.095037315393093 ], [ -1.630517692195816, 48.09503704508635 ], [ -1.630515984128516, 48.095035055257945 ], [ -1.630515754598032, 48.095034782235679 ], [ -1.630514098641563, 48.095032772870496 ], [ -1.630513876147536, 48.095032497227834 ], [ -1.630512272751412, 48.095030468849018 ], [ -1.630512057435811, 48.095030190670528 ], [ -1.630510507065292, 48.095028143980947 ], [ -1.630510298928114, 48.095027863266601 ], [ -1.630508802048463, 48.095025798969061 ], [ -1.630508601231676, 48.095025515803428 ], [ -1.630507158426501, 48.095023434415815 ], [ -1.630506964945848, 48.095023148978576 ], [ -1.630505576538442, 48.095021051119147 ], [ -1.630505390528019, 48.09502076340501 ], [ -1.630504056849546, 48.095018649781885 ], [ -1.630503878325097, 48.095018359970531 ], [ -1.630502599967038, 48.095016231191437 ], [ -1.630502428928561, 48.095015939282838 ], [ -1.630501206080116, 48.095013795971319 ], [ -1.630501042803673, 48.095013502044765 ], [ -1.630499875930096, 48.095011344903646 ], [ -1.630499720297339, 48.095011049144091 ], [ -1.630498609714051, 48.095008878701805 ], [ -1.630498461732848, 48.095008581199068 ], [ -1.630497407771013, 48.095006398163704 ], [ -1.630497267575459, 48.095006098912513 ], [ -1.630496270708208, 48.095003904076748 ], [ -1.630496138306174, 48.095003603166923 ], [ -1.630495295144985, 48.095001623761185 ], [ -1.630493557083138, 48.094997914420205 ], [ -1.630493420855366, 48.094997614381974 ], [ -1.630491680098553, 48.094993659333831 ], [ -1.630491551680054, 48.094993357816648 ], [ -1.630489914021434, 48.094989383119376 ], [ -1.630489793404331, 48.094989080033379 ], [ -1.630488259490474, 48.094985086923508 ], [ -1.630488146832483, 48.094984782532954 ], [ -1.630486717041769, 48.094980772257593 ], [ -1.630486612208791, 48.094980466567719 ], [ -1.630485287045824, 48.094976440278849 ], [ -1.630485190179825, 48.094976133374239 ], [ -1.630483970022988, 48.094972092318919 ], [ -1.63048388113971, 48.094971784379247 ], [ -1.630482766225414, 48.094967729720025 ], [ -1.630482685458952, 48.094967420739998 ], [ -1.630481676173454, 48.094963353813789 ], [ -1.630481603405452, 48.094963043978339 ], [ -1.63048070025335, 48.09495896593716 ], [ -1.63048063548381, 48.094958655246273 ], [ -1.630479838567422, 48.094954567257886 ], [ -1.630479781946182, 48.094954255885973 ], [ -1.630479091383568, 48.094950159297881 ], [ -1.630479042918497, 48.094949847334753 ], [ -1.630478459214264, 48.094945743298922 ], [ -1.630478418771264, 48.094945430749881 ], [ -1.630477941917247, 48.094941320708855 ], [ -1.630477909638286, 48.094941007658441 ], [ -1.630477539728928, 48.094936892690214 ], [ -1.630477515629748, 48.094936579318087 ], [ -1.630477252909335, 48.094932460675025 ], [ -1.630477236997809, 48.094932147071042 ], [ -1.630477081442431, 48.094928026016021 ], [ -1.630477073726426, 48.094927712269985 ], [ -1.630477025438404, 48.094923589970819 ], [ -1.630477025799569, 48.094923276267693 ], [ -1.630477084889089, 48.094919153982033 ], [ -1.630477093461517, 48.094918840316517 ], [ -1.630477259644358, 48.09491471940764 ], [ -1.630477276435919, 48.094914405869552 ], [ -1.630477549806522, 48.094910287415445 ], [ -1.630477574698865, 48.09490997418974 ], [ -1.630477955375294, 48.094905859537839 ], [ -1.630477988368415, 48.094905546624517 ], [ -1.630478475924478, 48.094901437053551 ], [ -1.630478517160346, 48.094901124537174 ], [ -1.630479111572138, 48.094897021310054 ], [ -1.630479160924526, 48.094896709285713 ], [ -1.630479862026172, 48.094892613580789 ], [ -1.630479919376731, 48.094892302233433 ], [ -1.630480727002363, 48.094888215229055 ], [ -1.630480792493054, 48.094887904643237 ], [ -1.630481706350575, 48.094883827612826 ], [ -1.630481779981399, 48.09488351778856 ], [ -1.630482799644621, 48.094879452010886 ], [ -1.630482881297227, 48.094879143133078 ], [ -1.630484006742245, 48.094875089871003 ], [ -1.63048409641663, 48.094874781939673 ], [ -1.630485327067417, 48.094870742297566 ], [ -1.630485424787197, 48.094870435582202 ], [ -1.630486760351661, 48.094866410833504 ], [ -1.630486865974866, 48.094866105249537 ], [ -1.630488306153041, 48.09486209657787 ], [ -1.630488419695415, 48.094861792304961 ], [ -1.63048996392702, 48.094857800994319 ], [ -1.630490085396434, 48.09485749812233 ], [ -1.630491733247412, 48.094853525361614 ], [ -1.630491862509769, 48.094853223895775 ], [ -1.630493613546061, 48.094849270873851 ], [ -1.630493750617106, 48.09484897099388 ], [ -1.630495604270559, 48.094845038904907 ], [ -1.630495749158163, 48.094844740700609 ], [ -1.63049770471866, 48.094840830654235 ], [ -1.630497857296597, 48.094840534220687 ], [ -1.630499914472048, 48.094836647490339 ], [ -1.630500074748191, 48.094836352917405 ], [ -1.63050223270226, 48.094832490707816 ], [ -1.630502400542511, 48.094832198000738 ], [ -1.63050465856508, 48.094828361421513 ], [ -1.630504833985185, 48.094828070759952 ], [ -1.630507191634327, 48.09482426091013 ], [ -1.630507374650028, 48.094823972473783 ], [ -1.630509830955312, 48.094820190563368 ], [ -1.630510021416769, 48.094819904177839 ], [ -1.630512575810048, 48.094816151400963 ], [ -1.630512773606783, 48.094815867341005 ], [ -1.630515425377947, 48.094812144807328 ], [ -1.630515630517829, 48.094811863162768 ], [ -1.630518378680701, 48.094808171902585 ], [ -1.630518591029637, 48.094807892678695 ], [ -1.630521434881979, 48.094804233891445 ], [ -1.630521654455711, 48.094803957267906 ], [ -1.630524593011352, 48.094800331983919 ], [ -1.630524819809882, 48.094800057960704 ], [ -1.630527852232489, 48.094796467384683 ], [ -1.630528086129589, 48.094796196056912 ], [ -1.630531211567088, 48.094792641213907 ], [ -1.63053145231032, 48.094792372771785 ], [ -1.63053466977654, 48.094788854692126 ], [ -1.630534917492121, 48.094788589040569 ], [ -1.630538226150735, 48.094785108928967 ], [ -1.63053848058622, 48.09478484625815 ], [ -1.630541879309094, 48.094781405060374 ], [ -1.630542140598579, 48.094781145365047 ], [ -1.630545628131358, 48.094777744121956 ], [ -1.63054589615649, 48.094777487587017 ], [ -1.630549471781199, 48.094774127318416 ], [ -1.630549746407885, 48.094773873949158 ], [ -1.630553408870167, 48.094770555695874 ], [ -1.630553689980059, 48.094770305677272 ], [ -1.630555091186818, 48.094769081264808 ], [ -1.630556313877285, 48.094766962197831 ], [ -1.630558730086674, 48.094762549346996 ], [ -1.630561031839739, 48.094758109448478 ], [ -1.630563218560507, 48.094753643606673 ], [ -1.630565289570403, 48.094749153290486 ], [ -1.6305672441751, 48.094744639789212 ], [ -1.630569081956345, 48.094740104471413 ], [ -1.630570802227687, 48.094735548716201 ], [ -1.630572404562995, 48.094730973802299 ], [ -1.630573888544014, 48.094726381098276 ], [ -1.630575253484297, 48.094721771983274 ], [ -1.630576499241647, 48.094717147905094 ], [ -1.630577625255844, 48.094712510147765 ], [ -1.630578631376817, 48.094707860069313 ], [ -1.630579517194187, 48.094703199128098 ], [ -1.630580282423792, 48.094698528687431 ], [ -1.630580926923438, 48.094693850195156 ], [ -1.630581450401091, 48.094689164924716 ], [ -1.630581852848655, 48.094684474318704 ], [ -1.630582133981967, 48.094679779740389 ], [ -1.630582293792928, 48.094675082632328 ], [ -1.630582332139348, 48.094670384442388 ], [ -1.63058224927344, 48.094665686512748 ], [ -1.630582044911049, 48.094660990206712 ], [ -1.630581719312259, 48.094656296956266 ], [ -1.630581272461102, 48.094651608114148 ], [ -1.630580704617666, 48.094646925112407 ], [ -1.630580015773851, 48.094642249393594 ], [ -1.630579206315967, 48.094637582294602 ], [ -1.630578276362135, 48.094632925162927 ], [ -1.630577225723185, 48.094628277375016 ], [ -1.630576864229238, 48.094626845558459 ], [ -1.630572021493917, 48.094615343537527 ], [ -1.630051561869839, 48.094683754774238 ], [ -1.630051561735746, 48.094683754779517 ], [ -1.630051561601652, 48.094683754784782 ], [ -1.629964434998685, 48.094695207018674 ], [ -1.629924169290573, 48.094700499750218 ], [ -1.629337357840837, 48.094777632595118 ], [ -1.629676224039905, 48.095038351493535 ], [ -1.629677407979646, 48.095039329384136 ], [ -1.629678230022009, 48.095040059196791 ], [ -1.629678507818233, 48.095040310311397 ], [ -1.629679310636103, 48.095041049533471 ], [ -1.629679581987336, 48.095041303876137 ], [ -1.629680365564969, 48.095042052327983 ], [ -1.629680630329244, 48.095042309814175 ], [ -1.629681394366964, 48.095043067147003 ], [ -1.62968165227609, 48.095043327787231 ], [ -1.629682396497835, 48.095044093921786 ], [ -1.62968264780426, 48.095044357525857 ], [ -1.629683371910356, 48.095045132113334 ], [ -1.62968361633802, 48.095045398601989 ], [ -1.629684320312721, 48.095046181462742 ], [ -1.629684557727527, 48.09504645084121 ], [ -1.629685241279032, 48.095047241716266 ], [ -1.629685471799332, 48.095047513799656 ], [ -1.629686134643705, 48.095048312519936 ], [ -1.629686358001309, 48.09504858731875 ], [ -1.629686999980843, 48.095049393620009 ], [ -1.629687216160008, 48.095049670954616 ], [ -1.629687837116991, 48.095050484572653 ], [ -1.629688046243943, 48.095050764347938 ], [ -1.62968864588657, 48.095051585023782 ], [ -1.629688847700987, 48.095051867340139 ], [ -1.629689426005646, 48.095052694804309 ], [ -1.629689620349819, 48.095052979397494 ], [ -1.629690177032575, 48.095053813480916 ], [ -1.6296903640406, 48.095054100345656 ], [ -1.629690899069965, 48.095054940688946 ], [ -1.629691078599875, 48.095055229740701 ], [ -1.629691591691919, 48.095056076174771 ], [ -1.629691763593876, 48.095056367239152 ], [ -1.629692254598757, 48.095057219589592 ], [ -1.629692418998983, 48.095057512571465 ], [ -1.629692887885217, 48.095058370478974 ], [ -1.62969304464962, 48.095058665383654 ], [ -1.629693490991307, 48.095059528594561 ], [ -1.629693640246107, 48.095059825326935 ], [ -1.629694064145853, 48.095060693476626 ], [ -1.629694205480894, 48.095060991962661 ], [ -1.629694606796735, 48.095061864966588 ], [ -1.629694740464465, 48.095062165016088 ], [ -1.629695119030819, 48.095063042520209 ], [ -1.629695244897141, 48.095063344138445 ], [ -1.629695600556295, 48.095064225878545 ], [ -1.629695718479245, 48.095064528980949 ], [ -1.629696051207587, 48.095065414687518 ], [ -1.629696161305514, 48.095065719089163 ], [ -1.629696470953203, 48.095066608587814 ], [ -1.629696573218236, 48.095066914198888 ], [ -1.629696859619692, 48.095067807135564 ], [ -1.629696953917737, 48.095068113961339 ], [ -1.629697217183439, 48.095069010061287 ], [ -1.629697303498752, 48.095069317922082 ], [ -1.629697543336895, 48.095070216926352 ], [ -1.629697621661603, 48.095070525732325 ], [ -1.629697838190538, 48.095071427455984 ], [ -1.629697908382675, 48.095071737122595 ], [ -1.62969810143682, 48.095072641211601 ], [ -1.629698163630482, 48.095072951733577 ], [ -1.629698333178352, 48.095073857828581 ], [ -1.629698387223699, 48.095074169031541 ], [ -1.629698533257418, 48.095075077042758 ], [ -1.629698579272803, 48.095075388741748 ], [ -1.629698701626792, 48.095076298315071 ], [ -1.629698739485991, 48.095076610605219 ], [ -1.629698838128764, 48.095077521381342 ], [ -1.629698867950127, 48.095077834077699 ], [ -1.629698943000033, 48.095078745871703 ], [ -1.629698964633723, 48.095079058799868 ], [ -1.629699015940923, 48.095079971437379 ], [ -1.629699029521038, 48.095080284592093 ], [ -1.629699057046172, 48.095081197623912 ], [ -1.629699062422871, 48.095081510830781 ], [ -1.629699066284294, 48.095082424072011 ], [ -1.629699063591669, 48.095082737325768 ], [ -1.629699043631669, 48.095083650512173 ], [ -1.629699032727757, 48.095083963728271 ], [ -1.629698989175167, 48.095084876400136 ], [ -1.629698970186189, 48.095085189483449 ], [ -1.629698902899039, 48.095086101556241 ], [ -1.629698875675158, 48.095086414332378 ], [ -1.62969878476393, 48.095087325531338 ], [ -1.629698749431368, 48.095087637905216 ], [ -1.629698634730481, 48.095088547876273 ], [ -1.629698591423333, 48.095088859842612 ], [ -1.629698453051135, 48.095089768400818 ], [ -1.629698401611693, 48.095090079695389 ], [ -1.629698239670795, 48.095090986476166 ], [ -1.629698180106928, 48.095091297188816 ], [ -1.629697994715679, 48.095092202007223 ], [ -1.629697988013111, 48.095092233008685 ], [ -1.629697610690715, 48.095103066681567 ], [ -1.629696102602395, 48.09510860607142 ], [ -1.629692113026677, 48.095113562118883 ], [ -1.629686032590715, 48.095117449651269 ], [ -1.629678456483259, 48.095119888307906 ], [ -1.62967012630615, 48.09512063917014 ], [ -1.629661857374742, 48.09511962889345 ], [ -1.629654459237839, 48.095116956348235 ], [ -1.629648655987699, 48.095112883043534 ], [ -1.629645015817726, 48.09510780777304 ], [ -1.629643894828556, 48.095102227270011 ], [ -1.629644312377043, 48.095090237046577 ], [ -1.62964462233376, 48.095087899054903 ], [ -1.629644795383631, 48.095087151295836 ], [ -1.629644917283482, 48.095086556893882 ], [ -1.629645023589224, 48.095085961122052 ], [ -1.629645114458563, 48.095085364244525 ], [ -1.629645189773151, 48.095084766446256 ], [ -1.629645249540856, 48.095084167817085 ], [ -1.629645293785293, 48.095083568626485 ], [ -1.629645322380239, 48.095082968969585 ], [ -1.629645335483403, 48.095082369110592 ], [ -1.629645332976432, 48.095081769234426 ], [ -1.6296453148672, 48.095081169430962 ], [ -1.629645281179317, 48.095080569969646 ], [ -1.629645231920658, 48.095079970940319 ], [ -1.62964516697287, 48.095079372527927 ], [ -1.629645086627756, 48.095078774991407 ], [ -1.629644990759094, 48.095078178425879 ], [ -1.629644879390497, 48.095077583100839 ], [ -1.629644752537708, 48.095076989195917 ], [ -1.629644610334822, 48.095076396705856 ], [ -1.629644452679231, 48.095075805995258 ], [ -1.629644279720772, 48.095075217238509 ], [ -1.629644091467316, 48.095074630525467 ], [ -1.6296438880687, 48.095074046030454 ], [ -1.629643669406573, 48.095073463938455 ], [ -1.629643435638645, 48.095072884513691 ], [ -1.629643186906881, 48.095072307840695 ], [ -1.629642923227024, 48.095071734099136 ], [ -1.629642644614817, 48.095071163468688 ], [ -1.629642351220098, 48.09507059612374 ], [ -1.62964204305861, 48.095070032243946 ], [ -1.629641720414285, 48.095069471998421 ], [ -1.629641383168772, 48.095068915572099 ], [ -1.629641031464036, 48.095068363049549 ], [ -1.629640665457787, 48.095067814694971 ], [ -1.629640285157895, 48.0950672705982 ], [ -1.629639890856166, 48.0950667310182 ], [ -1.629639482552599, 48.095066195954978 ], [ -1.629639060278679, 48.095065665767812 ], [ -1.629638624436692, 48.095065140440923 ], [ -1.629638174782061, 48.095064620254334 ], [ -1.629637711732815, 48.095064105371904 ], [ -1.629637235423046, 48.095063595788332 ], [ -1.629636745884244, 48.095063091862983 ], [ -1.629636243116406, 48.095062593595799 ], [ -1.629635727671654, 48.095062101145388 ], [ -1.629635199305414, 48.095061614791781 ], [ -1.629635084326939, 48.095061512676857 ], [ -1.629298121561211, 48.09480225815242 ], [ -1.629295100010664, 48.09480204983852 ], [ -1.629294640179319, 48.094802015457105 ], [ -1.629291332831717, 48.094801748792086 ], [ -1.629290874011057, 48.094801709052632 ], [ -1.629287574093309, 48.094801404326518 ], [ -1.629287116291206, 48.094801359318851 ], [ -1.629283824741985, 48.094801016494763 ], [ -1.629283368226626, 48.094800966208346 ], [ -1.629280086008212, 48.094800585518854 ], [ -1.629279630787471, 48.094800530043507 ], [ -1.629276358838532, 48.094800111451711 ], [ -1.629275905172728, 48.094800050687077 ], [ -1.629272644597509, 48.094799594510093 ], [ -1.629272192494515, 48.094799528546005 ], [ -1.629268944231684, 48.094799034746963 ], [ -1.629268493825594, 48.094798963578121 ], [ -1.629265258837433, 48.094798432389609 ], [ -1.629264810262342, 48.094798356010756 ], [ -1.62926158950326, 48.094797787575509 ], [ -1.629261142901134, 48.094797706071191 ], [ -1.62925793733341, 48.094797100621804 ], [ -1.62925749296457, 48.094797013891657 ], [ -1.629254303534743, 48.094796371481067 ], [ -1.62925386141493, 48.094796279704774 ], [ -1.629250688959056, 48.094795600660639 ], [ -1.629250249214494, 48.094795503743079 ], [ -1.629247094955171, 48.094794788197625 ], [ -1.629246657727827, 48.094794686223352 ], [ -1.629243522351273, 48.094793934329893 ], [ -1.629243087909336, 48.094793827288363 ], [ -1.629239972393572, 48.094793039459141 ], [ -1.62923954061082, 48.094792927445447 ], [ -1.629236446036478, 48.094792103728118 ], [ -1.62923601717323, 48.094791986641901 ], [ -1.629232944376363, 48.094791127364154 ], [ -1.629232518590324, 48.094791005469645 ], [ -1.629229468399118, 48.094790110869333 ], [ -1.629229045808645, 48.094789983981578 ], [ -1.629226019185376, 48.094789054291283 ], [ -1.629225599940303, 48.094788922584677 ], [ -1.629222597721026, 48.094787958132123 ], [ -1.629222181821354, 48.094787821606644 ], [ -1.62921920511031, 48.094786822708969 ], [ -1.629218792816359, 48.094786681264267 ], [ -1.629215842441731, 48.094785648159295 ], [ -1.629215433643018, 48.09478550207016 ], [ -1.629212510440858, 48.094784435085614 ], [ -1.629212105531797, 48.09478428424633 ], [ -1.629209210204065, 48.094783183715194 ], [ -1.629208809326621, 48.094783028210365 ], [ -1.629205942843463, 48.094781894455025 ], [ -1.629205545997636, 48.094781734284645 ], [ -1.629202709329198, 48.09478056762751 ], [ -1.629202316522858, 48.094780402881426 ], [ -1.629199510505193, 48.094779203650212 ], [ -1.629199121880308, 48.094779034412952 ], [ -1.629196347357334, 48.094777803025188 ], [ -1.629195963182093, 48.094777629286227 ], [ -1.629193220855771, 48.094776366074839 ], [ -1.629192841138042, 48.094776187924033 ], [ -1.629190131844421, 48.094774893216723 ], [ -1.629189756852396, 48.094774710643499 ], [ -1.629187081443267, 48.094773384947658 ], [ -1.62918671105072, 48.094773198047093 ], [ -1.629184070354263, 48.094771841600561 ], [ -1.629183704845127, 48.094771650541801 ], [ -1.629181099713131, 48.094770263851935 ], [ -1.629180739071662, 48.094770068455333 ], [ -1.629178170079861, 48.094768651950169 ], [ -1.62917781459786, 48.094768452474661 ], [ -1.6291752825823, 48.094767006481952 ], [ -1.629174932259771, 48.094766802927516 ], [ -1.629172438072243, 48.094765327954562 ], [ -1.629172093043276, 48.094765120315955 ], [ -1.62916963725951, 48.094763616790829 ], [ -1.629169297531976, 48.094763405157892 ], [ -1.629166881137855, 48.094761873582705 ], [ -1.629166546853721, 48.094761658039964 ], [ -1.629164170417105, 48.094760098752957 ], [ -1.629163841718333, 48.094759879384981 ], [ -1.629161505956916, 48.094758292898746 ], [ -1.6291611829776, 48.094758069700262 ], [ -1.62915888847498, 48.094756456532728 ], [ -1.629158571222993, 48.094756229593578 ], [ -1.629156318965052, 48.094754590246794 ], [ -1.629156007582358, 48.094754359651539 ], [ -1.629153797876634, 48.09475269456415 ], [ -1.629153492505196, 48.094752460397338 ], [ -1.629151326203479, 48.094750770076693 ], [ -1.629151026843298, 48.094750532338317 ], [ -1.629148904655406, 48.09474881720719 ], [ -1.629148611456316, 48.094748576071652 ], [ -1.629146533973719, 48.094746836737784 ], [ -1.629146246935722, 48.094746592205098 ], [ -1.629144629627189, 48.094745189119983 ], [ -1.629057029250346, 48.09467665066466 ], [ -1.629056881140761, 48.094676569682754 ], [ -1.62905635126295, 48.094676274844474 ], [ -1.629055996034782, 48.094676073645978 ], [ -1.629055473959267, 48.0946757726418 ], [ -1.629055123890551, 48.094675567364405 ], [ -1.629054609633068, 48.094675260374011 ], [ -1.629054264991996, 48.094675051007165 ], [ -1.629053758836475, 48.094674738199643 ], [ -1.629053419496819, 48.094674524838467 ], [ -1.62905292144326, 48.094674206213817 ], [ -1.629052587807306, 48.09467398884248 ], [ -1.629052098131767, 48.094673664480013 ], [ -1.629051769954935, 48.094673443378575 ], [ -1.62905128879938, 48.09467311336283 ], [ -1.629050966476083, 48.094672888425613 ], [ -1.629050493856253, 48.094672552936245 ], [ -1.629050177394364, 48.094672324253118 ], [ -1.629049713578444, 48.094671983279603 ], [ -1.629049402985828, 48.094671750940357 ], [ -1.629048948131528, 48.094671404746919 ], [ -1.62904864354228, 48.094671168746295 ], [ -1.629048197783691, 48.094670817327646 ], [ -1.629047899213555, 48.094670577845314 ], [ -1.62904746269264, 48.094670221286002 ], [ -1.629047170417671, 48.094669978401249 ], [ -1.629046743142301, 48.094669616791137 ], [ -1.6290464571625, 48.094669370503951 ], [ -1.62904603928251, 48.094669004017412 ], [ -1.629045759739841, 48.094668754412353 ], [ -1.629045351405064, 48.094668383223784 ], [ -1.629045078307396, 48.094668130390701 ], [ -1.629044679651927, 48.094667754494822 ], [ -1.629044413133356, 48.094667498428421 ], [ -1.629044024441122, 48.094667117994369 ], [ -1.629043764525256, 48.094666858964132 ], [ -1.629043385662165, 48.094666473997151 ], [ -1.62904313247523, 48.094666211908034 ], [ -1.629042763598984, 48.094665822672347 ], [ -1.629042517290811, 48.094665557698661 ], [ -1.629042158543374, 48.094665164278844 ], [ -1.629041919113967, 48.09466489642066 ], [ -1.629041570637305, 48.094664498901267 ], [ -1.629041338228624, 48.094664228243097 ], [ -1.629041000030605, 48.094663826713962 ], [ -1.629040774658392, 48.094663553435488 ], [ -1.629040447022945, 48.094663148065713 ], [ -1.629040228553105, 48.094662872172208 ], [ -1.629039911488099, 48.094662463051641 ], [ -1.629039700330787, 48.094662184617128 ], [ -1.629039393986054, 48.094661771920123 ], [ -1.629039189880949, 48.094661491044953 ], [ -1.629038894264362, 48.094661074861399 ], [ -1.629038697621617, 48.094660791619596 ], [ -1.629038412748915, 48.094660372129127 ], [ -1.629038223442306, 48.094660086615797 ], [ -1.629037949589546, 48.09465966389768 ], [ -1.62903776762694, 48.094659376202657 ], [ -1.629037504667899, 48.09465895035202 ], [ -1.629037330191262, 48.094658660559872 ], [ -1.629037078401998, 48.094658231656005 ], [ -1.629036911561164, 48.094657939941087 ], [ -1.629036670831193, 48.094657508258742 ], [ -1.629036511484198, 48.094657214536525 ], [ -1.629036282081705, 48.094656780065172 ], [ -1.629036130386252, 48.094656484599867 ], [ -1.629035912334849, 48.094656047608986 ], [ -1.629035768148975, 48.094655750316036 ], [ -1.629035561448661, 48.094655310805628 ], [ -1.629035425198257, 48.094655011938698 ], [ -1.629035229872642, 48.094654570178257 ], [ -1.629035101281649, 48.094654269658093 ], [ -1.629034917464827, 48.094653825642332 ], [ -1.62903479669095, 48.094653523733143 ], [ -1.629034624406529, 48.094653077731586 ], [ -1.629034511441899, 48.094652774343523 ], [ -1.629034350831844, 48.094652326440709 ], [ -1.629034245700068, 48.094652021843281 ], [ -1.629034096764378, 48.094651572039204 ], [ -1.629033999599551, 48.094651266227139 ], [ -1.629033862235613, 48.0946508148864 ], [ -1.629033773045605, 48.09465050794951 ], [ -1.629033647387512, 48.094650055066865 ], [ -1.629033566180192, 48.094649747094998 ], [ -1.629033452377777, 48.094649292844807 ], [ -1.62903337903479, 48.094648984022875 ], [ -1.629033276953959, 48.094648528410438 ], [ -1.629033211751364, 48.094648218817738 ], [ -1.629033121557691, 48.09464776219707 ], [ -1.629033064361395, 48.09464745183891 ], [ -1.629032986047007, 48.094646994120197 ], [ -1.629032936872749, 48.094646683176194 ], [ -1.629032870469128, 48.094646224718765 ], [ -1.629032829316906, 48.094645913188941 ], [ -1.629032774824052, 48.09464545399279 ], [ -1.629032741843701, 48.094645142051526 ], [ -1.629032699143258, 48.094644682301571 ], [ -1.629032674208554, 48.094644370043987 ], [ -1.62903264358445, 48.094643909909379 ], [ -1.629032626829485, 48.094643597330197 ], [ -1.629032608021403, 48.09464313691128 ], [ -1.629032599327824, 48.094642824195404 ], [ -1.629032592477726, 48.094642363576774 ], [ -1.629032591995366, 48.094642050898614 ], [ -1.629032597118992, 48.094641590259911 ], [ -1.629032604571794, 48.094641277540198 ], [ -1.629032621684882, 48.094640817061077 ], [ -1.629032637364643, 48.094640504558726 ], [ -1.629032666340971, 48.094640044334298 ], [ -1.629032690105726, 48.094639731964762 ], [ -1.629032731095125, 48.09463927216941 ], [ -1.629032762834392, 48.094638960207512 ], [ -1.629032815710639, 48.094638500936327 ], [ -1.629032855684732, 48.094638189281611 ], [ -1.629032920463568, 48.09463773071429 ], [ -1.629032968427911, 48.094637419646816 ], [ -1.629033045117203, 48.094636961873192 ], [ -1.629033101213759, 48.094636651477522 ], [ -1.629033189695155, 48.094636194682494 ], [ -1.629033253781959, 48.094635884874073 ], [ -1.62903335419742, 48.094635429142222 ], [ -1.629033426305955, 48.09463512028038 ], [ -1.629033538537128, 48.094634665796633 ], [ -1.629033618651649, 48.0946343577017 ], [ -1.629033742572309, 48.094633904561157 ], [ -1.629033830716429, 48.094633597502607 ], [ -1.629033966342316, 48.094633145884949 ], [ -1.629034062389809, 48.094632839957946 ], [ -1.629034209728793, 48.094632389952956 ], [ -1.629034313679659, 48.094632085157428 ], [ -1.629034472747479, 48.094631636944825 ], [ -1.629034584617459, 48.094631333460484 ], [ -1.629034755153794, 48.094630887140625 ], [ -1.629034874808793, 48.094630584972712 ], [ -1.629035057097575, 48.094630140714699 ], [ -1.629035184553332, 48.094629840042877 ], [ -1.629035378200146, 48.094629397952367 ], [ -1.629035513456661, 48.094629098776679 ], [ -1.629035718611342, 48.094628659028068 ], [ -1.629035861542392, 48.094628361443554 ], [ -1.629036078078713, 48.094627924131956 ], [ -1.629036228700036, 48.094627628318321 ], [ -1.629036456491777, 48.094627193538798 ], [ -1.629036614811244, 48.094626899585869 ], [ -1.62903685387414, 48.094626467518111 ], [ -1.629037019757655, 48.094626175431145 ], [ -1.629037269965484, 48.094625746170252 ], [ -1.629037443294695, 48.094625456134196 ], [ -1.629037704663197, 48.094625029859834 ], [ -1.629037885572197, 48.094624741869403 ], [ -1.629038157841051, 48.094624318681937 ], [ -1.629038346203615, 48.094624032832243 ], [ -1.629038629380696, 48.094623612821515 ], [ -1.62903882507847, 48.094623329297505 ], [ -1.629039119179511, 48.094622912643153 ], [ -1.629039322204627, 48.09462263135498 ], [ -1.629039627111277, 48.094622218241959 ], [ -1.629039837345378, 48.094621939374562 ], [ -1.629040152789451, 48.094621529813416 ], [ -1.629040370248277, 48.094621253546457 ], [ -1.629040696371734, 48.094620847621741 ], [ -1.629040920921192, 48.094620573960455 ], [ -1.629041257479454, 48.094620171952236 ], [ -1.629041488985451, 48.094619900901961 ], [ -1.62904183597852, 48.094619502810183 ], [ -1.629042074456792, 48.094619234550535 ], [ -1.629042431758444, 48.094618840470332 ], [ -1.629042677082769, 48.09461857509644 ], [ -1.629043044448422, 48.094618185307844 ], [ -1.629043296745026, 48.094617922724581 ], [ -1.629043674174684, 48.094617537227592 ], [ -1.629043933064892, 48.094617277720296 ], [ -1.629044320566423, 48.094616896604748 ], [ -1.629044586050235, 48.094616640173392 ], [ -1.629044983371192, 48.094616263629483 ], [ -1.629045255456479, 48.094616010363914 ], [ -1.629045662462766, 48.094615638396938 ], [ -1.629045941023304, 48.094615388392228 ], [ -1.629046357604439, 48.094615021276937 ], [ -1.629046642632357, 48.094614774443301 ], [ -1.629047068654244, 48.094614412184953 ], [ -1.62904736003906, 48.094614168797143 ], [ -1.629047795375475, 48.094613811490845 ], [ -1.629048092848999, 48.094613571559393 ], [ -1.62904853738159, 48.094613219390091 ], [ -1.629048841077916, 48.094612982909716 ], [ -1.629049294680457, 48.094612635972524 ], [ -1.629049604481232, 48.094612403128188 ], [ -1.629050067019629, 48.09461206142835 ], [ -1.629050382656664, 48.094611832230562 ], [ -1.629050854012564, 48.094611495953039 ], [ -1.629051175627825, 48.094611270486389 ], [ -1.629051655533039, 48.094610939641704 ], [ -1.629051982866205, 48.094610718006557 ], [ -1.629052471336476, 48.094610392774378 ], [ -1.629052804253454, 48.094610174976012 ], [ -1.629053301162555, 48.094609855451452 ], [ -1.629053639537123, 48.09460964158496 ], [ -1.629054144624736, 48.094609327868376 ], [ -1.629054488590987, 48.094609117928485 ], [ -1.629055001730889, 48.094608810114991 ], [ -1.62905535090228, 48.094608604297193 ], [ -1.629055871968249, 48.094608302481888 ], [ -1.629056226471004, 48.094608100691055 ], [ -1.62905675520272, 48.094607804974338 ], [ -1.629057114910616, 48.094607607305583 ], [ -1.629057651315949, 48.094607317777246 ], [ -1.629058015834573, 48.094607124336257 ], [ -1.629058559645337, 48.094606841006872 ], [ -1.629058929250749, 48.094606651872866 ], [ -1.629059480348589, 48.094606374927345 ], [ -1.629059854638507, 48.094606190116195 ], [ -1.629060412755232, 48.094605919565097 ], [ -1.629060791871621, 48.094605739161345 ], [ -1.629061356873141, 48.094605475009942 ], [ -1.629061740555681, 48.094605299113937 ], [ -1.629062312323643, 48.094605041547176 ], [ -1.629062700430369, 48.094604870074377 ], [ -1.629063278846418, 48.09460461927717 ], [ -1.629063671251109, 48.094604452322699 ], [ -1.629064256173281, 48.094604208210484 ], [ -1.629064652749711, 48.094604045869438 ], [ -1.629065243783597, 48.094603808547873 ], [ -1.629065644531767, 48.094603650820233 ], [ -1.629066241685233, 48.094603420379151 ], [ -1.629066646344828, 48.094603267365301 ], [ -1.62906712698485, 48.09460308927968 ], [ -1.629437592982989, 48.094395548979854 ], [ -1.629437693553645, 48.094395459031311 ], [ -1.629437927625675, 48.094395241873322 ], [ -1.629438156082106, 48.09439502205165 ], [ -1.629438378804584, 48.094394799751228 ], [ -1.629438595785238, 48.094394574882237 ], [ -1.629438806763754, 48.094394347545041 ], [ -1.629439011755869, 48.094394117919286 ], [ -1.629439210761588, 48.094393886004987 ], [ -1.629439403780908, 48.094393651802157 ], [ -1.629439590561386, 48.094393415501003 ], [ -1.629439771229241, 48.094393177006395 ], [ -1.629439945673997, 48.094392936593124 ], [ -1.629440113753685, 48.094392694176619 ], [ -1.629440275618141, 48.094392449931263 ], [ -1.629440431133275, 48.094392203862327 ], [ -1.629440580172861, 48.094391956064968 ], [ -1.62944072274477, 48.094391706628933 ], [ -1.629440858856873, 48.094391455644114 ], [ -1.629440988367207, 48.094391203025928 ], [ -1.629441111307254, 48.094390949133711 ], [ -1.629441227661275, 48.094390693787794 ], [ -1.629441337310914, 48.094390437173104 ], [ -1.629441440398138, 48.094390179374201 ], [ -1.629441536796724, 48.094389920486208 ], [ -1.629441626364708, 48.09438966042454 ], [ -1.629441709259794, 48.094389399453448 ], [ -1.629441785355761, 48.09438913766801 ], [ -1.629441854644739, 48.094388874978399 ], [ -1.629441917000502, 48.094388611479729 ], [ -1.629441972714853, 48.094388347430943 ], [ -1.629442021511733, 48.094388082752737 ], [ -1.629442063399012, 48.094387817534987 ], [ -1.629442098384563, 48.094387551867477 ], [ -1.629442126610349, 48.094387285834806 ], [ -1.629442147823923, 48.094387019627135 ], [ -1.629442162151511, 48.094386753149408 ], [ -1.629442169600981, 48.094386486491395 ], [ -1.629442170188076, 48.094386219832849 ], [ -1.629442163786572, 48.094385953268784 ], [ -1.629442150530565, 48.09438568679397 ], [ -1.62944213028596, 48.09438542041368 ], [ -1.629442103210463, 48.094385154392128 ], [ -1.629442069304073, 48.094384888729302 ], [ -1.629442028432698, 48.0943846234305 ], [ -1.629441980746174, 48.094384358670105 ], [ -1.629441926244497, 48.094384094448102 ], [ -1.62944186480932, 48.094383830949411 ], [ -1.629441796566863, 48.094383568078989 ], [ -1.629441721540738, 48.094383306106259 ], [ -1.629441639730946, 48.094383045031257 ], [ -1.629441551137488, 48.094382784853991 ], [ -1.629441455910197, 48.094382525748841 ], [ -1.629441353914981, 48.094382267721066 ], [ -1.629441245167581, 48.094382010950348 ], [ -1.629441129936184, 48.094381755426127 ], [ -1.629441007960473, 48.094381501248776 ], [ -1.629440879382414, 48.094381248502891 ], [ -1.629440744343969, 48.094380997272964 ], [ -1.629440602845141, 48.09438074755905 ], [ -1.629440454759705, 48.094380499456236 ], [ -1.629440393293051, 48.094380401456689 ], [ -1.629397080319635, 48.094345805715697 ], [ -1.629392752995668, 48.094340978571786 ], [ -1.629390864021923, 48.094335491902022 ], [ -1.629391598500107, 48.094329882696293 ], [ -1.629394884380013, 48.094324700038761 ], [ -1.629400400121333, 48.094320451263265 ], [ -1.629407605733944, 48.094317552327396 ], [ -1.629415795846844, 48.094316286965586 ], [ -1.629424168857532, 48.094316778911114 ], [ -1.629431905156998, 48.09431898016674 ], [ -1.629438247426107, 48.09432267523902 ], [ -1.629483683446033, 48.094358966677127 ], [ -1.629484131432707, 48.094359466377817 ], [ -1.629484749836194, 48.094359876267951 ], [ -1.629484987327898, 48.094360092821461 ], [ -1.629485088219501, 48.094360181608806 ], [ -1.629485191556557, 48.094360269128153 ], [ -1.629485297086621, 48.094360355569734 ], [ -1.629485404928045, 48.094360440748616 ], [ -1.629485515088699, 48.094360524754599 ], [ -1.629485627560714, 48.094360607497876 ], [ -1.629485742068033, 48.094360688899158 ], [ -1.629485858752618, 48.094360769042993 ], [ -1.62948597759873, 48.094360847749726 ], [ -1.629486098622106, 48.094360925199034 ], [ -1.629486221538823, 48.094361001221756 ], [ -1.629486346617063, 48.094361075807406 ], [ -1.629486473596514, 48.094361149056311 ], [ -1.629486602587656, 48.094361220693727 ], [ -1.629486733480006, 48.094361290994428 ], [ -1.629486866249954, 48.094361359688904 ], [ -1.629487000771277, 48.094361426872283 ], [ -1.629487137178067, 48.094361492539264 ], [ -1.629487275328363, 48.094361556605314 ], [ -1.629487415088067, 48.094361619075663 ], [ -1.629487556591275, 48.094361679945081 ], [ -1.629487699703894, 48.094361739218826 ], [ -1.629487844410183, 48.094361796717237 ], [ -1.629487990591788, 48.094361852625241 ], [ -1.629488138374932, 48.094361906847752 ], [ -1.62948828749143, 48.094361959395314 ], [ -1.629488438067503, 48.094362010172787 ], [ -1.629488590103152, 48.094362059180213 ], [ -1.629488743330189, 48.094362106428143 ], [ -1.629488897882709, 48.094362151911241 ], [ -1.629489053492524, 48.094362195640137 ], [ -1.629489210419951, 48.094362237514389 ], [ -1.629489368396802, 48.094362277544569 ], [ -1.629489527557172, 48.094362315725405 ], [ -1.629489687640743, 48.09436235215729 ], [ -1.629489848631775, 48.094362386660514 ], [ -1.629490010672232, 48.09436241931968 ], [ -1.629490173486057, 48.094362450055471 ], [ -1.629490337073246, 48.094362478867893 ], [ -1.629490501575769, 48.094362505841552 ], [ -1.629490666583472, 48.094362530902373 ], [ -1.629490832490763, 48.094362553944727 ], [ -1.629490998777015, 48.09436257516937 ], [ -1.629491165828761, 48.094362594380847 ], [ -1.629491333251594, 48.094362611684744 ], [ -1.629491501045516, 48.094362627081125 ], [ -1.629491669328875, 48.094362640385022 ], [ -1.629491837991192, 48.094362651871201 ], [ -1.629492006874761, 48.094362661275447 ], [ -1.629492176129419, 48.094362668772177 ], [ -1.629492345345011, 48.094362674287346 ], [ -1.629492514789727, 48.094362677810402 ], [ -1.629492684337341, 48.094362679436443 ], [ -1.629492853838022, 48.094362678991132 ], [ -1.629493023433734, 48.09436267655898 ], [ -1.629493192730065, 48.094362672245659 ], [ -1.629493361987332, 48.094362665950783 ], [ -1.629493531063569, 48.094362657589762 ], [ -1.629493699840429, 48.094362647347616 ], [ -1.629493868310037, 48.094362635134431 ], [ -1.629494036464524, 48.094362620860402 ], [ -1.629494204185538, 48.094362604710483 ], [ -1.629494371465207, 48.094362586594805 ], [ -1.62949453817731, 48.094362566608524 ], [ -1.629494704306105, 48.094362544571922 ], [ -1.629494869867332, 48.094362520664689 ], [ -1.629495034726902, 48.094362494892124 ], [ -1.629495198734974, 48.094362467079804 ], [ -1.629495362049258, 48.094362437491924 ], [ -1.629495524519919, 48.094362405954158 ], [ -1.629495686154826, 48.09436237255629 ], [ -1.629495846812014, 48.094362337213774 ], [ -1.629496006507227, 48.094362300106283 ], [ -1.6294961650985, 48.094362261149243 ], [ -1.629496322712056, 48.094362220247568 ], [ -1.629496479103321, 48.094362177681283 ], [ -1.629496634248679, 48.094362133180901 ], [ -1.62949678830584, 48.094362087010623 ], [ -1.629496940990873, 48.094362039001346 ], [ -1.629497092445745, 48.094361989237669 ], [ -1.629497242402268, 48.094361937730071 ], [ -1.629497391002404, 48.094361884563156 ], [ -1.629497538104191, 48.094361829652328 ], [ -1.62949768370763, 48.094361772997622 ], [ -1.629497827694366, 48.094361714783965 ], [ -1.629497970182754, 48.094361654826393 ], [ -1.629498012172895, 48.094361636499279 ], [ -1.629588430908859, 48.094310883690731 ], [ -1.629588712651062, 48.09431072225766 ], [ -1.629589067717359, 48.094310522335824 ], [ -1.629589545766181, 48.094310257905036 ], [ -1.629620773191012, 48.094292729682699 ], [ -1.629680595608653, 48.094257294654327 ], [ -1.629680814975588, 48.094257166141276 ], [ -1.62980946415227, 48.094182612462788 ], [ -1.629810629724816, 48.094181974314225 ], [ -1.629813132392276, 48.094180680725657 ], [ -1.629815422866575, 48.094179454703678 ], [ -1.629817681597302, 48.094178202707532 ], [ -1.629819907953351, 48.094176925212714 ], [ -1.629822101287868, 48.094175622515095 ], [ -1.629824260977619, 48.094174295180039 ], [ -1.629826386494102, 48.094172943318441 ], [ -1.629828476953766, 48.094171567596057 ], [ -1.629830532104167, 48.094170168203092 ], [ -1.629832551046015, 48.094168745625609 ], [ -1.629834533416388, 48.094167300328607 ], [ -1.629836478442213, 48.094165832702998 ], [ -1.629838385618606, 48.094164343129258 ], [ -1.629840254582646, 48.094162832072307 ], [ -1.629842084569134, 48.094161300013006 ], [ -1.629843875073185, 48.09415974733173 ], [ -1.629845625597788, 48.094158174498737 ], [ -1.629847335787892, 48.094156582068813 ], [ -1.629849004862556, 48.094154970343126 ], [ -1.629850632600827, 48.094153339871184 ], [ -1.62985221837947, 48.094151691218379 ], [ -1.629853761819822, 48.094150024669986 ], [ -1.629855262440616, 48.094148340875918 ], [ -1.629856719736968, 48.094146640216607 ], [ -1.629858133487926, 48.094144923241601 ], [ -1.629859503070253, 48.094143190516199 ], [ -1.629860828247254, 48.094141442410333 ], [ -1.629862108395699, 48.094139679489331 ], [ -1.629863343428724, 48.094137902297454 ], [ -1.62986453284932, 48.094136111304948 ], [ -1.629865676302442, 48.094134307066625 ], [ -1.629866773567134, 48.094132490132004 ], [ -1.629867824272609, 48.094130660876253 ], [ -1.629868827945472, 48.094128820039103 ], [ -1.62986978449099, 48.094126968074981 ], [ -1.629870693680339, 48.094125105443595 ], [ -1.629871555032254, 48.094123232794836 ], [ -1.629872368452001, 48.094121350583158 ], [ -1.629873133726504, 48.094119459447917 ], [ -1.629873850626934, 48.094117559848812 ], [ -1.629874518806121, 48.094115652430474 ], [ -1.629875186887771, 48.09411358727008 ], [ -1.62987553608622, 48.094112634003373 ], [ -1.630099368729335, 48.093566464623507 ], [ -1.630111335820118, 48.093536728596412 ], [ -1.630111119461551, 48.093536151281747 ], [ -1.630110857817122, 48.093535500931381 ], [ -1.630110579623839, 48.093534853665624 ], [ -1.630110284755484, 48.093534209579616 ], [ -1.630109973511725, 48.093533569022085 ], [ -1.630109645892563, 48.093532931993046 ], [ -1.630109301795396, 48.09353229885712 ], [ -1.630108941630368, 48.093531669688289 ], [ -1.630108565287004, 48.093531044761335 ], [ -1.630108173041357, 48.093530424155531 ], [ -1.630107764775083, 48.093529808055813 ], [ -1.630107340779977, 48.093529196721143 ], [ -1.630106901205876, 48.09352859032591 ], [ -1.630106446068522, 48.09352798904974 ], [ -1.630105975509878, 48.093527392977229 ], [ -1.630105489813873, 48.093526802277495 ], [ -1.630104988877899, 48.093526217315087 ], [ -1.630104473104233, 48.093525638074226 ], [ -1.630103942374526, 48.093525064739836 ], [ -1.630103397114668, 48.093524497565596 ], [ -1.630102837206311, 48.093523936736432 ], [ -1.630102263059599, 48.09352338232636 ], [ -1.630101674690278, 48.093522834515035 ], [ -1.630101072382272, 48.093522293471587 ], [ -1.630100456151325, 48.093521759375648 ], [ -1.630099826415454, 48.093521232391097 ], [ -1.630099183048441, 48.093520712613014 ], [ -1.630098526476173, 48.093520200295075 ], [ -1.630097856706522, 48.093519695527114 ], [ -1.630097174149634, 48.093519198383142 ], [ -1.630096478829122, 48.093518709132645 ], [ -1.630096036716236, 48.093518408503847 ], [ -1.629931352278192, 48.093509942465168 ], [ -1.629928093567005, 48.09350996740578 ], [ -1.629923879492843, 48.093510047223695 ], [ -1.629919668099754, 48.093510174530245 ], [ -1.629915460476199, 48.093510349462882 ], [ -1.629911257955207, 48.093510571879065 ], [ -1.629907061601624, 48.093510841646761 ], [ -1.629902872764222, 48.093511158803082 ], [ -1.629898692507846, 48.093511523216002 ], [ -1.629894522173398, 48.093511934832783 ], [ -1.629890362817854, 48.093512393431602 ], [ -1.629886215648021, 48.093512898964981 ], [ -1.62988208198906, 48.093513451200543 ], [ -1.629877962913687, 48.093514050096076 ], [ -1.629873859478878, 48.093514695429789 ], [ -1.629869773136015, 48.093515386874138 ], [ -1.629867825743024, 48.093515740007149 ], [ -1.62986534709179, 48.093516530301066 ], [ -1.629864929684735, 48.093516660563218 ], [ -1.629860224916271, 48.093518095017515 ], [ -1.629859804252485, 48.093518220359861 ], [ -1.629855063383927, 48.093519600616872 ], [ -1.629854639471283, 48.093519721129226 ], [ -1.629849863812073, 48.093521046776885 ], [ -1.629849437052846, 48.09352116244343 ], [ -1.629844627920294, 48.093522433159528 ], [ -1.629844198298741, 48.093522543800603 ], [ -1.62983935727047, 48.093523759162508 ], [ -1.629838924802335, 48.09352386495776 ], [ -1.629834053187786, 48.093525024553422 ], [ -1.629833618125512, 48.093525125312674 ], [ -1.629828717518052, 48.093526228899158 ], [ -1.62982827999573, 48.093526324617109 ], [ -1.629823351704799, 48.093527371782351 ], [ -1.62982291172243, 48.093527462459022 ], [ -1.629817957207305, 48.09352845296533 ], [ -1.629817515167166, 48.093528538584884 ], [ -1.629812535879253, 48.093529472104784 ], [ -1.629812091647252, 48.093529552672507 ], [ -1.629807089172047, 48.093530428873215 ], [ -1.629806642882277, 48.093530504383828 ], [ -1.629801618686928, 48.093531323117517 ], [ -1.629801170591833, 48.093531393380815 ], [ -1.629796125993655, 48.093532154325239 ], [ -1.629795676243067, 48.093532219515602 ], [ -1.62979061270134, 48.093532922433099 ], [ -1.62979016142148, 48.093532982455415 ], [ -1.629785080679406, 48.093533627277445 ], [ -1.629784627862407, 48.093533682041915 ], [ -1.629779531237301, 48.093534268446227 ], [ -1.629779077025126, 48.093534318037392 ], [ -1.629773966118231, 48.093534845870906 ], [ -1.629773510913155, 48.093534890272934 ], [ -1.629768387057527, 48.093535359393066 ], [ -1.629767930717589, 48.093535398521411 ], [ -1.629762795656434, 48.093535808859606 ], [ -1.62976233844982, 48.093535842703723 ], [ -1.629757193508325, 48.093536194027614 ], [ -1.629756735442906, 48.093536222677315 ], [ -1.629751582364278, 48.093536514918341 ], [ -1.629751123566274, 48.093536538278528 ], [ -1.629745963691442, 48.093536771383953 ], [ -1.629745504436911, 48.093536789533928 ], [ -1.629740339374987, 48.093536963440471 ], [ -1.62973987978228, 48.093536976195281 ], [ -1.629734710874196, 48.093537090850198 ], [ -1.629734250959056, 48.09353709838954 ], [ -1.629729079940147, 48.093537153634465 ], [ -1.629728619970756, 48.093537155947757 ], [ -1.629723448331785, 48.09353715190435 ], [ -1.629722988300276, 48.09353714890176 ], [ -1.629717817516266, 48.093537085512025 ], [ -1.629717357564602, 48.093537077278128 ], [ -1.629712189252537, 48.093536954568606 ], [ -1.629711729641032, 48.093536941003009 ], [ -1.629706565157584, 48.093536759100637 ], [ -1.629706105894111, 48.093536740293203 ], [ -1.629700946848396, 48.093536499134714 ], [ -1.629700488193266, 48.093536474985029 ], [ -1.629695336076047, 48.093536174692069 ], [ -1.629694878179096, 48.093536145374536 ], [ -1.629689734473266, 48.093535785978943 ], [ -1.629689277326625, 48.093535751403735 ], [ -1.629684143799001, 48.093535333106452 ], [ -1.629683687536764, 48.09353529326831 ], [ -1.629678565402057, 48.093534816111692 ], [ -1.629678110292406, 48.093534771000051 ], [ -1.62967300118334, 48.093534235190354 ], [ -1.629672547234148, 48.09353418489502 ], [ -1.62966745276771, 48.093533590458797 ], [ -1.62966700011307, 48.093533534974547 ], [ -1.629661921669541, 48.093532882308203 ], [ -1.629661470443545, 48.093532821629744 ], [ -1.629656409497949, 48.093532110675291 ], [ -1.629655959976655, 48.093532044881911 ], [ -1.629650918043363, 48.093531276030475 ], [ -1.6296504702189, 48.093531205032349 ], [ -1.629645448788678, 48.093530378405646 ], [ -1.629645002803008, 48.093530302287306 ], [ -1.629640003390231, 48.093529418276461 ], [ -1.629639559511538, 48.093529337027384 ], [ -1.629634583472876, 48.093528395759328 ], [ -1.629634141701162, 48.093528309379508 ], [ -1.629629190677208, 48.093527311150318 ], [ -1.629628751028217, 48.093527219819421 ], [ -1.629623826391382, 48.093526164935668 ], [ -1.629623389251648, 48.093526068458218 ], [ -1.629618492374344, 48.093524957226528 ], [ -1.629618057759608, 48.093524855782178 ], [ -1.629613190290299, 48.093523688588405 ], [ -1.629612758200563, 48.093523582177134 ], [ -1.629607921369696, 48.093522359243345 ], [ -1.629607492073145, 48.093522247854644 ], [ -1.629602687537053, 48.093520969656545 ], [ -1.629602261041558, 48.093520853380227 ], [ -1.629597490046431, 48.093519520319511 ], [ -1.629597066612304, 48.093519399055211 ], [ -1.629592330664642, 48.093518011433233 ], [ -1.629591910307629, 48.093517885360605 ], [ -1.629587210653618, 48.093516443579034 ], [ -1.629586793649769, 48.093516312777368 ], [ -1.629582131803779, 48.09351481722738 ], [ -1.629581718011138, 48.09351468161212 ], [ -1.629577095369188, 48.093513132869802 ], [ -1.629576685197895, 48.093512992514945 ], [ -1.629572102998302, 48.093511390892189 ], [ -1.629571696456232, 48.093511245887584 ], [ -1.629567156095012, 48.093509591960469 ], [ -1.629566753174294, 48.093509442216266 ], [ -1.629562256039595, 48.093507736471068 ], [ -1.629561857158245, 48.093507582151133 ], [ -1.629557404504121, 48.093505825079362 ], [ -1.62955700952018, 48.093505666099126 ], [ -1.629552602742647, 48.093503858276897 ], [ -1.629546209799223, 48.093500202703424 ], [ -1.629541816009133, 48.09349540260618 ], [ -1.629539851397389, 48.093489927834497 ], [ -1.629540508234343, 48.093484314285142 ], [ -1.629543722454695, 48.093479111540077 ], [ -1.629549179142095, 48.093474828746821 ], [ -1.62955634426286, 48.093471885235694 ], [ -1.629564516472044, 48.09347056909133 ], [ -1.629572895701668, 48.093471009126283 ], [ -1.62958066199191, 48.093473162406518 ], [ -1.629584872254225, 48.093474889617518 ], [ -1.629588927840059, 48.093476490043578 ], [ -1.629593024001094, 48.093478043713553 ], [ -1.629597159617372, 48.093479550130674 ], [ -1.629601333442708, 48.0934810088932 ], [ -1.629605544238794, 48.093482419689252 ], [ -1.629609790601742, 48.093483781852946 ], [ -1.629614071577164, 48.093485095241491 ], [ -1.629618385634952, 48.093486359284093 ], [ -1.629622731670885, 48.093487573663573 ], [ -1.629627108304687, 48.093488737983542 ], [ -1.629631514298044, 48.093489851932105 ], [ -1.629635948286422, 48.093490915292506 ], [ -1.629640409007893, 48.093491927483377 ], [ -1.629644895247755, 48.093492888462357 ], [ -1.62964940549164, 48.093493797838242 ], [ -1.629653938501232, 48.093494655299203 ], [ -1.629658492919865, 48.093495460718295 ], [ -1.629663067367263, 48.09349621369909 ], [ -1.629667660620847, 48.093496914109387 ], [ -1.629672271181992, 48.093497561737678 ], [ -1.629676897694033, 48.093498156457045 ], [ -1.629681538910779, 48.093498697865769 ], [ -1.629686193365086, 48.093499186111707 ], [ -1.629690859810764, 48.093499620793125 ], [ -1.629695536630836, 48.093500001883498 ], [ -1.629700222610598, 48.093500329340451 ], [ -1.629704916377638, 48.093500602857347 ], [ -1.629709616464812, 48.093500822582072 ], [ -1.629714321515452, 48.093500988387646 ], [ -1.62971903017289, 48.093501100147193 ], [ -1.629723740954239, 48.09350115782884 ], [ -1.629728452526444, 48.093501161575141 ], [ -1.629733163524967, 48.093501111169367 ], [ -1.629737872616751, 48.093501006754046 ], [ -1.62974257819269, 48.093500848392502 ], [ -1.629747279030207, 48.093500635952495 ], [ -1.629751973811991, 48.093500369756249 ], [ -1.629756660905319, 48.093500049597537 ], [ -1.629761339126971, 48.093499675793367 ], [ -1.62976600700193, 48.093499248401685 ], [ -1.629770663055181, 48.093498767480504 ], [ -1.629775306229724, 48.093498233251694 ], [ -1.62977993492432, 48.093497645868361 ], [ -1.629784547671829, 48.093497005478334 ], [ -1.629789143407376, 48.09349631221361 ], [ -1.629793720537599, 48.093495566317173 ], [ -1.629798277745186, 48.093494768111213 ], [ -1.629802813689216, 48.093493917648502 ], [ -1.629807327194341, 48.093493015335774 ], [ -1.629811816667197, 48.093492061416008 ], [ -1.629816280916695, 48.093491056116314 ], [ -1.629820718625526, 48.09348999975893 ], [ -1.629825128610473, 48.093488892660794 ], [ -1.629829509286044, 48.09348773515466 ], [ -1.629833859469027, 48.093486527557531 ], [ -1.629838177984073, 48.093485270276176 ], [ -1.629842463513875, 48.093483963632806 ], [ -1.629846922742744, 48.093482541719446 ], [ -1.629851450633877, 48.093481419707587 ], [ -1.629855956289074, 48.093480602884448 ], [ -1.629856394525296, 48.093480526067793 ], [ -1.629860920118924, 48.093479760201056 ], [ -1.629861360270924, 48.093479688356908 ], [ -1.62986590461192, 48.093478973673676 ], [ -1.629866346545611, 48.09347890680732 ], [ -1.62987090831669, 48.093478243629804 ], [ -1.62987135176389, 48.093478181751806 ], [ -1.62987592975825, 48.093477570127483 ], [ -1.62987637472683, 48.093477513327628 ], [ -1.629880967485223, 48.093476953494168 ], [ -1.629881413699133, 48.093476901693194 ], [ -1.629886020022626, 48.093476393787874 ], [ -1.629886467481867, 48.093476346985788 ], [ -1.629891086045307, 48.093475891240999 ], [ -1.62989153462366, 48.093475849532872 ], [ -1.629896163944191, 48.093475445916802 ], [ -1.629896613507565, 48.093475409307949 ], [ -1.629901252394123, 48.093475058047694 ], [ -1.629901702942522, 48.093475026538094 ], [ -1.629906350062083, 48.093474727776233 ], [ -1.629906801185364, 48.093474701291889 ], [ -1.62991145518916, 48.093474454991309 ], [ -1.629911907037156, 48.093474433706582 ], [ -1.629916566592166, 48.093474240009854 ], [ -1.629917018746863, 48.093474223760921 ], [ -1.629921682646281, 48.093474082715517 ], [ -1.629922135249645, 48.093474071586918 ], [ -1.629926802018486, 48.093473983250853 ], [ -1.629927254794463, 48.093473977163299 ], [ -1.629931923091831, 48.093473941589274 ], [ -1.629933099261763, 48.093474057227773 ], [ -1.629934284708548, 48.093473993121741 ], [ -1.63010300335927, 48.093482666648327 ], [ -1.630104566622414, 48.093482215491704 ], [ -1.630106194358639, 48.093481723129202 ], [ -1.630107808886335, 48.093481212086196 ], [ -1.630109409929446, 48.093480682283385 ], [ -1.630110996849, 48.093480134106493 ], [ -1.630112569234854, 48.093479567481488 ], [ -1.630114126582127, 48.093478982788795 ], [ -1.630115668370199, 48.093478380229143 ], [ -1.630117194188925, 48.093477759728586 ], [ -1.630118703675386, 48.093477121752031 ], [ -1.630120196293222, 48.09347646632061 ], [ -1.630121671529679, 48.093475793724913 ], [ -1.630123128998227, 48.093475104160412 ], [ -1.630124568304468, 48.093474397732756 ], [ -1.630125988943518, 48.093473674822363 ], [ -1.63012739038689, 48.093472935540163 ], [ -1.630128772516231, 48.09347218007111 ], [ -1.630130134558484, 48.093471408806124 ], [ -1.63013147638743, 48.09347062184036 ], [ -1.630132797490319, 48.093469819464389 ], [ -1.630134097480622, 48.093469001873657 ], [ -1.630135375987551, 48.093468169443369 ], [ -1.630136632482614, 48.093467322284411 ], [ -1.630137866721246, 48.093466460676829 ], [ -1.630139078332661, 48.093465584995791 ], [ -1.630140267056547, 48.093464695341645 ], [ -1.630140351087346, 48.093464630110333 ], [ -1.630184968783545, 48.093353762484846 ], [ -1.630191071773257, 48.093338597439853 ], [ -1.630191279501169, 48.093338108911148 ], [ -1.630192854925317, 48.093334592044577 ], [ -1.630192993950399, 48.093334291456721 ], [ -1.630194661041046, 48.093330793430013 ], [ -1.630194807882454, 48.093330494517865 ], [ -1.630196566071459, 48.093327016525215 ], [ -1.630196720595102, 48.093326719293998 ], [ -1.630198569432678, 48.09332326234464 ], [ -1.63019873166217, 48.093322967063884 ], [ -1.630200670422472, 48.09331953208774 ], [ -1.630200840357812, 48.093319238757438 ], [ -1.630202868472709, 48.093315826948704 ], [ -1.630203046121765, 48.093315535658675 ], [ -1.630205162999502, 48.093312147942001 ], [ -1.630205348109837, 48.093311858882466 ], [ -1.630207553308501, 48.093308496356919 ], [ -1.630207745872242, 48.093308209438042 ], [ -1.630210038539773, 48.093304873128652 ], [ -1.630210238580534, 48.093304588619944 ], [ -1.630212617857004, 48.093301279461961 ], [ -1.630212825374783, 48.093300997363407 ], [ -1.630215290818276, 48.093297716455879 ], [ -1.630215505544891, 48.093297436778002 ], [ -1.630218056169263, 48.093294185151258 ], [ -1.630218278254546, 48.093293908068489 ], [ -1.630220913468048, 48.093290686647187 ], [ -1.630221142651691, 48.093290412259861 ], [ -1.630223861594397, 48.093287221979253 ], [ -1.630224097876399, 48.093286950287386 ], [ -1.630226899696252, 48.093283792172485 ], [ -1.630227142958266, 48.093283523361038 ], [ -1.630230026937306, 48.093280398431631 ], [ -1.630230277179329, 48.093280132500574 ], [ -1.630233242315667, 48.093277041607337 ], [ -1.630233499411481, 48.093276778651784 ], [ -1.630236544718976, 48.093273722825025 ], [ -1.63023680867645, 48.093273462934803 ], [ -1.630239933287308, 48.093270443019911 ], [ -1.630240203980224, 48.093270186290127 ], [ -1.630243407034521, 48.093267203222325 ], [ -1.63024368420257, 48.09326694975335 ], [ -1.630246964706295, 48.09326400447312 ], [ -1.630247248491438, 48.093263754349522 ], [ -1.630250605442706, 48.093260847707533 ], [ -1.630250895576763, 48.093260600939864 ], [ -1.630254327973695, 48.093257733786793 ], [ -1.630254624464535, 48.093257490464858 ], [ -1.630258131186901, 48.093254663836277 ], [ -1.630258434042399, 48.093254424049938 ], [ -1.630262013938484, 48.093251638622114 ], [ -1.630262322898326, 48.093251402471722 ], [ -1.630265975108216, 48.093248659179899 ], [ -1.630266290172404, 48.093248426665454 ], [ -1.630270013426037, 48.093245726370846 ], [ -1.630270334334263, 48.093245497592733 ], [ -1.63027412762976, 48.093242841145972 ], [ -1.630274454523987, 48.093242616188746 ], [ -1.630278316441457, 48.093240004276673 ], [ -1.630278649187592, 48.093239783145613 ], [ -1.630282578733033, 48.093237216708701 ], [ -1.630282917070768, 48.093236999504185 ], [ -1.630286913092467, 48.093234479218729 ], [ -1.630287257029676, 48.093234266030585 ], [ -1.630291318249708, 48.093231792667936 ], [ -1.63029166766017, 48.093231583591269 ], [ -1.6302957929347, 48.093229157917548 ], [ -1.630296147550234, 48.093228952962903 ], [ -1.630300335593465, 48.093226575659649 ], [ -1.630300695556035, 48.093226374911573 ], [ -1.630304944955951, 48.093224046755466 ], [ -1.630305310005248, 48.093223850314359 ], [ -1.630309619483924, 48.093221572076736 ], [ -1.630309989612079, 48.093221379852743 ], [ -1.630314358017813, 48.093219152209898 ], [ -1.630314733106477, 48.093218964387972 ], [ -1.63031915900364, 48.093216787847055 ], [ -1.630319538792508, 48.093216604527562 ], [ -1.63032402077696, 48.093214479955058 ], [ -1.630324405258157, 48.093214301048178 ], [ -1.630328942170326, 48.093212229030549 ], [ -1.630329331217636, 48.093212054631366 ], [ -1.630333921495676, 48.093210035770831 ], [ -1.630334314982882, 48.09320986597448 ], [ -1.630336816493932, 48.093208807053081 ], [ -1.630341671766832, 48.09320576783491 ], [ -1.630348103313101, 48.093201601520988 ], [ -1.630354427142004, 48.093197362192683 ], [ -1.630360641360263, 48.093193051276536 ], [ -1.630366744050995, 48.093188669929695 ], [ -1.630372733581237, 48.093184219478346 ], [ -1.630378608049852, 48.093179701259238 ], [ -1.630384365681919, 48.093175116514033 ], [ -1.630390004986446, 48.093170466653483 ], [ -1.630395524330482, 48.093165753003831 ], [ -1.630400921954859, 48.09316097698634 ], [ -1.630406196226625, 48.093156139927281 ], [ -1.630411345804635, 48.093151243411754 ], [ -1.63041636891398, 48.093146288681424 ], [ -1.630421264339733, 48.093141277226373 ], [ -1.63042603060666, 48.093136210636985 ], [ -1.630430666223785, 48.093131090324057 ], [ -1.630435169842094, 48.093125917782892 ], [ -1.630439540246669, 48.093120694503554 ], [ -1.630443776088501, 48.093115421981359 ], [ -1.630447876034328, 48.093110101891284 ], [ -1.630451839011194, 48.093104735807948 ], [ -1.630455663930408, 48.093099325126275 ], [ -1.630459349458711, 48.093093871521255 ], [ -1.630462894665117, 48.093088376652069 ], [ -1.63046629861077, 48.093082842088023 ], [ -1.630469559954545, 48.093077269414273 ], [ -1.630472678033641, 48.093071660279456 ], [ -1.630475651917078, 48.093066016342689 ], [ -1.630478188299134, 48.093060925859611 ], [ -1.630489806847746, 48.093028607339939 ], [ -1.63048990350716, 48.093028346907914 ], [ -1.630502527128911, 48.092995398704609 ], [ -1.630502629656402, 48.092995139213585 ], [ -1.63051598549922, 48.092962320044613 ], [ -1.630516093776431, 48.092962061679522 ], [ -1.630530178974625, 48.092929378778436 ], [ -1.630533744871355, 48.092924279891029 ], [ -1.630539488271032, 48.092920168843754 ], [ -1.630546846753241, 48.092917447970329 ], [ -1.630555100264433, 48.092916383652707 ], [ -1.630563440666871, 48.092917080059088 ], [ -1.630571051577955, 48.092919468972731 ], [ -1.630577188088362, 48.092923316662088 ], [ -1.630581249505026, 48.092928246349061 ], [ -1.630582838193984, 48.092933775556425 ], [ -1.630581798813311, 48.092939363060282 ], [ -1.63056776909212, 48.09297191713889 ], [ -1.630554518677252, 48.093004477340514 ], [ -1.630541994615885, 48.093037165635195 ], [ -1.630530153072811, 48.093070105166667 ], [ -1.630529517562212, 48.093071589628806 ], [ -1.630526542934745, 48.093077559725131 ], [ -1.630526393083995, 48.09307785190552 ], [ -1.630523265773714, 48.093083787083081 ], [ -1.630523108635094, 48.093084077476881 ], [ -1.630519829699188, 48.093089975981385 ], [ -1.630519665130736, 48.093090264504042 ], [ -1.630516235366087, 48.093096124681622 ], [ -1.630516063494019, 48.093096411238022 ], [ -1.630512483957818, 48.093102231334427 ], [ -1.630512304774255, 48.093102515834701 ], [ -1.63050857666566, 48.093108294180212 ], [ -1.63050839016273, 48.093108576534576 ], [ -1.630504514538933, 48.093114311374904 ], [ -1.630504320842852, 48.093114591488238 ], [ -1.630500298768923, 48.093120281158953 ], [ -1.630500098013778, 48.093120559025969 ], [ -1.630495930562661, 48.093126201952494 ], [ -1.630495722732707, 48.093126477393533 ], [ -1.630491411363872, 48.093132071805769 ], [ -1.630491196459107, 48.093132344820859 ], [ -1.630486742237627, 48.093137889054319 ], [ -1.630486520526229, 48.093138159632865 ], [ -1.630481924793234, 48.093143652102448 ], [ -1.630481696117496, 48.093143919980278 ], [ -1.630476960356078, 48.09314935918534 ], [ -1.630476724984176, 48.093149624351874 ], [ -1.630471850385637, 48.093155008532925 ], [ -1.630471608183482, 48.093155270993435 ], [ -1.630466596499096, 48.09316059863928 ], [ -1.630466347585031, 48.093160858208854 ], [ -1.63046120002972, 48.09316612782947 ], [ -1.630460944537834, 48.093166384502815 ], [ -1.630455662578956, 48.09317159441791 ], [ -1.630455400635466, 48.093171848099914 ], [ -1.630449985898085, 48.093176996893483 ], [ -1.630449717495119, 48.093177247494332 ], [ -1.630444171588561, 48.093182333570645 ], [ -1.630443896852334, 48.093182580995226 ], [ -1.630438221401669, 48.093187602938229 ], [ -1.630437940466271, 48.093187847181262 ], [ -1.630432137088702, 48.09319280348511 ], [ -1.630431849946261, 48.093193044456783 ], [ -1.630425920393082, 48.093197933610305 ], [ -1.630425627035724, 48.093198171220749 ], [ -1.630419573073974, 48.09320299189249 ], [ -1.63041927376988, 48.09320322613118 ], [ -1.630413097150858, 48.093207976809957 ], [ -1.630412791884284, 48.093208207497248 ], [ -1.630406494375035, 48.093212886851575 ], [ -1.630406183422031, 48.093213114066721 ], [ -1.630399766781731, 48.093217720675305 ], [ -1.630399449992463, 48.093217944243911 ], [ -1.630392916264217, 48.093222476854557 ], [ -1.630392593898993, 48.09322269667625 ], [ -1.63038594498394, 48.093227153952149 ], [ -1.630385617042763, 48.093227370026966 ], [ -1.630378854834177, 48.093231750541555 ], [ -1.630378521451135, 48.093231962864195 ], [ -1.63037164786591, 48.093236265460376 ], [ -1.630367656832964, 48.093238329801835 ], [ -1.630363212466884, 48.09324021113936 ], [ -1.630359013458679, 48.093242057948068 ], [ -1.630354863376561, 48.093243953311088 ], [ -1.630350763387976, 48.093245896731794 ], [ -1.630346714920683, 48.093247887613238 ], [ -1.630342719134258, 48.093249925368958 ], [ -1.630338777172532, 48.093252009232828 ], [ -1.63033489034492, 48.093254138792815 ], [ -1.630331059787381, 48.093256313192974 ], [ -1.630327286525406, 48.09325853185215 ], [ -1.630323571986755, 48.093260794173311 ], [ -1.630319917039212, 48.093263099311116 ], [ -1.630316322976447, 48.093265446673826 ], [ -1.630312790808208, 48.093267835500598 ], [ -1.630309321552114, 48.093270265120445 ], [ -1.630305916352006, 48.093272734767261 ], [ -1.63030257620976, 48.093275243590384 ], [ -1.63029930215087, 48.093277791008639 ], [ -1.630296095169341, 48.09328037608153 ], [ -1.630292956282799, 48.093282998138051 ], [ -1.63028988635116, 48.09328565624299 ], [ -1.630286886257958, 48.093288349730642 ], [ -1.630283957139165, 48.093291077745022 ], [ -1.630281099586521, 48.093293839361507 ], [ -1.630278314743868, 48.093296633813971 ], [ -1.63027560334491, 48.093299460262266 ], [ -1.630272966123348, 48.093302317866332 ], [ -1.630270404073197, 48.093305205685631 ], [ -1.630268109471118, 48.093307898017954 ], [ -1.630268685026867, 48.093307832835649 ], [ -1.630269141981427, 48.093307783855785 ], [ -1.630270531001359, 48.093307642962642 ], [ -1.63027098908294, 48.093307599166579 ], [ -1.630272381665263, 48.09330747435861 ], [ -1.630272840755522, 48.093307435931315 ], [ -1.630274236356002, 48.09330732713979 ], [ -1.630274696447064, 48.09330729399143 ], [ -1.630276094537215, 48.093307201327264 ], [ -1.630276555368773, 48.093307173558195 ], [ -1.630277955680412, 48.093307097031953 ], [ -1.630278417236724, 48.09330707446253 ], [ -1.630279819375454, 48.093307014179835 ], [ -1.630280281269992, 48.093306997005563 ], [ -1.630281684691582, 48.093306952897706 ], [ -1.630282147050564, 48.093306941023428 ], [ -1.630283551478962, 48.093306913011119 ], [ -1.63028401404208, 48.093306906537258 ], [ -1.630285418956668, 48.093306894821239 ], [ -1.630285881574089, 48.093306893573391 ], [ -1.630287286564725, 48.093306898079668 ], [ -1.630287749252192, 48.093306902237487 ], [ -1.630289153908736, 48.093306922892047 ], [ -1.630289616390197, 48.09330693237623 ], [ -1.63029102031825, 48.093306969284754 ], [ -1.630291482459616, 48.093306984100607 ], [ -1.630292885249036, 48.093307037189035 ], [ -1.630293346916214, 48.093307057341832 ], [ -1.630294748164732, 48.093307126626001 ], [ -1.630295209215763, 48.093307152031187 ], [ -1.630296608379144, 48.093307237442367 ], [ -1.630297068829773, 48.093307268279581 ], [ -1.630298465639839, 48.09330736982831 ], [ -1.630298925206139, 48.093307405928471 ], [ -1.630300319118656, 48.093307523546017 ], [ -1.630300777666539, 48.093307564914369 ], [ -1.630302168413329, 48.093307698611284 ], [ -1.630302625816575, 48.093307745342926 ], [ -1.630304012853407, 48.093307895050479 ], [ -1.630304469096273, 48.093307946965794 ], [ -1.630305852020874, 48.093308112699795 ], [ -1.630306306843053, 48.093308169899096 ], [ -1.630307685245281, 48.093308351585563 ], [ -1.630308138504811, 48.093308413984353 ], [ -1.630309512108615, 48.093308611543932 ], [ -1.630309963679276, 48.093308679237289 ], [ -1.630311331932551, 48.09330889251148 ], [ -1.630311781806474, 48.093308965409577 ], [ -1.630313144314822, 48.093309194504016 ], [ -1.630313592223823, 48.093309272617383 ], [ -1.630314948703321, 48.093309517362968 ], [ -1.630315394505442, 48.093309600607071 ], [ -1.630316744411856, 48.093309860935022 ], [ -1.630317188107093, 48.093309949309869 ], [ -1.630318531038154, 48.093310225236038 ], [ -1.630320724173442, 48.093310746438952 ], [ -1.630701360042393, 48.093413848870185 ], [ -1.630703039070821, 48.093414170614707 ], [ -1.63070348271247, 48.093414258359246 ], [ -1.630706511472364, 48.093414876760953 ], [ -1.630706952873081, 48.093414969641529 ], [ -1.630709965181518, 48.093415622943631 ], [ -1.630710404199338, 48.093415720875633 ], [ -1.630713399220289, 48.093416408750521 ], [ -1.630713835594905, 48.093416511834334 ], [ -1.630716812373994, 48.093417234139196 ], [ -1.630717246089662, 48.093417342195188 ], [ -1.630720203798733, 48.093418098692197 ], [ -1.630720634595143, 48.093418211820747 ], [ -1.630723572271948, 48.093419002277344 ], [ -1.630724000267449, 48.093419120293504 ], [ -1.630726917091699, 48.093419944561674 ], [ -1.630727342025982, 48.093420067565802 ], [ -1.63073023702756, 48.093420925323144 ], [ -1.630730658758662, 48.093421053230692 ], [ -1.630733531243499, 48.093421944234088 ], [ -1.630733949629456, 48.093422076960522 ], [ -1.630736798635303, 48.093423000977374 ], [ -1.630737213542027, 48.093423138527967 ], [ -1.630740038232852, 48.093424095230617 ], [ -1.630740449660342, 48.093424237605348 ], [ -1.630743249207988, 48.093425226755961 ], [ -1.630743656872318, 48.093425373785728 ], [ -1.630746430440753, 48.093426395056611 ], [ -1.630746834349796, 48.093426546831232 ], [ -1.630749580976768, 48.09342759998983 ], [ -1.630749980988561, 48.093427756424759 ], [ -1.630752700098347, 48.093428841042986 ], [ -1.630753095936838, 48.093429002058969 ], [ -1.63075578670128, 48.093430117899004 ], [ -1.630756178366468, 48.093430283496012 ], [ -1.63075883981544, 48.09343143023542 ], [ -1.630759227299452, 48.093431600323619 ], [ -1.63076185872314, 48.093432777539647 ], [ -1.630762241757795, 48.093432952129596 ], [ -1.630764842320168, 48.093434159494592 ], [ -1.630765220897595, 48.093434338496451 ], [ -1.630767789896705, 48.093435575677418 ], [ -1.630768163740849, 48.093435759011911 ], [ -1.630770700340666, 48.093437025681212 ], [ -1.630771069585617, 48.093437213343051 ], [ -1.630773573068451, 48.093438508988051 ], [ -1.630773937311938, 48.093438700993083 ], [ -1.630776406975845, 48.09344002528082 ], [ -1.630776766336214, 48.093440221444112 ], [ -1.630779201345159, 48.093441574046928 ], [ -1.630779555688319, 48.09344177437373 ], [ -1.630781955466576, 48.093443154863557 ], [ -1.630782304516471, 48.093443359274595 ], [ -1.630784668220133, 48.09344476723394 ], [ -1.630785011968892, 48.093444975639393 ], [ -1.63078733888814, 48.09344641064547 ], [ -1.630787677335763, 48.093446623045345 ], [ -1.630789966894869, 48.093448084670094 ], [ -1.63079029989152, 48.093448300889975 ], [ -1.630792551246576, 48.093449788715908 ], [ -1.630792878531944, 48.093450008856173 ], [ -1.630795091107223, 48.093451522455219 ], [ -1.630795412799656, 48.09345174633097 ], [ -1.630797586011554, 48.093453285185227 ], [ -1.630797901834997, 48.093453512717161 ], [ -1.630800034839606, 48.093455076409136 ], [ -1.63080034493602, 48.093455307681815 ], [ -1.630802437149741, 48.093456895693642 ], [ -1.6308027412352, 48.093457130537935 ], [ -1.630804792216392, 48.093458742436248 ], [ -1.630805090148931, 48.093458980767615 ], [ -1.630807099053684, 48.093460616134948 ], [ -1.630807390959524, 48.093460857858275 ], [ -1.630809357338324, 48.093462516171449 ], [ -1.630809642815189, 48.093462761302575 ], [ -1.630811566076564, 48.093464441953849 ], [ -1.630811845250671, 48.093464690397646 ], [ -1.630813724826763, 48.093466393048814 ], [ -1.630813997548278, 48.093466644630922 ], [ -1.630815832847611, 48.093468368674273 ], [ -1.630816099124404, 48.093468623484526 ], [ -1.630817889563373, 48.093470368402151 ], [ -1.630818149245608, 48.093470626266132 ], [ -1.630819894248484, 48.093472391630002 ], [ -1.630820147328287, 48.093472652457891 ], [ -1.630821846437683, 48.093474437655011 ], [ -1.630822092639, 48.093474701367533 ], [ -1.630823745405401, 48.09347650587474 ], [ -1.630823984870195, 48.093476772556436 ], [ -1.630825590709997, 48.093478595855835 ], [ -1.630825823272686, 48.09347886515269 ], [ -1.630827381736377, 48.093480706721117 ], [ -1.630827607412704, 48.093480978812757 ], [ -1.630829118042893, 48.093482838037247 ], [ -1.630829336675149, 48.093483112659463 ], [ -1.630830799022326, 48.093484989016822 ], [ -1.630831010476421, 48.093485266174909 ], [ -1.630832424091067, 48.093487159141986 ], [ -1.630832628359124, 48.093487438746081 ], [ -1.630833992917946, 48.09348934770464 ], [ -1.630834189992092, 48.093489629664944 ], [ -1.630835504911482, 48.093491554097042 ], [ -1.630835694641882, 48.093491838239146 ], [ -1.630836959740505, 48.093493777611137 ], [ -1.630837142127157, 48.09349406393504 ], [ -1.630838356805662, 48.093496017549327 ], [ -1.630838531848564, 48.09349630605503 ], [ -1.630839695925618, 48.093498273377925 ], [ -1.630839863467061, 48.093498563801226 ], [ -1.630840976359056, 48.093500544314828 ], [ -1.630841136399038, 48.093500836655728 ], [ -1.630842198042983, 48.093502829641416 ], [ -1.630842350581505, 48.093503123899886 ], [ -1.630843360527886, 48.093505128834487 ], [ -1.630843505407235, 48.09350542474634 ], [ -1.630844463340625, 48.093507441101387 ], [ -1.630844600560801, 48.093507738666602 ], [ -1.630845506284121, 48.09350976572879 ], [ -1.630845635837249, 48.09351006485754 ], [ -1.630846489027198, 48.093512102008525 ], [ -1.630846610779189, 48.093512402706111 ], [ -1.63084741112034, 48.093514449417498 ], [ -1.630847525181663, 48.093514751409124 ], [ -1.63084827248481, 48.093516807057384 ], [ -1.630848378729247, 48.093517110438164 ], [ -1.630849072797308, 48.093519174309918 ], [ -1.63084917120911, 48.09351947890017 ], [ -1.630849811860749, 48.093521550461702 ], [ -1.630849902297953, 48.093521856176899 ], [ -1.630850224196157, 48.093522995873002 ], [ -1.631289811509875, 48.094498824664491 ], [ -1.631290691610066, 48.094501500030688 ], [ -1.631290805560426, 48.094502038645238 ], [ -1.631290867297258, 48.094502349996077 ], [ -1.631290967096702, 48.094502889888432 ], [ -1.631291020677452, 48.094503201830527 ], [ -1.631291106444324, 48.094503742815704 ], [ -1.631291151868993, 48.094504055349034 ], [ -1.631291223587545, 48.094504597247401 ], [ -1.63129126084826, 48.094504910282154 ], [ -1.631291318368648, 48.0945054529193 ], [ -1.631291347591627, 48.094505766360399 ], [ -1.631291390905978, 48.094506309646498 ], [ -1.631291411941379, 48.094506623319511 ], [ -1.631291441160166, 48.094507166979795 ], [ -1.631291454015864, 48.094507480974585 ], [ -1.631291468989241, 48.094508024834681 ], [ -1.631291473641612, 48.094508338881731 ], [ -1.631291474495802, 48.09450888284654 ], [ -1.631291470944847, 48.094509196945836 ], [ -1.6312914576641, 48.094509740835683 ], [ -1.631291446028164, 48.094510054802335 ], [ -1.631291418596731, 48.094510598437545 ], [ -1.631291398607625, 48.094510912282075 ], [ -1.631291357017633, 48.094511455572807 ], [ -1.631291328919926, 48.094511769015213 ], [ -1.631291273155624, 48.094512311781848 ], [ -1.631291236957186, 48.094512624911886 ], [ -1.631291167129048, 48.094513166879629 ], [ -1.631291122680038, 48.094513479522952 ], [ -1.631291038646095, 48.094514020607285 ], [ -1.631290986206826, 48.094514332663508 ], [ -1.631290888085424, 48.09451487267944 ], [ -1.631290827379834, 48.094515184069294 ], [ -1.631290715289315, 48.0945157228319 ], [ -1.631290646585596, 48.094516033544842 ], [ -1.631290520376119, 48.094516570879762 ], [ -1.631290443524423, 48.094516880741388 ], [ -1.631290303456303, 48.094517416548214 ], [ -1.631290218574976, 48.094517725373585 ], [ -1.631290064506244, 48.094518259567785 ], [ -1.631289971595288, 48.094518567356886 ], [ -1.631289803628541, 48.094519099573859 ], [ -1.631289702814174, 48.094519406231612 ], [ -1.631289520949411, 48.094519936471336 ], [ -1.631289412089668, 48.094520241913202 ], [ -1.631289216571453, 48.094520769895652 ], [ -1.63128909979255, 48.094521074026481 ], [ -1.631288890478919, 48.094521599667083 ], [ -1.631288765765107, 48.094521902307221 ], [ -1.631288542782275, 48.09452242551091 ], [ -1.631288410267652, 48.094522726655114 ], [ -1.631288173726092, 48.094523247147066 ], [ -1.631288033260812, 48.094523546620941 ], [ -1.631287783286743, 48.094524064306071 ], [ -1.631287635138995, 48.094524362099044 ], [ -1.631287371582575, 48.094524876803 ], [ -1.631287215744485, 48.094525172825229 ], [ -1.631286938866027, 48.094525684447611 ], [ -1.631286775321845, 48.094525978519464 ], [ -1.631286485097726, 48.094526486790755 ], [ -1.631286313981547, 48.09452677890696 ], [ -1.631286010672082, 48.094527283726805 ], [ -1.631285831841937, 48.094527573802772 ], [ -1.63128551543925, 48.09452807508135 ], [ -1.631285329155453, 48.094528363016728 ], [ -1.631284999770015, 48.09452886047923 ], [ -1.631284806016818, 48.094529146094366 ], [ -1.631284463648629, 48.094529639740827 ], [ -1.631284262560127, 48.094529923030429 ], [ -1.631283907453752, 48.094530412580788 ], [ -1.631283699029942, 48.09453069354484 ], [ -1.631283331169634, 48.094531178819452 ], [ -1.631283115528859, 48.094531457273042 ], [ -1.631282735040839, 48.094531938176772 ], [ -1.63128251217523, 48.094532214030075 ], [ -1.631282119193588, 48.094532690557671 ], [ -1.631281889229363, 48.094532963715572 ], [ -1.631281483998665, 48.094533435586996 ], [ -1.631281246927951, 48.094533705959655 ], [ -1.631280829440322, 48.094534173085066 ], [ -1.631280585397209, 48.094534440667204 ], [ -1.631280155763123, 48.094534902771841 ], [ -1.631279904873834, 48.094535167468372 ], [ -1.631279463361475, 48.094535624541663 ], [ -1.631279205618136, 48.094535886262754 ], [ -1.631278752211757, 48.094536338125067 ], [ -1.631278487732713, 48.094536596685771 ], [ -1.631278022558535, 48.094537043241985 ], [ -1.631277751485752, 48.094537298726841 ], [ -1.631277274796213, 48.094537739786738 ], [ -1.631276997113944, 48.094537992016129 ], [ -1.63127650890117, 48.094538427489894 ], [ -1.631276224743509, 48.094538676458519 ], [ -1.631275725394033, 48.094539106150656 ], [ -1.631275434879324, 48.094539351673561 ], [ -1.631274924259055, 48.094539775589361 ], [ -1.631274627521392, 48.094540017661295 ], [ -1.631274106008985, 48.094540435515427 ], [ -1.631273802914276, 48.094540674141662 ], [ -1.631273270635953, 48.094541085838998 ], [ -1.631272961436637, 48.094541320829329 ], [ -1.631272418518616, 48.094541726274805 ], [ -1.631272103214693, 48.094541957629211 ], [ -1.631271549783194, 48.0945423567277 ], [ -1.631271228634977, 48.09454258434581 ], [ -1.63127066494244, 48.0945429769071 ], [ -1.63127033794993, 48.09454320078892 ], [ -1.631269764122575, 48.094543586717911 ], [ -1.631269431404116, 48.094543806678494 ], [ -1.631268847576037, 48.094544185969916 ], [ -1.631268509257849, 48.094544401914163 ], [ -1.631267915547392, 48.094544774383081 ], [ -1.631267571771444, 48.09454498639554 ], [ -1.631266968431047, 48.094545351851714 ], [ -1.631266619189463, 48.094545559842572 ], [ -1.631266006613536, 48.094545918180359 ], [ -1.631265652032537, 48.094546122054496 ], [ -1.631265030086983, 48.094546473279195 ], [ -1.631264670292789, 48.094546672941505 ], [ -1.631264039364145, 48.094547016857597 ], [ -1.63126367449085, 48.094547212302821 ], [ -1.63126303457124, 48.094547548820486 ], [ -1.631262664745063, 48.094547739953505 ], [ -1.631262016236768, 48.094548069056934 ], [ -1.631261641583931, 48.094548255782641 ], [ -1.631260984605296, 48.094548577286879 ], [ -1.631260605125798, 48.094548759605274 ], [ -1.631259939803045, 48.094549073415223 ], [ -1.631259555765072, 48.09454925131574 ], [ -1.631258882358515, 48.094549557331042 ], [ -1.631258493754195, 48.094549730723891 ], [ -1.631257812524146, 48.094550028844104 ], [ -1.631257419479698, 48.094550197634156 ], [ -1.631256730694346, 48.094550487848799 ], [ -1.631256333343863, 48.094550652030769 ], [ -1.631255637121555, 48.094550934154853 ], [ -1.631255235599133, 48.094551093723489 ], [ -1.63125453207396, 48.094551367751762 ], [ -1.631254126497944, 48.09455152252211 ], [ -1.631253415930223, 48.09455178835421 ], [ -1.631253006568801, 48.094551938315711 ], [ -1.631252289084748, 48.094552195856501 ], [ -1.631251875945796, 48.094552341099039 ], [ -1.631251151939822, 48.094552590242863 ], [ -1.631250735015461, 48.09455273067654 ], [ -1.631250004613786, 48.094552971328312 ], [ -1.631249584164334, 48.094553106852779 ], [ -1.631248847635144, 48.094553339001941 ], [ -1.631248423794694, 48.094553469611938 ], [ -1.631247681264213, 48.094553693163384 ], [ -1.631247254158984, 48.094553818763778 ], [ -1.631246506029488, 48.094554033701677 ], [ -1.631246075659482, 48.094554154292481 ], [ -1.631245322057196, 48.094554360521741 ], [ -1.631244888690598, 48.094554476092412 ], [ -1.63124412974174, 48.094554673517898 ], [ -1.631243693512646, 48.094554784063149 ], [ -1.631242929611625, 48.094554972579246 ], [ -1.631242490646255, 48.094555078003964 ], [ -1.631241721800943, 48.094555257700485 ], [ -1.631241280233391, 48.094555357999418 ], [ -1.631240506830324, 48.094555528680885 ], [ -1.631240062794683, 48.094555623848713 ], [ -1.631239285102048, 48.094555785504561 ], [ -1.631238838590445, 48.094555875451512 ], [ -1.631238056876431, 48.094556028071203 ], [ -1.631237608157055, 48.094556112786684 ], [ -1.631236822547879, 48.094556256275119 ], [ -1.631236371628602, 48.094556335848978 ], [ -1.631235582392455, 48.094556470195592 ], [ -1.631235129659814, 48.094556544432358 ], [ -1.631234337064883, 48.094556669626591 ], [ -1.63122595510935, 48.094557088038385 ], [ -1.631217790383017, 48.09455575089023 ], [ -1.63121064203569, 48.094552788909787 ], [ -1.631205209884241, 48.094548492134535 ], [ -1.631202025548461, 48.094543281071388 ], [ -1.631201400973767, 48.094537665904589 ], [ -1.63120339698277, 48.094532196262506 ], [ -1.631207818440954, 48.094527407593802 ], [ -1.631214232375703, 48.094523768443764 ], [ -1.631222011114105, 48.094521635309668 ], [ -1.631222576762801, 48.094521545994695 ], [ -1.631222914172779, 48.094521488553426 ], [ -1.631223249895378, 48.094521427212364 ], [ -1.631223584072562, 48.094521362056035 ], [ -1.631223916286302, 48.094521292920604 ], [ -1.631224246686444, 48.094521219980479 ], [ -1.63122457513889, 48.094521143240911 ], [ -1.631224901509547, 48.094521062707209 ], [ -1.631225225672197, 48.094520978474442 ], [ -1.631225547476997, 48.094520890368237 ], [ -1.631225866947569, 48.094520798658102 ], [ -1.631226183934072, 48.094520703169607 ], [ -1.63122649831816, 48.094520604087748 ], [ -1.631226809965737, 48.094520501417733 ], [ -1.631227119003027, 48.094520395064528 ], [ -1.631227425043493, 48.094520285223552 ], [ -1.631227728079263, 48.094520171805023 ], [ -1.631228028126086, 48.094520054988578 ], [ -1.631228325041991, 48.094519934689657 ], [ -1.631228618692886, 48.094519810913553 ], [ -1.631228909094521, 48.094519683839941 ], [ -1.631229195978704, 48.094519553479337 ], [ -1.631229479471658, 48.094519419736621 ], [ -1.631229759320944, 48.094519282802061 ], [ -1.63123003552656, 48.094519142675608 ], [ -1.631230307954414, 48.09451899936257 ], [ -1.631230576604503, 48.094518852862926 ], [ -1.631230841224392, 48.094518703366909 ], [ -1.631231101948171, 48.094518550869211 ], [ -1.631231358641747, 48.094518395375125 ], [ -1.631231611178901, 48.094518236979759 ], [ -1.631231859425539, 48.094518075688391 ], [ -1.631232103389536, 48.094517911590835 ], [ -1.631232343070889, 48.094517744687103 ], [ -1.631232578209288, 48.094517575077589 ], [ -1.631232808938826, 48.094517402756999 ], [ -1.631233034999186, 48.094517227825712 ], [ -1.63123325653234, 48.094517050368282 ], [ -1.631233473270099, 48.094516870395296 ], [ -1.631233685354431, 48.094516687991252 ], [ -1.631233892517147, 48.09451650316673 ], [ -1.631234094892342, 48.094516315916465 ], [ -1.631234292235452, 48.094516126520496 ], [ -1.631234484530725, 48.094515934799134 ], [ -1.631234671928005, 48.094515740926795 ], [ -1.631234854032886, 48.094515545009124 ], [ -1.631235031105679, 48.094515346945741 ], [ -1.631235202893947, 48.094515146926859 ], [ -1.631235369405561, 48.094514945042292 ], [ -1.63123553063265, 48.094514741202225 ], [ -1.631235686456866, 48.094514535591614 ], [ -1.631235837020178, 48.094514328294984 ], [ -1.63123598191243, 48.09451411923834 ], [ -1.631236121551652, 48.094513908585512 ], [ -1.631236255535562, 48.094513696352337 ], [ -1.631236383872033, 48.094513482628642 ], [ -1.631236506703035, 48.094513267498975 ], [ -1.631236623902347, 48.094513051058449 ], [ -1.631236735462094, 48.09451283321723 ], [ -1.631236841263931, 48.094512614160244 ], [ -1.631236941315735, 48.094512393977361 ], [ -1.6312370356175, 48.09451217266853 ], [ -1.631237124043011, 48.094511950328894 ], [ -1.631237206868328, 48.094511727037712 ], [ -1.631237283691168, 48.094511502810832 ], [ -1.631237354653502, 48.094511277732785 ], [ -1.631237419763201, 48.094511051893399 ], [ -1.631237479028141, 48.094510825382528 ], [ -1.631237532314225, 48.094510598205446 ], [ -1.631237579763424, 48.094510370446692 ], [ -1.631237621249518, 48.094510142201393 ], [ -1.631237656638412, 48.094509913474774 ], [ -1.631237686214041, 48.094509684436019 ], [ -1.631237709708218, 48.09450945509564 ], [ -1.631237727397005, 48.09450922553291 ], [ -1.631237738878121, 48.094508995763654 ], [ -1.631237744561719, 48.094508765861896 ], [ -1.631237744195362, 48.094508536017834 ], [ -1.631237737771175, 48.094508306141648 ], [ -1.631237725438998, 48.09450807640772 ], [ -1.631237707072613, 48.094507846911156 ], [ -1.631237693021502, 48.094507714236101 ] ], [ [ -1.630555845867234, 48.094580789140771 ], [ -1.630546100092219, 48.094562524263267 ], [ -1.630545558832646, 48.094561393374946 ], [ -1.630542392656769, 48.09455394140997 ], [ -1.63053910063137, 48.094546677830557 ], [ -1.630535619513591, 48.094539453687965 ], [ -1.63053195030488, 48.094532271196343 ], [ -1.630528094132901, 48.094525132474693 ], [ -1.630524052259409, 48.094518039636711 ], [ -1.630519825827811, 48.094510994981093 ], [ -1.630515416226079, 48.094504000526449 ], [ -1.630510824589743, 48.094497058481636 ], [ -1.630506052582829, 48.094490170944539 ], [ -1.630501101325116, 48.094483339944361 ], [ -1.630495972614718, 48.094476567573693 ], [ -1.630490667847472, 48.094469855941028 ], [ -1.630485188679518, 48.09446320705441 ], [ -1.630479536640777, 48.094456623017045 ], [ -1.630473713773924, 48.094450105641513 ], [ -1.630467721474779, 48.094443657036258 ], [ -1.630461561801756, 48.094437279193563 ], [ -1.630455236663424, 48.094430973931246 ], [ -1.630448747723783, 48.094424743347247 ], [ -1.630442097151711, 48.094418589159041 ], [ -1.630435286863644, 48.0944125132743 ], [ -1.630428319044196, 48.094406517590208 ], [ -1.630421195736017, 48.094400603919325 ], [ -1.630413919115846, 48.094394774068995 ], [ -1.630406491360417, 48.094389029846496 ], [ -1.63039891476481, 48.09438337287424 ], [ -1.630391082912325, 48.09437772657153 ], [ -1.630386223512984, 48.094374261948012 ], [ -1.630385912134247, 48.094374036042971 ], [ -1.630381091914284, 48.094370479557597 ], [ -1.63038078614442, 48.094370250096745 ], [ -1.63037605763004, 48.09436663916523 ], [ -1.630375757737236, 48.094366406138029 ], [ -1.630371122363837, 48.094362741785623 ], [ -1.630370828497927, 48.094362505366455 ], [ -1.630366287432715, 48.094358788628945 ], [ -1.630365999593704, 48.094358548817823 ], [ -1.630361554145851, 48.094354780815557 ], [ -1.630361272483572, 48.094354537786884 ], [ -1.630356924230436, 48.094350719629695 ], [ -1.63035664874489, 48.094350473383415 ], [ -1.630352398719579, 48.094346606112325 ], [ -1.63035212954486, 48.094346356643221 ], [ -1.630347979064413, 48.094342441468449 ], [ -1.630347716224134, 48.094342189045982 ], [ -1.630343666455754, 48.094338227003291 ], [ -1.630343410084009, 48.094337971622217 ], [ -1.630339462352603, 48.094333964011618 ], [ -1.630339212575614, 48.094333705576794 ], [ -1.630335367788067, 48.09432965353448 ], [ -1.630335124629448, 48.094329392315451 ], [ -1.630331384094921, 48.094325296961749 ], [ -1.630331147554671, 48.09432503295848 ], [ -1.630327512456107, 48.094320895508865 ], [ -1.630327282676188, 48.094320628805917 ], [ -1.630323753794244, 48.094316450491647 ], [ -1.630323530916622, 48.094316181173582 ], [ -1.630320109434236, 48.094311963210124 ], [ -1.630319893324818, 48.094311691282201 ], [ -1.630316580290831, 48.094307434890275 ], [ -1.630316371241417, 48.094307160611464 ], [ -1.630313167436488, 48.094302867022343 ], [ -1.630312965439205, 48.094302590302796 ], [ -1.630309872054137, 48.094298260821759 ], [ -1.630309676990636, 48.094297981846438 ], [ -1.630306694798211, 48.094293617614916 ], [ -1.630306506944548, 48.094293336463096 ], [ -1.630303636741163, 48.094288938892049 ], [ -1.630303456089463, 48.094288655473875 ], [ -1.630300698931828, 48.094284225873864 ], [ -1.630300525505707, 48.094283940458844 ], [ -1.630297881898413, 48.094279479981829 ], [ -1.630297715831963, 48.094279192564684 ], [ -1.630295186839591, 48.094274702611081 ], [ -1.630295028006588, 48.094274413286939 ], [ -1.630292614141598, 48.094269895098535 ], [ -1.630292462825972, 48.094269604036491 ], [ -1.630290164884759, 48.094265059024259 ], [ -1.630290021086507, 48.09426476622432 ], [ -1.630287839707749, 48.094260195534943 ], [ -1.630287703308522, 48.094259901182042 ], [ -1.63028563916239, 48.094255306321564 ], [ -1.63028551043037, 48.094255010405156 ], [ -1.630283564163416, 48.094250392610142 ], [ -1.630283442838289, 48.094250095230599 ], [ -1.630281614986586, 48.094245456012345 ], [ -1.630281501344408, 48.09424515724897 ], [ -1.630279792412543, 48.094240497759458 ], [ -1.630279686334962, 48.094240197797149 ], [ -1.630278096851135, 48.094235519457861 ], [ -1.630277998472243, 48.094235218291395 ], [ -1.630276528830562, 48.094230522529088 ], [ -1.630276438292321, 48.094230220242991 ], [ -1.630275089013114, 48.0942255083893 ], [ -1.630275006189301, 48.094225205078686 ], [ -1.63027377753258, 48.09422047856566 ], [ -1.630273702438938, 48.094220174410175 ], [ -1.630272594917158, 48.094215434479608 ], [ -1.630272527687777, 48.094215129474009 ], [ -1.630271541434731, 48.094210377653056 ], [ -1.630271481943387, 48.094210071892391 ], [ -1.630270617613492, 48.094205309507409 ], [ -1.630270565868059, 48.094205003081576 ], [ -1.630270128060121, 48.094202188985768 ], [ -1.630265763456641, 48.094193416443687 ], [ -1.630265624768921, 48.094193129752568 ], [ -1.630260598223483, 48.094182432512099 ], [ -1.630260466800713, 48.09418214427329 ], [ -1.630255708490033, 48.09417139249485 ], [ -1.630255584205991, 48.09417110280345 ], [ -1.630251095462435, 48.094160299409332 ], [ -1.630250978451209, 48.09416000826009 ], [ -1.63024676048879, 48.094149156357453 ], [ -1.63024665076612, 48.094148863929995 ], [ -1.630242704917199, 48.09413796644116 ], [ -1.63024260249095, 48.09413767282534 ], [ -1.630238929701348, 48.094126732867977 ], [ -1.630238834713483, 48.094126438148351 ], [ -1.630235436047366, 48.094115458655317 ], [ -1.630235348371661, 48.094115162927011 ], [ -1.630232224774846, 48.094104147016019 ], [ -1.630232144553258, 48.09410385036356 ], [ -1.630229296971556, 48.094092801152343 ], [ -1.630229224204081, 48.094092503575752 ], [ -1.63022665331512, 48.094081424192602 ], [ -1.630226587883407, 48.094081125876812 ], [ -1.630224294617247, 48.09407001925981 ], [ -1.630224236655382, 48.094069720199535 ], [ -1.630222221429334, 48.09405858957733 ], [ -1.630222170953056, 48.094058289952244 ], [ -1.630220434444738, 48.094047138453121 ], [ -1.630220391588135, 48.094046838257924 ], [ -1.630218934191235, 48.094035668841038 ], [ -1.630218898701862, 48.094035368265978 ], [ -1.630217720967775, 48.094024184154691 ], [ -1.630217692979719, 48.09402388319446 ], [ -1.630216795183782, 48.094012687532903 ], [ -1.630216774704911, 48.094012386277356 ], [ -1.630216156980497, 48.094001182125012 ], [ -1.63021614415277, 48.09400088065869 ], [ -1.630215808374905, 48.093989724730385 ], [ -1.630215520758657, 48.093982347492222 ], [ -1.63021551265781, 48.093982033941451 ], [ -1.630215416202595, 48.093974600960117 ], [ -1.630215416170899, 48.093974287362421 ], [ -1.6302155130754, 48.09396685443857 ], [ -1.630215521254821, 48.093966540878498 ], [ -1.630215811431822, 48.093959110088775 ], [ -1.630215827838096, 48.093958796746016 ], [ -1.630216311231872, 48.093951370526405 ], [ -1.630216335730905, 48.093951057406201 ], [ -1.630217012120147, 48.093943637838628 ], [ -1.630217044719809, 48.093943325030821 ], [ -1.630217914040921, 48.093935914461447 ], [ -1.63021795475695, 48.093935602145727 ], [ -1.630219016662404, 48.093928202751563 ], [ -1.630219065494799, 48.093927890927901 ], [ -1.630220319644943, 48.093920504975827 ], [ -1.630220376601569, 48.093920193734057 ], [ -1.630221822656751, 48.093912823490939 ], [ -1.63022188761926, 48.093912513016001 ], [ -1.630223525231956, 48.093905160658863 ], [ -1.630223598200343, 48.093904850950757 ], [ -1.630225426754844, 48.09389751866717 ], [ -1.630225507878941, 48.09389720990027 ], [ -1.630227526767417, 48.093889899967635 ], [ -1.630227615786907, 48.093889592242327 ], [ -1.63022982451987, 48.093882306753159 ], [ -1.630229921576718, 48.09388200015399 ], [ -1.630232319412245, 48.09387474139092 ], [ -1.630232424506444, 48.093874435917911 ], [ -1.630235010702615, 48.09386720616363 ], [ -1.630235123707942, 48.093866901911873 ], [ -1.630237897507091, 48.093859703269409 ], [ -1.630238018305197, 48.093859400423831 ], [ -1.630240978949659, 48.09385223499617 ], [ -1.630241107682504, 48.093851933641346 ], [ -1.63024425415431, 48.093844803631896 ], [ -1.63024439069567, 48.093844503862933 ], [ -1.630247722245028, 48.093837411464534 ], [ -1.630247866468681, 48.093837113376516 ], [ -1.630251381927788, 48.093830060618167 ], [ -1.630251533841603, 48.093829764300942 ], [ -1.630255232192492, 48.093822753386021 ], [ -1.630255391796465, 48.093822458839583 ], [ -1.630259271887079, 48.093815491976777 ], [ -1.630259439196953, 48.093815199380771 ], [ -1.630263499851617, 48.09380827850925 ], [ -1.630263674607078, 48.09380798796407 ], [ -1.630267914665871, 48.093801115202631 ], [ -1.630268097008879, 48.093800826792844 ], [ -1.630272515043694, 48.09379400427089 ], [ -1.630272704974247, 48.093793717996469 ], [ -1.630277299825164, 48.093786947832804 ], [ -1.630277496948854, 48.093786663799413 ], [ -1.63028226717203, 48.09377994794378 ], [ -1.630282471772783, 48.09377966632055 ], [ -1.630287415932248, 48.093773006812491 ], [ -1.63028762774188, 48.09377272760991 ], [ -1.630292744259698, 48.093766126404404 ], [ -1.630292963293951, 48.093765849802189 ], [ -1.630298250742029, 48.093759309028592 ], [ -1.630298476993029, 48.093759034936916 ], [ -1.630301064012799, 48.093755963511853 ], [ -1.630301075939341, 48.093755870829 ], [ -1.630301470590389, 48.093752027669339 ], [ -1.630301767750179, 48.093748180591788 ], [ -1.630301967379109, 48.093744330679613 ], [ -1.63030206944544, 48.093740479105868 ], [ -1.630302073901697, 48.093736626863958 ], [ -1.630301980858111, 48.093732775211549 ], [ -1.630301790133112, 48.09372892514731 ], [ -1.630301501821185, 48.093725077749198 ], [ -1.630301116158781, 48.093721234179796 ], [ -1.630300633098422, 48.093717395432435 ], [ -1.630300052884429, 48.093713562759561 ], [ -1.630299375611288, 48.093709737239081 ], [ -1.630298601499704, 48.093705919853889 ], [ -1.630297730778254, 48.093702111676642 ], [ -1.630296763691257, 48.093698313959777 ], [ -1.63029570045942, 48.093694527686068 ], [ -1.630294541453278, 48.093690754012812 ], [ -1.630293287027633, 48.093686993917629 ], [ -1.630291937411054, 48.093683248473162 ], [ -1.630290493108174, 48.093679518831408 ], [ -1.630288954481658, 48.093675806059792 ], [ -1.630287322020394, 48.093672111130637 ], [ -1.630285596229009, 48.093668435195902 ], [ -1.630283777470167, 48.093664779323028 ], [ -1.630281866224881, 48.093661144394474 ], [ -1.630279863273832, 48.093657531641519 ], [ -1.630277768963941, 48.093653941951921 ], [ -1.630275583933923, 48.093650376472354 ], [ -1.630273308940847, 48.093646836164652 ], [ -1.630270944481462, 48.093643322090884 ], [ -1.630268394310631, 48.093639697146614 ], [ -1.63026631197807, 48.093635416509045 ], [ -1.630265262862696, 48.093631754434419 ], [ -1.630264167276241, 48.093628256079882 ], [ -1.630262982280858, 48.093624770796538 ], [ -1.630261707963157, 48.093621299572561 ], [ -1.630260344819893, 48.093617843470071 ], [ -1.630258893197985, 48.093614403376847 ], [ -1.630257353594184, 48.093610980355017 ], [ -1.630255726363283, 48.093607575382194 ], [ -1.630254012143996, 48.093604189605081 ], [ -1.630252211275369, 48.093600823821589 ], [ -1.630250324396118, 48.093597479178435 ], [ -1.630248351979376, 48.093594156468264 ], [ -1.630246294671731, 48.093590856927612 ], [ -1.630244152938446, 48.093587581259314 ], [ -1.630241927552325, 48.093584330604799 ], [ -1.630239618994373, 48.093581105846539 ], [ -1.630237228147868, 48.093577907851184 ], [ -1.630234755651523, 48.093574737765465 ], [ -1.630232202104688, 48.093571596286935 ], [ -1.630229568414256, 48.093568484551724 ], [ -1.630226855313667, 48.093565403252136 ], [ -1.630224063441633, 48.093562353534857 ], [ -1.630221193933864, 48.093559336076297 ], [ -1.630218247279236, 48.093556351848846 ], [ -1.630215224502983, 48.093553401803703 ], [ -1.630212126480506, 48.093550486717682 ], [ -1.630208954095079, 48.093547607457452 ], [ -1.630205708356191, 48.093544764794558 ], [ -1.630202390162859, 48.093541959775372 ], [ -1.630199287893927, 48.093539427683012 ], [ -1.630190923174496, 48.093533269505386 ], [ -1.630190528636027, 48.093533345956843 ], [ -1.630189615117091, 48.093533534401587 ], [ -1.630188706557631, 48.093533733377996 ], [ -1.630187803352051, 48.093533942780418 ], [ -1.63018690576066, 48.093534162508504 ], [ -1.630186014051638, 48.093534392551682 ], [ -1.630185128493168, 48.093534632899413 ], [ -1.630184249337689, 48.093534883361478 ], [ -1.63018337671142, 48.093535143842772 ], [ -1.630182511024504, 48.093535414417303 ], [ -1.630181652529382, 48.093535694894904 ], [ -1.630180801486361, 48.093535985175158 ], [ -1.630179958155755, 48.093536285157683 ], [ -1.630179122679524, 48.093536594927052 ], [ -1.630178295428453, 48.093536914108128 ], [ -1.630177476552379, 48.093537242875271 ], [ -1.630176666429959, 48.093537580943185 ], [ -1.630175865195284, 48.093537928306617 ], [ -1.630175072974572, 48.093538284870441 ], [ -1.630174290288443, 48.093538650433878 ], [ -1.630173517129029, 48.093539024907138 ], [ -1.630172753898601, 48.093539408274388 ], [ -1.630172000715505, 48.093539800350683 ], [ -1.630171257832183, 48.093540200945803 ], [ -1.630170525516812, 48.093540610049246 ], [ -1.630169803761525, 48.093541027571128 ], [ -1.630169093079069, 48.093541453220908 ], [ -1.630168393611408, 48.093541887083127 ], [ -1.630167705461144, 48.093542328793163 ], [ -1.630167028762371, 48.093542778345785 ], [ -1.630166363909488, 48.093543235635302 ], [ -1.630165711020845, 48.093543700476822 ], [ -1.63016507035675, 48.09354417276991 ], [ -1.630164442035551, 48.09354465232969 ], [ -1.630163826175599, 48.09354513897118 ], [ -1.630163486444309, 48.0935454170749 ], [ -1.630151228347944, 48.093575876392741 ], [ -1.630151202895586, 48.093575914531634 ], [ -1.630151195931268, 48.093575956360326 ], [ -1.62992754223553, 48.094121690109219 ], [ -1.629926980660618, 48.094123425944737 ], [ -1.629926879556288, 48.094123726302705 ], [ -1.629926106315015, 48.094125933423719 ], [ -1.629925997559799, 48.094126232460013 ], [ -1.629925168088328, 48.094128430524727 ], [ -1.629925051690094, 48.094128728329217 ], [ -1.62992416618576, 48.094130916518594 ], [ -1.629924042262857, 48.094131212906326 ], [ -1.62992310095448, 48.094133390760668 ], [ -1.629922969499037, 48.0941336856418 ], [ -1.629921972725916, 48.094135852426646 ], [ -1.629921833737933, 48.094136145801194 ], [ -1.629920781855109, 48.094138300961703 ], [ -1.62992063531884, 48.094138592649983 ], [ -1.629919528531522, 48.094140735457017 ], [ -1.629919374573187, 48.094141025363939 ], [ -1.629918213236417, 48.09414315526265 ], [ -1.62991805199011, 48.09414344338294 ], [ -1.62991683645893, 48.094145559818543 ], [ -1.629916667774814, 48.094145845977806 ], [ -1.629915398388524, 48.094147948215827 ], [ -1.629915222400691, 48.09414823240877 ], [ -1.629913899514334, 48.094150319894382 ], [ -1.629913716349003, 48.094150602025948 ], [ -1.629912340309753, 48.094152674114518 ], [ -1.629912150093146, 48.094152954089587 ], [ -1.629910721248174, 48.09415501013649 ], [ -1.629910523972418, 48.094155287865213 ], [ -1.629909042818734, 48.094157327400175 ], [ -1.629908838475956, 48.094157602792748 ], [ -1.629907305494823, 48.094159625165901 ], [ -1.629907094077152, 48.094159898132453 ], [ -1.629905509615746, 48.094161902699135 ], [ -1.629905291391367, 48.094162173229137 ], [ -1.629903656080788, 48.094164159513809 ], [ -1.629903430899863, 48.094164427432894 ], [ -1.629901745087284, 48.094166394790925 ], [ -1.629901513083908, 48.094166660093805 ], [ -1.629899777250597, 48.094168607875297 ], [ -1.629899538692954, 48.094168870551407 ], [ -1.62989775333592, 48.0941707982861 ], [ -1.629897508066301, 48.094171058071232 ], [ -1.629895673674684, 48.094172965199064 ], [ -1.629895421835055, 48.094173222177787 ], [ -1.629893539032086, 48.094175108133356 ], [ -1.629893280740795, 48.094175362120744 ], [ -1.629891350149705, 48.094177226338722 ], [ -1.629891085406753, 48.094177477334753 ], [ -1.629889107390462, 48.094179319350182 ], [ -1.629888836322068, 48.094179567259751 ], [ -1.629886811495938, 48.094181386417439 ], [ -1.629886534228323, 48.094181631145418 ], [ -1.62988446335755, 48.094183426964555 ], [ -1.629884179890715, 48.094183668511 ], [ -1.629882063330349, 48.094185440436782 ], [ -1.629881773790514, 48.094185678706545 ], [ -1.62987961230575, 48.094187426258188 ], [ -1.629879316811267, 48.09418766106635 ], [ -1.629877111033213, 48.094189383768317 ], [ -1.62987680959195, 48.094189615204705 ], [ -1.629874560151711, 48.094191312581451 ], [ -1.62987425288202, 48.094191540461161 ], [ -1.62987196040283, 48.094193211947335 ], [ -1.629871647438806, 48.094193436265087 ], [ -1.629869312543899, 48.094195081295354 ], [ -1.629868993885538, 48.094195302051098 ], [ -1.629866617489954, 48.094196920319078 ], [ -1.629866293255607, 48.094197137327889 ], [ -1.629863875714392, 48.094198728278755 ], [ -1.629863546172245, 48.094198941530109 ], [ -1.629861088384695, 48.094200504677779 ], [ -1.629860753392784, 48.094200714087108 ], [ -1.629858255997875, 48.094202249045892 ], [ -1.629857915824386, 48.094202454602652 ], [ -1.629855379713544, 48.094203960796655 ], [ -1.629855034350606, 48.094204162411003 ], [ -1.629852460036587, 48.094205639549628 ], [ -1.629852109618292, 48.094205837216343 ], [ -1.629849498000393, 48.0942072848135 ], [ -1.629849142645092, 48.094207478347606 ], [ -1.629846494362291, 48.094208896017626 ], [ -1.629846134211948, 48.094209085503671 ], [ -1.629844046282197, 48.094210164564565 ], [ -1.629716076794289, 48.094284324408832 ], [ -1.629656098450699, 48.094319851940355 ], [ -1.629655793895188, 48.094319981820107 ], [ -1.629655556912379, 48.094320164208689 ], [ -1.629623979875573, 48.094337888631721 ], [ -1.629623225014684, 48.094338312408986 ], [ -1.629623077283841, 48.094338400065681 ], [ -1.629622890219452, 48.094338514869008 ], [ -1.629622706309758, 48.094338631891901 ], [ -1.629622525539021, 48.094338750954748 ], [ -1.629622347899367, 48.094338871967707 ], [ -1.629622173406539, 48.094338995110434 ], [ -1.629622002171017, 48.094339120108167 ], [ -1.629621834334765, 48.09433924704544 ], [ -1.629621669763689, 48.094339375927575 ], [ -1.629621508576144, 48.094339506569611 ], [ -1.62962135091409, 48.094339639056095 ], [ -1.629621196769658, 48.0943397732972 ], [ -1.629621046142848, 48.094339909292948 ], [ -1.629620899025788, 48.094340046953484 ], [ -1.629620755544702, 48.094340186183715 ], [ -1.629620615841552, 48.094340327068203 ], [ -1.629620479640282, 48.094340469527651 ], [ -1.629620347335301, 48.094340613456424 ], [ -1.629620218792515, 48.094340758859772 ], [ -1.629620094011924, 48.094340905737717 ], [ -1.629619973119751, 48.094341053995144 ], [ -1.629619856108124, 48.094341203542221 ], [ -1.629619742977045, 48.094341354378983 ], [ -1.629619633726512, 48.094341506505359 ], [ -1.629619528616841, 48.09434165982104 ], [ -1.629619427371975, 48.094341814246697 ], [ -1.629619330133877, 48.09434196986691 ], [ -1.629619237020902, 48.094342126496741 ], [ -1.629619148033044, 48.094342284136189 ], [ -1.629619063170309, 48.094342442785262 ], [ -1.629618982290729, 48.094342602359362 ], [ -1.629618905662491, 48.094342762848001 ], [ -1.629618833269856, 48.094342924071483 ], [ -1.629618764994469, 48.094343086214764 ], [ -1.629618700946811, 48.094343249003025 ], [ -1.629618641134756, 48.094343412526165 ], [ -1.629618585542558, 48.094343576604487 ], [ -1.629618534185963, 48.094343741417674 ], [ -1.629618487175448, 48.094343906690931 ], [ -1.629618444384792, 48.094344072519355 ], [ -1.629618405932348, 48.094344238718065 ], [ -1.629618371825984, 48.094344405376852 ], [ -1.629618342057829, 48.094344572405888 ], [ -1.629618316485922, 48.094344739720619 ], [ -1.629618295378448, 48.0943449073105 ], [ -1.629618278459349, 48.094345075096243 ], [ -1.629618265996811, 48.094345243067309 ], [ -1.629618257848873, 48.09434541113913 ], [ -1.629618254141753, 48.094345579216615 ], [ -1.629618254615138, 48.094345747400126 ], [ -1.629618259521472, 48.094345915499467 ], [ -1.629618268868627, 48.094346083604478 ], [ -1.629618282372672, 48.094346251546014 ], [ -1.629618300428019, 48.094346419218446 ], [ -1.629618322640257, 48.094346586727404 ], [ -1.629618349269703, 48.094346753972538 ], [ -1.629618380182262, 48.094346920959119 ], [ -1.629618415496287, 48.094347087502172 ], [ -1.629618455077685, 48.094347253607019 ], [ -1.629618498926453, 48.094347419273646 ], [ -1.629618547042595, 48.094347584502039 ], [ -1.629618599536589, 48.094347749017437 ], [ -1.629618656155992, 48.094347913010061 ], [ -1.629618717027026, 48.094348076384797 ], [ -1.62961878226804, 48.094348238956712 ], [ -1.629618851618721, 48.094348400826185 ], [ -1.629618925071196, 48.094348561903359 ], [ -1.629619002893654, 48.094348722177713 ], [ -1.629619084668071, 48.094348881485416 ], [ -1.629619170670507, 48.094349039905744 ], [ -1.629619260751125, 48.094349197264307 ], [ -1.629619354917796, 48.094349353650898 ], [ -1.629619453162649, 48.09434950897576 ], [ -1.629619555343721, 48.094349663154276 ], [ -1.629619661595104, 48.094349816181179 ], [ -1.629619771774836, 48.094349967971937 ], [ -1.629619885875042, 48.094350118436722 ], [ -1.629620003903596, 48.09435026766532 ], [ -1.629620125852626, 48.094350415567945 ], [ -1.629620251580168, 48.094350562060008 ], [ -1.629620381212445, 48.094350707046438 ], [ -1.629620514489141, 48.094350850627578 ], [ -1.629620651536478, 48.09435099270835 ], [ -1.629620792346585, 48.094351133198913 ], [ -1.629620936643405, 48.094351272019964 ], [ -1.629621084702994, 48.094351409250827 ], [ -1.629621236249297, 48.094351544812184 ], [ -1.629621391408535, 48.094351678608938 ], [ -1.629621549904649, 48.094351810561825 ], [ -1.629621698708983, 48.094351930186001 ], [ -1.629643843959275, 48.09436783659195 ], [ -1.629644308430794, 48.094368178889546 ], [ -1.629989849321681, 48.094629525846294 ], [ -1.629990124360184, 48.094629668719804 ], [ -1.629992227119769, 48.094630722699236 ], [ -1.62999435667875, 48.094631752368521 ], [ -1.629996512595482, 48.094632757294256 ], [ -1.629998694317846, 48.094633737317928 ], [ -1.630000901001915, 48.094634692021984 ], [ -1.630003132221796, 48.094635621152769 ], [ -1.630005387015211, 48.094636524477693 ], [ -1.63000766495626, 48.094637401743078 ], [ -1.630009965335114, 48.094638252526146 ], [ -1.630012287339334, 48.094639076768729 ], [ -1.630014630401055, 48.09463987413254 ], [ -1.630016993692096, 48.094640644379751 ], [ -1.630019376652461, 48.094641387261966 ], [ -1.630021778453973, 48.094642102541329 ], [ -1.630024198410409, 48.094642790064547 ], [ -1.630026635835557, 48.094643449678323 ], [ -1.630029090027456, 48.094644081049694 ], [ -1.630031560165794, 48.094644684030627 ], [ -1.630034045564356, 48.094645258467864 ], [ -1.630036545529052, 48.094645804118215 ], [ -1.630039059247442, 48.094646320923552 ], [ -1.630041586033312, 48.094646808730552 ], [ -1.630044125058475, 48.094647267301362 ], [ -1.630046675510493, 48.09464769657778 ], [ -1.630046744676915, 48.094647707378797 ], [ -1.630555845867234, 48.094580789140771 ] ], [ [ -1.629557500930263, 48.094375203934881 ], [ -1.629535755710815, 48.094387409666595 ], [ -1.629535501024002, 48.094387566610322 ], [ -1.629535029146334, 48.094387852341754 ], [ -1.629534678731495, 48.094388060824095 ], [ -1.62953419950345, 48.094388340985425 ], [ -1.629533843883441, 48.094388545345716 ], [ -1.629533357431241, 48.094388819841825 ], [ -1.629532996464098, 48.094389019995489 ], [ -1.629532502921838, 48.094389288821127 ], [ -1.629532136867877, 48.094389484667772 ], [ -1.629531636361776, 48.094389747727831 ], [ -1.629531265355092, 48.094389939262221 ], [ -1.629531096066976, 48.09439002506226 ], [ -1.629474032335122, 48.094422055450678 ], [ -1.62947328490294, 48.094422474968582 ], [ -1.629473273590991, 48.094422479469706 ], [ -1.62947326514981, 48.094422486021315 ], [ -1.629472820988306, 48.094422734876865 ], [ -1.629472783485286, 48.094422758345807 ], [ -1.629472738772991, 48.094422780926386 ], [ -1.629099330176196, 48.094631969955799 ], [ -1.629093863565169, 48.094634342763001 ], [ -1.629093452803971, 48.094634476816928 ], [ -1.629093252510773, 48.094634545086095 ], [ -1.629093054165423, 48.094634615622354 ], [ -1.629092857767917, 48.094634688425657 ], [ -1.629092663310387, 48.094634763406212 ], [ -1.629092470800704, 48.094634840653832 ], [ -1.629092280507055, 48.094634920157965 ], [ -1.629092092279605, 48.094635001744223 ], [ -1.629091906260319, 48.094635085497174 ], [ -1.629091722575422, 48.09463517132172 ], [ -1.629091541098687, 48.094635259312959 ], [ -1.629091362082564, 48.094635349280665 ], [ -1.629091185400829, 48.094635441319966 ], [ -1.629091011187577, 48.094635535425603 ], [ -1.629090839561159, 48.094635631412594 ], [ -1.629090670529448, 48.0946357293708 ], [ -1.629090503950478, 48.094635829215662 ], [ -1.629090340226532, 48.094635930931361 ], [ -1.629090179089421, 48.094636034528442 ], [ -1.629090020799463, 48.094636139906527 ], [ -1.629089865230436, 48.0946362471607 ], [ -1.629089712626916, 48.09463635601098 ], [ -1.629089562744326, 48.094636466737356 ], [ -1.629089415961336, 48.094636579054516 ], [ -1.629089272143855, 48.094636692967754 ], [ -1.629089131299751, 48.094636808566896 ], [ -1.629088993555248, 48.094636925756831 ], [ -1.629088858902477, 48.094637044447737 ], [ -1.629088727341436, 48.094637164639607 ], [ -1.629088598998352, 48.094637286237351 ], [ -1.629088473881092, 48.094637409330787 ], [ -1.629088351981788, 48.094637533830081 ], [ -1.629088233426664, 48.094637659640142 ], [ -1.629088118089494, 48.094637786856055 ], [ -1.629088006222728, 48.094637915287635 ], [ -1.629087897558175, 48.094638044945413 ], [ -1.629087792498122, 48.094638175813593 ], [ -1.629087690766508, 48.094638307812851 ], [ -1.629087592505295, 48.094638441027762 ], [ -1.629087497690877, 48.094638575188853 ], [ -1.629087406473087, 48.094638710470505 ], [ -1.629087318844053, 48.094638846782864 ], [ -1.629087234661811, 48.094638984041396 ], [ -1.62908715418668, 48.094639122145715 ], [ -1.629087077292437, 48.094639261190927 ], [ -1.62908700397121, 48.094639401087193 ], [ -1.629086934357096, 48.09463954182926 ], [ -1.629086868300257, 48.094639683242718 ], [ -1.629086806076754, 48.094639825406873 ], [ -1.629086747544621, 48.094639968237146 ], [ -1.629086692703859, 48.09464011173354 ], [ -1.629086641538728, 48.094640255716428 ], [ -1.629086594199062, 48.094640400360142 ], [ -1.629086550669122, 48.094640545485056 ], [ -1.629086510806941, 48.094640691006603 ], [ -1.629086474754485, 48.094640837009322 ], [ -1.629086442503884, 48.094640983403451 ], [ -1.629086414047268, 48.094641130099085 ], [ -1.629086389526601, 48.094641277180806 ], [ -1.629086368650083, 48.094641424389678 ], [ -1.629086351701645, 48.094641571894797 ], [ -1.629086338531452, 48.094641719521796 ], [ -1.629086329273597, 48.094641867265373 ], [ -1.629086323793987, 48.094642015130844 ], [ -1.629086322084751, 48.094642163028347 ], [ -1.629086324279983, 48.094642310952601 ], [ -1.629086330363945, 48.094642458723975 ], [ -1.62908634021828, 48.094642606527387 ], [ -1.62908635381938, 48.094642754093343 ], [ -1.629086371451173, 48.094642901590937 ], [ -1.629086392687766, 48.094643048766557 ], [ -1.62908641794718, 48.094643195783974 ], [ -1.629086446811395, 48.094643342479394 ], [ -1.629086479674823, 48.094643488747145 ], [ -1.629086516143051, 48.094643634692886 ], [ -1.629086556610491, 48.094643780210973 ], [ -1.62908660066699, 48.094643925227366 ], [ -1.62908664858861, 48.094644069821392 ], [ -1.629086700217641, 48.094644213728799 ], [ -1.629086755569827, 48.094644357129262 ], [ -1.629086814629427, 48.094644499843106 ], [ -1.629086877404311, 48.094644641960173 ], [ -1.62908694387874, 48.094644783300794 ], [ -1.629087014052712, 48.09464492386499 ], [ -1.629087087926227, 48.094645063652735 ], [ -1.629087165357323, 48.094645202579485 ], [ -1.629087246338128, 48.094645340555402 ], [ -1.629087331010607, 48.09464547766504 ], [ -1.629087419232795, 48.09464561382385 ], [ -1.629087510862729, 48.094645748947279 ], [ -1.629087606168596, 48.094645883024775 ], [ -1.62908770488221, 48.094646016066868 ], [ -1.629087807121922, 48.09464614788866 ], [ -1.62908791276151, 48.094646278585216 ], [ -1.629088021793101, 48.094646408066716 ], [ -1.629088134216699, 48.094646536333173 ], [ -1.629088249890338, 48.094646663300018 ], [ -1.629088369082207, 48.094646788956702 ], [ -1.629088491382152, 48.094646913229234 ], [ -1.629088616924268, 48.09464703611232 ], [ -1.629088745708555, 48.094647157605955 ], [ -1.629088877727143, 48.094647277620311 ], [ -1.629089012838068, 48.094647396070862 ], [ -1.629089151041328, 48.09464751295755 ], [ -1.629089292344796, 48.094647628370261 ], [ -1.629089436598637, 48.09464774213459 ], [ -1.629089583794979, 48.094647854160677 ], [ -1.629089733949564, 48.094647964628201 ], [ -1.629089887038781, 48.094648073267699 ], [ -1.629090042936407, 48.094648180174239 ], [ -1.629090201642441, 48.09464828534783 ], [ -1.629090363149012, 48.094648388698637 ], [ -1.629090527314157, 48.094648490142113 ], [ -1.629090694279841, 48.094648589762805 ], [ -1.62909086362804, 48.094648687396862 ], [ -1.629091035768907, 48.094648783118323 ], [ -1.629091210300159, 48.094648876942998 ], [ -1.629091387206058, 48.094648968691203 ], [ -1.629091752936489, 48.094649151538725 ], [ -1.629096088853144, 48.094651868257586 ], [ -1.62918588457875, 48.094722124347754 ], [ -1.629186741076114, 48.09472282982297 ], [ -1.629188631423749, 48.094724469697645 ], [ -1.629190418784294, 48.094725966151863 ], [ -1.629192244681108, 48.094727441710681 ], [ -1.629194108554199, 48.09472889612568 ], [ -1.629196009812104, 48.094730328789133 ], [ -1.629197947752866, 48.094731739368072 ], [ -1.629199922068947, 48.0947331274239 ], [ -1.629201931908562, 48.094734492449263 ], [ -1.629203976845812, 48.094735834190473 ], [ -1.629206056304972, 48.094737152219452 ], [ -1.629208169568347, 48.094738446023612 ], [ -1.629210315941853, 48.094739715359793 ], [ -1.629212494975985, 48.094740959704829 ], [ -1.629214705842566, 48.094742178820852 ], [ -1.629216947957993, 48.094743372189981 ], [ -1.629219220770151, 48.094744539653618 ], [ -1.629221523427248, 48.094745680704449 ], [ -1.629223855227328, 48.094746795009485 ], [ -1.629226215610403, 48.094747882320299 ], [ -1.629228603732551, 48.094748942219425 ], [ -1.629231019033784, 48.094749974458416 ], [ -1.629233460812144, 48.094750978704319 ], [ -1.629235928105358, 48.094751954724543 ], [ -1.62923842047179, 48.094752902085744 ], [ -1.629240936949163, 48.094753820555354 ], [ -1.629243476709299, 48.094754709895511 ], [ -1.6292460393263, 48.094755569852531 ], [ -1.629248623830019, 48.094756400103989 ], [ -1.629251229400148, 48.09475720050186 ], [ -1.62925372868684, 48.094757933507147 ], [ -1.629253576605268, 48.094757506181814 ], [ -1.629253471843119, 48.094757199677062 ], [ -1.629253252138641, 48.094756530369501 ], [ -1.629253155351323, 48.094756222739896 ], [ -1.629252953189899, 48.094755550939752 ], [ -1.629252864377413, 48.094755242185343 ], [ -1.629252679782653, 48.094754568162095 ], [ -1.629252599094831, 48.094754258457236 ], [ -1.629252431948382, 48.094753582395825 ], [ -1.629252359385225, 48.094753271740529 ], [ -1.629252209971013, 48.094752593810071 ], [ -1.629252145540391, 48.094752282294195 ], [ -1.629252013882028, 48.094751602764191 ], [ -1.629251957465587, 48.094751290572617 ], [ -1.629251843578812, 48.094750609622729 ], [ -1.629251795318516, 48.094750296840054 ], [ -1.629251699084976, 48.0947496146552 ], [ -1.629251659114921, 48.094749301276131 ], [ -1.629251580692318, 48.094748618120569 ], [ -1.629251548894147, 48.094748304330025 ], [ -1.629251488424447, 48.094747620288288 ], [ -1.629251464671938, 48.094747306181418 ], [ -1.629251422052526, 48.0947466216181 ], [ -1.629251406487642, 48.094746307279436 ], [ -1.629251381726389, 48.094745622284364 ], [ -1.629251374491094, 48.094745307798483 ], [ -1.629251367477516, 48.094744622646424 ], [ -1.629251368445586, 48.09474430810841 ], [ -1.629251379329516, 48.094743622973773 ], [ -1.629251388516692, 48.094743308563288 ], [ -1.629251417313869, 48.094742623625713 ], [ -1.62925143472015, 48.094742309342763 ], [ -1.629251481312222, 48.09474162478719 ], [ -1.629251506819253, 48.094741310816708 ], [ -1.629251571371794, 48.094740626997201 ], [ -1.629251605105801, 48.094740313244081 ], [ -1.629251687492585, 48.094739630255745 ], [ -1.629251729350951, 48.094739317084581 ], [ -1.629251829453625, 48.094738635112314 ], [ -1.629251879562578, 48.094738322428022 ], [ -1.629251997412622, 48.094737641831188 ], [ -1.629252055645936, 48.094737329728851 ], [ -1.629252191251219, 48.09473665059727 ], [ -1.629252257624633, 48.094736339256556 ], [ -1.629252411000896, 48.094735661769882 ], [ -1.629252485388187, 48.094735351285877 ], [ -1.629252656417076, 48.094734675629063 ], [ -1.629252738960207, 48.094734366086357 ], [ -1.629252927539107, 48.094733692623961 ], [ -1.629253018103985, 48.094733384027819 ], [ -1.629253224240765, 48.094732712849691 ], [ -1.629253322851, 48.094732405469607 ], [ -1.629253546427308, 48.0947317367607 ], [ -1.629253653075029, 48.094731430506826 ], [ -1.629253894114472, 48.0947307645366 ], [ -1.629254008681328, 48.09473045959389 ], [ -1.629254267065553, 48.094729796547313 ], [ -1.629254389425316, 48.094729493010838 ], [ -1.629254665170065, 48.094728833067549 ], [ -1.6292547954647, 48.094728531021921 ], [ -1.629255088317523, 48.094727874372111 ], [ -1.629255226428677, 48.094727574002221 ], [ -1.629255536397443, 48.094726920735788 ], [ -1.629255682325115, 48.094726622041627 ], [ -1.629256009307212, 48.094725972523108 ], [ -1.629256163059272, 48.094725675594532 ], [ -1.62925650680225, 48.094725030014146 ], [ -1.629256668252475, 48.094724734946269 ], [ -1.629257028772075, 48.094724093483684 ], [ -1.629257197928334, 48.09472380036631 ], [ -1.629257575240297, 48.094723163201181 ], [ -1.629257751976365, 48.094722872129438 ], [ -1.629258145686275, 48.094722239367407 ], [ -1.629258330010025, 48.094721950431101 ], [ -1.62925874028346, 48.094721322426238 ], [ -1.629258931934572, 48.094721035725769 ], [ -1.629259358503341, 48.094720412488613 ], [ -1.629259557757873, 48.094720128103233 ], [ -1.629260000519364, 48.094719509998384 ], [ -1.629260206975033, 48.094719227943934 ], [ -1.629260665810892, 48.09471861515631 ], [ -1.629260879751626, 48.094718335601925 ], [ -1.629261354393665, 48.094717728142072 ], [ -1.629261575559148, 48.094717451188089 ], [ -1.629262066038847, 48.094716849415349 ], [ -1.629262294294983, 48.094716575067068 ], [ -1.629262800352022, 48.094715979081798 ], [ -1.629263035706683, 48.094715707429046 ], [ -1.629263557222709, 48.0947151174162 ], [ -1.62926379955754, 48.094714848643889 ], [ -1.629264336548294, 48.094714264783107 ], [ -1.629264585729201, 48.09471399889653 ], [ -1.62926513780814, 48.09471342138329 ], [ -1.629265393977087, 48.094713158467016 ], [ -1.629265961025858, 48.094712587486278 ], [ -1.629266223922527, 48.094712327640657 ], [ -1.629266805814905, 48.094711763287499 ], [ -1.629267075447167, 48.094711506602387 ], [ -1.629267671930704, 48.094710949067029 ], [ -1.629267948172333, 48.094710695637509 ], [ -1.629268558994582, 48.094710145110149 ], [ -1.629268841845581, 48.09470989493623 ], [ -1.629269467030153, 48.094709351686369 ], [ -1.6292697562302, 48.094709104868429 ], [ -1.629270395508907, 48.094708568906604 ], [ -1.629270691065875, 48.094708325534462 ], [ -1.629271344194138, 48.094707797140721 ], [ -1.629271645981802, 48.094707557309469 ], [ -1.629272312833397, 48.094707036578917 ], [ -1.629272620717664, 48.094706800293871 ], [ -1.629273301040145, 48.094706287416699 ], [ -1.629273615162978, 48.094706054762376 ], [ -1.629274308703896, 48.094705549928797 ], [ -1.629274628670884, 48.094705321010863 ], [ -1.629275335430238, 48.094704824220884 ], [ -1.629275661249253, 48.094704599129173 ], [ -1.62927638072215, 48.09470411076321 ], [ -1.629276712393187, 48.094703889497694 ], [ -1.629277444571758, 48.094703409465922 ], [ -1.629277781834503, 48.094703192127007 ], [ -1.629278526340071, 48.094702720714693 ], [ -1.629278869336489, 48.094702507386948 ], [ -1.629279626050706, 48.094702044779062 ], [ -1.629279974378512, 48.094701835478283 ], [ -1.629280743033187, 48.094701381685354 ], [ -1.629281096700253, 48.094701176501367 ], [ -1.629281877177035, 48.09470073170835 ], [ -1.629282236057137, 48.094700530736283 ], [ -1.629283027969481, 48.09470009513862 ], [ -1.62928339206262, 48.094699898378458 ], [ -1.629284195150211, 48.094699472076556 ], [ -1.629284564196069, 48.094699279628664 ], [ -1.629285378324811, 48.09469886262778 ], [ -1.629285752331257, 48.094698674582006 ], [ -1.629286577256578, 48.094698267162201 ], [ -1.629286955947554, 48.094698083439269 ], [ -1.629287791409132, 48.094697685700893 ], [ -1.62928788538538, 48.094697641803165 ], [ -1.629700129175992, 48.094464685331118 ], [ -1.629604316095157, 48.094392217562067 ], [ -1.629582325631399, 48.094376422245098 ], [ -1.629582213355109, 48.094376346344887 ], [ -1.629581978722204, 48.094376193138046 ], [ -1.629581740010829, 48.094376042525354 ], [ -1.629581497378691, 48.094375894771069 ], [ -1.629581250952007, 48.094375749780042 ], [ -1.629581000612431, 48.094375607737256 ], [ -1.629580746620278, 48.094375468542317 ], [ -1.629580488849324, 48.094375332290305 ], [ -1.629580227701849, 48.094375198965423 ], [ -1.629579962925409, 48.094375068757877 ], [ -1.629579694788191, 48.094374941657115 ], [ -1.629579423282324, 48.094374817573318 ], [ -1.629579148557642, 48.094374696680852 ], [ -1.629578870614146, 48.094374578979753 ], [ -1.629578589593799, 48.094374464554548 ], [ -1.629578305622825, 48.094374353310144 ], [ -1.629578018716966, 48.094374245426202 ], [ -1.629577729002443, 48.094374140807624 ], [ -1.629577436629091, 48.094374039628782 ], [ -1.629577141454948, 48.094373941805138 ], [ -1.629576843756069, 48.09437384741598 ], [ -1.629576543674419, 48.094373756545835 ], [ -1.629576241202127, 48.094373669104904 ], [ -1.629575936347065, 48.094373585183007 ], [ -1.629575629385289, 48.094373504859412 ], [ -1.629575320308929, 48.094373428044307 ], [ -1.62957500926782, 48.094373354912101 ], [ -1.62957469624622, 48.094373285283105 ], [ -1.629574381535928, 48.094373219416248 ], [ -1.62957406498711, 48.094373157137177 ], [ -1.629573746875822, 48.094373098525153 ], [ -1.629573427209936, 48.094373043670032 ], [ -1.629573106257638, 48.094372992561254 ], [ -1.629572783876965, 48.094372945114259 ], [ -1.629572460351842, 48.094372901498154 ], [ -1.629572135674402, 48.094372861623128 ], [ -1.629571809978736, 48.094372825483902 ], [ -1.629571483272715, 48.09437279317028 ], [ -1.629571155824526, 48.094372764671775 ], [ -1.629570827768264, 48.094372739983079 ], [ -1.629570498969833, 48.094372719109437 ], [ -1.629570169697421, 48.094372702040339 ], [ -1.629569840092991, 48.094372688860346 ], [ -1.629569510148674, 48.094372679479626 ], [ -1.629569179998561, 48.094372673892892 ], [ -1.629568849650524, 48.094372672189976 ], [ -1.62956851937275, 48.094372674360329 ], [ -1.629568189291461, 48.094372680308858 ], [ -1.629567859288305, 48.09437269022051 ], [ -1.629567529741949, 48.094372703809938 ], [ -1.629567200541914, 48.094372721351931 ], [ -1.62956687180655, 48.094372742661555 ], [ -1.629566543811916, 48.094372767818086 ], [ -1.629566216416043, 48.09437279673697 ], [ -1.629565889894995, 48.094372829497502 ], [ -1.629565564382862, 48.094372866094403 ], [ -1.629565239729808, 48.094372906353271 ], [ -1.629564916361727, 48.09437295052782 ], [ -1.629564594120915, 48.094372998353769 ], [ -1.629564273283425, 48.094373049910438 ], [ -1.629563953849259, 48.094373105197839 ], [ -1.629563635818418, 48.094373164215938 ], [ -1.62956331958531, 48.094373226859119 ], [ -1.629563005023712, 48.094373293222489 ], [ -1.629562692259848, 48.094373363210892 ], [ -1.629562381427811, 48.094373436819112 ], [ -1.629562072527599, 48.094373514047106 ], [ -1.62956176581953, 48.094373594794554 ], [ -1.629561461311473, 48.094373679151218 ], [ -1.629561159121782, 48.094373766932215 ], [ -1.629560859266194, 48.094373858317176 ], [ -1.629560561855194, 48.094373953031344 ], [ -1.629560267038618, 48.094374051249147 ], [ -1.629559974942685, 48.094374152875417 ], [ -1.629559685559525, 48.094374257820355 ], [ -1.629559398889139, 48.094374366083954 ], [ -1.629559115341676, 48.094374477740246 ], [ -1.629558834625338, 48.094374592530258 ], [ -1.629558557158148, 48.094374710617842 ], [ -1.62955828279814, 48.094374831918465 ], [ -1.629558011671536, 48.094374956336964 ], [ -1.629557743912429, 48.09437508386813 ], [ -1.629557500930263, 48.094375203934881 ] ], [ [ -1.629948015405129, 48.094652171817188 ], [ -1.629735764550092, 48.094491637988 ], [ -1.629321522049934, 48.094725723844071 ], [ -1.629319379944419, 48.094726816111525 ], [ -1.629318727215429, 48.094727115623279 ], [ -1.629318272928931, 48.094727331884783 ], [ -1.629317824478433, 48.094727553325242 ], [ -1.6293173820059, 48.09472778002921 ], [ -1.62931694548772, 48.094728011727206 ], [ -1.629316515065858, 48.094728248503777 ], [ -1.629316090992759, 48.094728490168713 ], [ -1.629315673402519, 48.094728736716753 ], [ -1.62931526228727, 48.094728988058073 ], [ -1.629314857907325, 48.094729244092257 ], [ -1.629314460262688, 48.094729504819355 ], [ -1.629314069605804, 48.094729770049128 ], [ -1.629313685928804, 48.094730039691754 ], [ -1.629313309373653, 48.094730313831796 ], [ -1.629312940050832, 48.094730592194495 ], [ -1.629312578102307, 48.094730874864396 ], [ -1.629312223638561, 48.094731161566727 ], [ -1.629311876801558, 48.094731452386064 ], [ -1.629311537575559, 48.094731747142745 ], [ -1.629311206220879, 48.094732045736393 ], [ -1.629310882729649, 48.094732348077152 ], [ -1.62931056710187, 48.09473265416505 ], [ -1.629310259724082, 48.094732963804596 ], [ -1.629309960320227, 48.094733276916507 ], [ -1.629309669292589, 48.094733593484975 ], [ -1.62930938649133, 48.094733913335588 ], [ -1.629309112176772, 48.094734236367998 ], [ -1.629308846341041, 48.094734562492341 ], [ -1.629308589118233, 48.094734891703382 ], [ -1.629308340618831, 48.094735223726332 ], [ -1.62930810070874, 48.094735558566448 ], [ -1.62930786965615, 48.09473589621323 ], [ -1.629307647429577, 48.094736236307327 ], [ -1.629307434178859, 48.094736579023113 ], [ -1.629307229880383, 48.094736924091137 ], [ -1.629307034534148, 48.094737271511363 ], [ -1.629306848392605, 48.0947376210936 ], [ -1.629306671440012, 48.094737972658173 ], [ -1.629306503684237, 48.094738326294923 ], [ -1.629306345243636, 48.094738681818917 ], [ -1.629306195968373, 48.09473903905576 ], [ -1.629306056126637, 48.094739397994914 ], [ -1.629305925702687, 48.094739758456711 ], [ -1.629305804688653, 48.094740120351325 ], [ -1.629305693076665, 48.094740483588943 ], [ -1.629305590992946, 48.094740848074402 ], [ -1.62930549856372, 48.094741213712666 ], [ -1.629305415497187, 48.094741580244737 ], [ -1.629305342069409, 48.094741947749945 ], [ -1.629305278264641, 48.094742316048588 ], [ -1.629305224201239, 48.094742684955762 ], [ -1.629305179611013, 48.094743054481988 ], [ -1.629305144612319, 48.094743424442349 ], [ -1.629305119473343, 48.0947437948263 ], [ -1.629305103902286, 48.094744165374877 ], [ -1.629305097891279, 48.094744535998267 ], [ -1.629305101708509, 48.094744906685897 ], [ -1.629305115070047, 48.094745277268693 ], [ -1.629305138102119, 48.094745647651528 ], [ -1.629305170930946, 48.09474601773929 ], [ -1.629305213272602, 48.094746387362882 ], [ -1.6293052653874, 48.094746756421905 ], [ -1.629305317741672, 48.094747069854861 ], [ -1.629305453967349, 48.094747015191722 ], [ -1.629305856538117, 48.094746856760644 ], [ -1.629306218514405, 48.094746717232702 ], [ -1.629306625130721, 48.094746563510128 ], [ -1.629306990703053, 48.094746428167497 ], [ -1.629307401112474, 48.094746279343667 ], [ -1.629307770146757, 48.09474614819166 ], [ -1.62930818434141, 48.094746004176713 ], [ -1.629308556719291, 48.094745877400264 ], [ -1.629308974565082, 48.094745738199478 ], [ -1.629309350144595, 48.094745615713997 ], [ -1.629309771515303, 48.094745481422478 ], [ -1.629310150312188, 48.094745363407675 ], [ -1.629310575065845, 48.094745233940849 ], [ -1.629310956804048, 48.094745120317413 ], [ -1.629311384830171, 48.094744995950052 ], [ -1.629311769517559, 48.09474488680781 ], [ -1.629312200666316, 48.094744767365533 ], [ -1.629312588168795, 48.094744662709765 ], [ -1.629313022313959, 48.094744548287679 ], [ -1.629313412363343, 48.094744448128928 ], [ -1.629313849378692, 48.09474433882211 ], [ -1.629314242116945, 48.094744243244961 ], [ -1.629314681868385, 48.094744139058697 ], [ -1.629315077019445, 48.094744047983809 ], [ -1.629315519372883, 48.094743948923401 ], [ -1.629315916684305, 48.094743862540994 ], [ -1.629316361505645, 48.094743768611686 ], [ -1.629316761237747, 48.094743686821424 ], [ -1.629317208400768, 48.09474359811832 ], [ -1.629317610025043, 48.094743521031091 ], [ -1.629318059395649, 48.094743437559451 ], [ -1.629318463038321, 48.094743365080163 ], [ -1.629318914482418, 48.094743286845279 ], [ -1.629319319883171, 48.094743219074317 ], [ -1.629319773274534, 48.094743146171297 ], [ -1.629320180433368, 48.094743083108632 ], [ -1.629320635630035, 48.094743015452913 ], [ -1.629321044412852, 48.094742957103826 ], [ -1.629321501280729, 48.094742894700694 ], [ -1.629321911427214, 48.094742841165576 ], [ -1.629322369840077, 48.094742784110075 ], [ -1.62932278135023, 48.094742735388927 ], [ -1.629323241173983, 48.094742683686412 ], [ -1.629323653905841, 48.094742639694644 ], [ -1.629324114872297, 48.094742593355612 ], [ -1.629324528699635, 48.094742554188365 ], [ -1.629324990942888, 48.094742513207542 ], [ -1.629325405731612, 48.094742478870074 ], [ -1.629325868849381, 48.094742443263307 ], [ -1.629326182426907, 48.094742420927922 ], [ -1.629913824110544, 48.094665179034223 ], [ -1.629945830606232, 48.094660971975422 ], [ -1.629945975051822, 48.094660820718232 ], [ -1.629946127261614, 48.094660655183901 ], [ -1.629946275149188, 48.09466048792661 ], [ -1.629946418580447, 48.094660318951632 ], [ -1.629946557571133, 48.094660148438571 ], [ -1.629946692121252, 48.09465997638749 ], [ -1.629946822096705, 48.094659802803633 ], [ -1.629946947505365, 48.094659627776835 ], [ -1.629947068355104, 48.094659451396936 ], [ -1.629947184645921, 48.094659273663929 ], [ -1.629947296243723, 48.094659094583079 ], [ -1.62994740303016, 48.094658914339327 ], [ -1.629947505265548, 48.094658732832308 ], [ -1.629947602563345, 48.094658550257485 ], [ -1.629947695325838, 48.094658366599049 ], [ -1.629947783158613, 48.094658181962657 ], [ -1.629947866053802, 48.094657996258469 ], [ -1.629947944303204, 48.094657809745428 ], [ -1.629948017496668, 48.094657622349516 ], [ -1.62994808591025, 48.094657434150051 ], [ -1.629948149409862, 48.094657245152263 ], [ -1.629948208011241, 48.094657055535819 ], [ -1.629948261580299, 48.094656865306042 ], [ -1.629948310251126, 48.09465667445761 ], [ -1.6299483538975, 48.094656483085643 ], [ -1.629948392653516, 48.094656291184855 ], [ -1.6299484262746, 48.094656099035305 ], [ -1.6299484550132, 48.094655906446768 ], [ -1.629948478743089, 48.094655713514364 ], [ -1.629948497345919, 48.094655520423025 ], [ -1.629948511082006, 48.094655327072367 ], [ -1.629948519698906, 48.09465513365258 ], [ -1.629948523196616, 48.094654940163714 ], [ -1.6299485218512, 48.094654746685016 ], [ -1.629948515260373, 48.094654553232303 ], [ -1.629948503826417, 48.094654359789779 ], [ -1.62994848730476, 48.094654166637469 ], [ -1.629948465679659, 48.094653973595697 ], [ -1.629948439108822, 48.094653780928702 ], [ -1.629948407584379, 48.094653588546642 ], [ -1.629948370980105, 48.094653396544651 ], [ -1.629948329430098, 48.094653204917407 ], [ -1.629948282950097, 48.094653013844621 ], [ -1.629948231406011, 48.094652823331536 ], [ -1.629948174939805, 48.094652633462722 ], [ -1.629948113543606, 48.094652444148316 ], [ -1.62994804724103, 48.094652255657856 ], [ -1.629948015405129, 48.094652171817188 ] ] ] ] } }
]
}
